amenity,name,geometry,icon,color
bar,The Elephant Room,POINT (-97.7434984 30.2656227),beer,green
theatre,The Hideout Theater,POINT (-97.7422257 30.2685706),film,red
cafe,Starbucks,POINT (-97.7429695 30.2682668),coffee,green
cafe,Starbucks,POINT (-97.7411784 30.271876),coffee,green
place_of_worship,San Jose Church,POINT (-97.763337 30.2420102),institution,orange
place_of_worship,"St. Ignatius, Martyr",POINT (-97.7549513 30.2401193),institution,orange
place_of_worship,Friendship Church,POINT (-97.9544524 30.1590983),institution,orange
place_of_worship,Saint Marys Church,POINT (-97.6244443 30.0663274),institution,orange
place_of_worship,Oak Grove Church,POINT (-97.7941756 30.4196462),institution,orange
place_of_worship,Richland Church,POINT (-97.5338904 30.4229822),institution,orange
place_of_worship,Swanson Grove Church,POINT (-97.5063906 30.4988129),institution,orange
place_of_worship,Mimosa Place Church,POINT (-97.8061167 30.2021544),institution,orange
place_of_worship,Blessed Juan Diego Catholic Church,POINT (-97.5613878 30.134659),institution,orange
place_of_worship,Hays Hill Baptist Church,POINT (-97.8739101 30.1177511),institution,orange
place_of_worship,Rolling Hills Community Church,POINT (-97.9786251 30.4563089),institution,orange
place_of_worship,Grace United Methodist Church,POINT (-97.7496071 30.2482413),institution,orange
place_of_worship,Trinity United Methodist Church,POINT (-97.7197337 30.3129801),institution,orange
place_of_worship,The Church of Jesus Christ of Latter-day Saints,POINT (-97.5958332 30.1396585),institution,orange
place_of_worship,Hope Presbyterian Church,POINT (-97.8060409 30.4452533),institution,orange
place_of_worship,South Austin Seventh Day Adventist Church,POINT (-97.7784798 30.1976877),institution,orange
place_of_worship,The Unitarian Universalist Fellowship Church of Austin,POINT (-97.7777831 30.2213209),institution,orange
place_of_worship,Community Church of God,POINT (-97.7322307 30.3049255),institution,orange
place_of_worship,Fellowship of the Hills Church,POINT (-97.9286194 30.2318739),institution,orange
place_of_worship,Global Missions Fellowship Church,POINT (-97.8446494 30.2371361),institution,orange
place_of_worship,Imani Community Church,POINT (-97.8002864 30.3960359),institution,orange
place_of_worship,Fairview Church of Christ,POINT (-97.7750641 30.2097437),institution,orange
place_of_worship,North Loop Church of Christ,POINT (-97.734179 30.3235382),institution,orange
place_of_worship,United Church of God in Christ,POINT (-97.7016715 30.2279883),institution,orange
place_of_worship,South Austin Church of the Nazarene,POINT (-97.8061536 30.2049579),institution,orange
place_of_worship,Holy Trinity Episcopal Church,POINT (-97.7350046 30.2393764),institution,orange
place_of_worship,Decker United Methodist Church,POINT (-97.6167567 30.3097753),institution,orange
place_of_worship,Saint Olives Missionary Baptist Church,POINT (-97.7422299 30.3140915),institution,orange
place_of_worship,Scenic Hills Baptist Church,POINT (-97.9108414 30.2360406),institution,orange
place_of_worship,Sky View Baptist Church,POINT (-97.7213988 30.3229825),institution,orange
place_of_worship,South First Baptist Church,POINT (-97.7678678 30.2293763),institution,orange
place_of_worship,Southeast Baptist Church,POINT (-97.6947241 30.1018813),institution,orange
place_of_worship,Grace Fellowship Church Lago Vista,POINT (-97.9830458 30.4339482),institution,orange
place_of_worship,True Light Missionary Baptist Church,POINT (-97.6803237 30.2766628),institution,orange
place_of_worship,Holy Name of Mary Church,POINT (-97.7591119 30.247163),institution,orange
place_of_worship,Greater Galilee Baptist Church,POINT (-97.6804636 30.2767848),institution,orange
place_of_worship,Christ Apostolic Church,POINT (-97.6659846 30.3097016),institution,orange
place_of_worship,New Life Assembly of God Church,POINT (-97.7950924 30.1866916),institution,orange
place_of_worship,First Independent Baptist Church,POINT (-97.7688935 30.1732671),institution,orange
place_of_worship,Fitzhugh Baptist Church,POINT (-97.9725091 30.2302066),institution,orange
place_of_worship,Friendly Will Baptist Church,POINT (-97.7547274 30.2452093),institution,orange
place_of_worship,Goodwill Baptist Church,POINT (-97.7532294 30.2474243),institution,orange
place_of_worship,The Church Fellowship - Forest Creek,POINT (-97.6316722 30.4963116),institution,orange
place_of_worship,First Spiritualist Church,POINT (-97.7316642 30.3059703),institution,orange
place_of_worship,I Am Sanctuary and Reading Room,POINT (-97.7431171 30.3304457),institution,orange
place_of_worship,Lake Hills Congregational Church,POINT (-97.9044797 30.2580232),institution,orange
place_of_worship,Metropolitan Community Church of Austin,POINT (-97.7977573 30.176552),institution,orange
place_of_worship,Templo Monte Horeb Asamblea de Dios,POINT (-97.7828921 30.1990844),institution,orange
place_of_worship,New Bethel African Methodist Episcopal Church,POINT (-97.8330504 30.1512179),institution,orange
place_of_worship,Oak Meadow Baptist Church,POINT (-97.7680366 30.2286831),institution,orange
place_of_worship,Saint John's Presbyterian Church,POINT (-97.8471481 30.14424),institution,orange
place_of_worship,Saint John's United Methodist Church,POINT (-97.7413899 30.3354061),institution,orange
place_of_worship,Saint Philip Episcopal Church,POINT (-97.833208 30.1528278),institution,orange
place_of_worship,Teri Road Baptist Church,POINT (-97.7547832 30.2041056),institution,orange
place_of_worship,Trinity Baptist Church,POINT (-97.7333379 30.3255534),institution,orange
place_of_worship,Triumphant Love Lutheran Church,POINT (-97.7558381 30.3945438),institution,orange
place_of_worship,Agape Christian Ministries,POINT (-97.7717561 30.2227791),institution,orange
place_of_worship,Austin Christian Tabernacle,POINT (-97.7736105 30.2207683),institution,orange
place_of_worship,Bethany United Methodist Church,POINT (-97.7993011 30.4476034),institution,orange
place_of_worship,Cameron Grove Baptist Church,POINT (-97.7349858 30.3221602),institution,orange
place_of_worship,Church in Austin,POINT (-97.7807877 30.1789628),institution,orange
place_of_worship,Church of Christ of South Austin,POINT (-97.791389 30.1943031),institution,orange
place_of_worship,Community of Christ Church,POINT (-97.7756575 30.2498927),institution,orange
place_of_worship,Dayspring Chapel,POINT (-97.71909 30.3197152),institution,orange
place_of_worship,El Buen Samaritano Episcopal Mission,POINT (-97.80219 30.1992998),institution,orange
place_of_worship,Fairview Family Center,POINT (-97.7753213 30.2099204),institution,orange
restaurant,La Palapa,POINT (-97.6932173 30.3221769),cutlery,green
restaurant,Pappasitos,POINT (-97.704881 30.3269188),cutlery,green
library,Texas State Law Library,POINT (-97.741983 30.2762364),book,orange
restaurant,Chinatown,POINT (-97.7473599 30.3565687),cutlery,green
pub,Deep Eddy Cabaret,POINT (-97.772558 30.277787),beer,green
restaurant,Mangia Pizza,POINT (-97.7729085 30.2778528),cutlery,green
restaurant,Galaxy Cafe,POINT (-97.7600581 30.2794133),cutlery,green
restaurant,Hyde Park Bar & Grill,POINT (-97.8001648 30.2316672),cutlery,green
restaurant,Sap's Fine Thai Cuisine,POINT (-97.8008555 30.2314518),cutlery,green
cafe,Starbucks,POINT (-97.878822 30.2026426),coffee,green
cafe,Starbucks,POINT (-97.7263957 30.4019908),coffee,green
restaurant,Mexican grille,POINT (-97.6089675 30.4433175),cutlery,green
cafe,Upper Crust Bakery,POINT (-97.7416401 30.3158003),coffee,green
cafe,Pacha,POINT (-97.7406015 30.3173785),coffee,green
restaurant,Blue Star Cafeteria,POINT (-97.7397518 30.3185788),cutlery,green
restaurant,Gusto Italian Kitchen,POINT (-97.7399664 30.3183417),cutlery,green
restaurant,The Omelettry,POINT (-97.7154666 30.3067572),cutlery,green
restaurant,Maru Japanese,POINT (-97.7402411 30.3179119),cutlery,green
pub,Billy's on Burnet Road,POINT (-97.7395201 30.3219573),beer,green
restaurant,Fonda San Miguel,POINT (-97.7433739 30.3255061),cutlery,green
restaurant,Sap's Fine Thai Cuisine,POINT (-97.7409207 30.333489),cutlery,green
restaurant,Taqueria Guadalajara Arandas,POINT (-97.7391639 30.341561),cutlery,green
bar,The Aristocrat,POINT (-97.73864 30.3402379),beer,green
bar,Lala's,POINT (-97.736413 30.3446186),beer,green
restaurant,El Mercado,POINT (-97.7350998 30.3502257),cutlery,green
restaurant,Madam Mam's,POINT (-97.7345247 30.3595133),cutlery,green
restaurant,Zen Japanese Food Fast,POINT (-97.7373039 30.360294),cutlery,green
cafe,Genuine Joe Coffeehouse,POINT (-97.7272892 30.3540549),coffee,green
restaurant,EZ's Brick Oven & Grill,POINT (-97.7419161 30.307639),cutlery,green
restaurant,Banzai Sushi & Grill,POINT (-97.7421749 30.3073735),cutlery,green
restaurant,Oakmont Food Company,POINT (-97.7442691 30.3059582),cutlery,green
cafe,Teo's Gelato and Espresso,POINT (-97.7451642 30.3065679),coffee,green
restaurant,Kerbey Lane Cafe,POINT (-97.7504833 30.3080182),cutlery,green
cafe,Russell's Bakery,POINT (-97.7601993 30.3327051),coffee,green
restaurant,Chez Zee,POINT (-97.7579163 30.3367185),cutlery,green
place_of_worship,Trinity Lutheran Church,POINT (-97.7404766 30.3145527),institution,orange
restaurant,Sip Pho,POINT (-97.7423368 30.2954158),cutlery,green
restaurant,Conan's Pizza,POINT (-97.7432724 30.2953787),cutlery,green
restaurant,Cabo Bob's,POINT (-97.7441221 30.2957196),cutlery,green
cafe,Ken's Donuts,POINT (-97.742826 30.2948674),coffee,green
restaurant,Trudy's Texas Star,POINT (-97.7409556 30.2958121),cutlery,green
cafe,La Tazza Fresca,POINT (-97.7386124 30.3016888),coffee,green
bar,Back,POINT (-97.7393505 30.3018518),beer,green
restaurant,NXNW North By Northwest,POINT (-97.7384912 30.3911344),cutlery,green
restaurant,Asia Cafe Sichuan,POINT (-97.7714511 30.4324425),cutlery,green
restaurant,The Cheesecake Factory,POINT (-97.7475971 30.3909012),cutlery,green
cafe,Chuck's Deli,POINT (-97.832796 30.141679),coffee,green
restaurant,Maudies Hacienda,POINT (-97.8476351 30.1832042),cutlery,green
restaurant,Galaxy Cafe,POINT (-97.8480556 30.1833377),cutlery,green
restaurant,Brick Oven,POINT (-97.848253 30.1835009),cutlery,green
restaurant,Tino's Greek Cafe,POINT (-97.8475149 30.1847771),cutlery,green
restaurant,Wok On Fire,POINT (-97.8472917 30.1851332),cutlery,green
cafe,Texenza Coffie,POINT (-97.8471973 30.1852296),coffee,green
cafe,Epoch Coffee,POINT (-97.7245043 30.3185317),coffee,green
restaurant,Casa Maria's,POINT (-97.772538 30.221089),cutlery,green
cafe,Starbucks,POINT (-97.7525341 30.394918),coffee,green
restaurant,la Madeleine,POINT (-97.7472319 30.3957428),cutlery,green
restaurant,Twin Lion,POINT (-97.748023 30.4001039),cutlery,green
restaurant,Brick Oven,POINT (-97.7490667 30.3988329),cutlery,green
restaurant,Modern Market,POINT (-97.7493683 30.3950396),cutlery,green
restaurant,Trento Restaurant,POINT (-97.8072898 30.3352645),cutlery,green
restaurant,Casa Alde Cafe,POINT (-97.8435057 30.0811794),cutlery,green
restaurant,Gary's Grill,POINT (-97.5849554 30.1100218),cutlery,green
restaurant,Las Flores,POINT (-97.5021607 30.0859914),cutlery,green
cafe,Starbucks,POINT (-97.7324514 30.2846841),coffee,green
pub,Posse East,POINT (-97.7346937 30.291373),beer,green
bar,Latchkey,POINT (-97.7286588 30.2640071),beer,green
restaurant,Mr. Catfish,POINT (-97.6907978 30.2723506),cutlery,green
restaurant,Kobe Japanese Steakhouse,POINT (-97.7920347 30.4491846),cutlery,green
restaurant,Jardin Corona Mexican Food,POINT (-97.7793674 30.4463358),cutlery,green
pub,Water Tank,POINT (-97.766952 30.4350154),beer,green
restaurant,Mi Madre's,POINT (-97.7189427 30.2841763),cutlery,green
restaurant,Michi Ramen,POINT (-97.8101558 30.4473236),cutlery,green
cafe,Big City Bagels & Subs,POINT (-97.8064641 30.4463352),coffee,green
restaurant,El Rincon,POINT (-97.6193236 30.4395219),cutlery,green
restaurant,WhipIn,POINT (-97.7394025 30.2381148),cutlery,green
bar,The Highball,POINT (-97.7631528 30.2561493),beer,green
restaurant,Masa y Mas,POINT (-97.7663914 30.2496256),cutlery,green
restaurant,Sazon,POINT (-97.7670565 30.2499685),cutlery,green
cafe,Picnik,POINT (-97.7657583 30.2512104),coffee,green
pub,Black Sheep Lodge,POINT (-97.7711334 30.2483397),beer,green
restaurant,Chinatown,POINT (-97.7833214 30.2415436),cutlery,green
pub,Kelly's Irish Pub,POINT (-97.7589557 30.2414134),beer,green
restaurant,Curra's Grill,POINT (-97.7494097 30.237152),cutlery,green
restaurant,The Greek Bar,POINT (-97.7496672 30.2371474),cutlery,green
restaurant,888 Pan Asian Restaurant,POINT (-97.7299369 30.2297317),cutlery,green
restaurant,Thai Fresh,POINT (-97.7617143 30.2479434),cutlery,green
restaurant,Soup Peddler,POINT (-97.7560714 30.2461944),cutlery,green
restaurant,Polvo's,POINT (-97.7574567 30.245295),cutlery,green
cafe,Starbucks,POINT (-97.7635967 30.252259),coffee,green
cafe,Bennu Coffee Shop,POINT (-97.7462026 30.2561056),coffee,green
restaurant,Perla's,POINT (-97.7500381 30.2499704),cutlery,green
cafe,Fair Bean Coffee,POINT (-97.7583643 30.2439425),coffee,green
restaurant,Lenoir,POINT (-97.7558981 30.246897),cutlery,green
restaurant,June's All Day,POINT (-97.7511384 30.2463014),cutlery,green
restaurant,Woodland,POINT (-97.7510901 30.2464589),cutlery,green
restaurant,Vespaio,POINT (-97.7506887 30.2479272),cutlery,green
cafe,Bouldin Creek Coffee House,POINT (-97.7566288 30.246512),coffee,green
restaurant,El Mercado,POINT (-97.7545812 30.2513434),cutlery,green
cafe,Once Over Coffee Bar,POINT (-97.7569898 30.2448093),coffee,green
restaurant,Little Mexico,POINT (-97.758921 30.2430066),cutlery,green
restaurant,Taqueria Arandas,POINT (-97.7609112 30.2406153),cutlery,green
cafe,Summermoon Coffee Bar,POINT (-97.7648433 30.2332092),coffee,green
pub,Opal Devine's,POINT (-97.7418028 30.2350713),beer,green
restaurant,El Borrego de Oro,POINT (-97.7634777 30.2242708),cutlery,green
restaurant,24 Diner,POINT (-97.7541298 30.2720726),cutlery,green
restaurant,Jeffrey's,POINT (-97.7591677 30.2804408),cutlery,green
restaurant,La Madelaine,POINT (-97.819725 30.2296069),cutlery,green
restaurant,Waterloo Ice House,POINT (-97.7893031 30.3608463),cutlery,green
restaurant,Oasis,POINT (-97.874321 30.405535),cutlery,green
restaurant,Technique,POINT (-97.721438 30.4008138),cutlery,green
restaurant,urban,POINT (-97.7244842 30.3994579),cutlery,green
restaurant,Maggiano's Little Italy,POINT (-97.7269507 30.3950453),cutlery,green
cafe,Yogurt Planet,POINT (-97.7275003 30.3959033),coffee,green
restaurant,Gloria's Latin Cuisine,POINT (-97.726048 30.4001775),cutlery,green
restaurant,Grand Lux Café,POINT (-97.726251 30.4024976),cutlery,green
restaurant,Dave & Buster's,POINT (-97.7374699 30.3833253),cutlery,green
restaurant,Jason's Deli,POINT (-97.7444977 30.3947997),cutlery,green
restaurant,Daily Grill,POINT (-97.7258494 30.4027966),cutlery,green
restaurant,Fleming's Prime Steakhouse and Wine Bar,POINT (-97.7256032 30.4031449),cutlery,green
restaurant,True Food Kitchen,POINT (-97.7266136 30.4021757),cutlery,green
restaurant,Asti,POINT (-97.7262204 30.3048563),cutlery,green
bar,CRÚ Food & Wine Bar,POINT (-97.726483 30.4020606),beer,green
bar,Detour,POINT (-97.7195839 30.3961623),beer,green
restaurant,Honest Mary's,POINT (-97.7484716 30.3950774),cutlery,green
cafe,FireBowlCafe,POINT (-97.7493734 30.3952181),coffee,green
restaurant,Gatti's Pizza,POINT (-97.746813 30.3998084),cutlery,green
restaurant,Fujiyama,POINT (-97.7485126 30.3999414),cutlery,green
cafe,Yogertz,POINT (-97.7491029 30.3987013),coffee,green
cafe,Great Harvest Bread Co.,POINT (-97.7483653 30.3999342),coffee,green
cafe,Cafe Java,POINT (-97.7041809 30.4001004),coffee,green
bar,Canary Roost Karaoke Bar,POINT (-97.7039615 30.4004847),beer,green
cafe,sodade,POINT (-97.7134001 30.4075615),coffee,green
cafe,Summer Moon Coffee Bar,POINT (-97.7202436 30.394281),coffee,green
restaurant,RedBrick Pizza,POINT (-97.7324885 30.3895722),cutlery,green
restaurant,Salata,POINT (-97.7329038 30.3888001),cutlery,green
cafe,Tinos Greek Cafe,POINT (-97.731603 30.3918238),coffee,green
restaurant,Southside Market & Barbeque,POINT (-97.7333692 30.3894932),cutlery,green
cafe,Flightpath Coffee House,POINT (-97.7199873 30.3138337),coffee,green
restaurant,Vazquez Mexican Restaurant,POINT (-97.672927 30.3753784),cutlery,green
restaurant,Pizza Hut,POINT (-97.6717349 30.3745401),cutlery,green
restaurant,Los Potrillos,POINT (-97.6900028 30.3568054),cutlery,green
restaurant,Denny's,POINT (-97.7052248 30.3325149),cutlery,green
restaurant,Keto Kitchen,POINT (-97.7083756 30.3161337),cutlery,green
restaurant,Hornitos,POINT (-97.7205415 30.294193),cutlery,green
restaurant,Star Seeds Cafe,POINT (-97.7230412 30.2886161),cutlery,green
restaurant,Dong Nai,POINT (-97.7930115 30.23371),cutlery,green
restaurant,China Family,POINT (-97.7165374 30.3340239),cutlery,green
restaurant,Tandoori Bistro,POINT (-97.7406066 30.2325951),cutlery,green
restaurant,Java Noodles,POINT (-97.7293306 30.2294109),cutlery,green
restaurant,Korea House,POINT (-97.7339922 30.3593073),cutlery,green
restaurant,Tien Jin Chinese Restaurant,POINT (-97.8026944 30.2307782),cutlery,green
restaurant,III Forks,POINT (-97.746747 30.264198),cutlery,green
restaurant,Sushi Hi,POINT (-97.7154058 30.3618059),cutlery,green
restaurant,Din Ho Chinese BBQ,POINT (-97.7156632 30.3610907),cutlery,green
restaurant,El Gallo Mexican Restaurant,POINT (-97.7586735 30.2331421),cutlery,green
pub,Moonshine Comfort & Cocktails,POINT (-97.7380295 30.2637792),beer,green
bar,Green Jay,POINT (-97.7365068 30.267755),beer,green
bar,Red Eyed Fly,POINT (-97.7364445 30.26794),beer,green
restaurant,Jaimes Spanish Village,POINT (-97.7365652 30.2687136),cutlery,green
restaurant,Hoek's Pizza,POINT (-97.7378522 30.2665547),cutlery,green
bar,Dirty Dog Bar,POINT (-97.7379787 30.2665898),beer,green
bar,Pete's Dueling Piano Bar,POINT (-97.7385615 30.266712),beer,green
restaurant,Roppolo's Pizza,POINT (-97.7386841 30.2670389),cutlery,green
bar,Mooseknuckle,POINT (-97.7389289 30.2671072),beer,green
restaurant,Iron Cactus,POINT (-97.7394843 30.2672622),cutlery,green
bar,Blind Pig,POINT (-97.73981 30.2670792),beer,green
bar,Shakespeare's,POINT (-97.739796 30.2673492),beer,green
restaurant,Old Pecan Street Cafe,POINT (-97.7399087 30.2673807),cutlery,green
bar,311,POINT (-97.74004 30.2670807),beer,green
bar,Vice,POINT (-97.7401125 30.2674486),beer,green
restaurant,Bikinis Sports Bar & Grill,POINT (-97.7406574 30.2675896),cutlery,green
bar,Darwin's,POINT (-97.7405942 30.267299),beer,green
bar,Soho,POINT (-97.7407594 30.2672482),beer,green
bar,Chuggin' Monkey,POINT (-97.7407252 30.2671957),beer,green
restaurant,Happy Chicks,POINT (-97.7407745 30.2676222),cutlery,green
restaurant,Marisco Grill,POINT (-97.7409874 30.2673138),cutlery,green
bar,Buffalo Billiards,POINT (-97.7412007 30.2674314),beer,green
bar,B. D. Riley's Irish Pub & Restaurant,POINT (-97.7411179 30.2677181),beer,green
restaurant,Eureka,POINT (-97.741256 30.267757),cutlery,green
bar,The Iron Bear,POINT (-97.7454056 30.2686438),beer,green
restaurant,Belmont,POINT (-97.7454947 30.2686611),cutlery,green
bar,Donn's Depot,POINT (-97.7634339 30.27407),beer,green
restaurant,Juanita's Tacos,POINT (-97.7577953 30.2717214),cutlery,green
restaurant,Corazon,POINT (-97.7563315 30.2708184),cutlery,green
cafe,Starbucks,POINT (-97.7540185 30.2699007),coffee,green
bar,Tinest Bar in Texas,POINT (-97.7530788 30.2695924),beer,green
bar,Lucky Lounge,POINT (-97.7453298 30.2674644),beer,green
bar,Basecamp,POINT (-97.7439557 30.2675086),beer,green
bar,Shiner's Saloon,POINT (-97.7434785 30.2669237),beer,green
bar,Lanai,POINT (-97.7435033 30.2670626),beer,green
bar,Canvas,POINT (-97.7422828 30.2667198),beer,green
bar,HandleBar,POINT (-97.7420908 30.2665872),beer,green
restaurant,Eddie V's,POINT (-97.7405459 30.2662223),cutlery,green
bar,Ego's,POINT (-97.7474697 30.2565437),beer,green
restaurant,El Flaco Cafe,POINT (-97.7622847 30.2266199),cutlery,green
bar,Stompin' Grounds Lounge,POINT (-97.7615678 30.2268623),beer,green
cafe,Revolución Coffee + Juice,POINT (-97.7413623 30.2643747),coffee,green
restaurant,Maiko Sushi,POINT (-97.7414463 30.2641473),cutlery,green
restaurant,Gus' Fried Chicken,POINT (-97.741701 30.26347),cutlery,green
cafe,Le Café Crêpe,POINT (-97.7418971 30.2638474),coffee,green
cafe,Fete Accompli,POINT (-97.7507791 30.2765454),coffee,green
restaurant,House Park Bar-B-Que,POINT (-97.750411 30.2767346),cutlery,green
restaurant,Perry's Steakhouse,POINT (-97.7435164 30.2694661),cutlery,green
restaurant,Quattro Gatti Ristorante,POINT (-97.7418546 30.271294),cutlery,green
restaurant,Roaring Fork,POINT (-97.7421993 30.2690633),cutlery,green
bar,Sky Lounge,POINT (-97.7436233 30.2670536),beer,green
restaurant,Congress Avenue Grocery,POINT (-97.7437082 30.2650401),cutlery,green
restaurant,Barletts,POINT (-97.7312443 30.3567746),cutlery,green
restaurant,La Casita,POINT (-97.7224631 30.3517455),cutlery,green
bar,Yellow Rose,POINT (-97.721924 30.3337186),beer,green
restaurant,La Madeleine,POINT (-97.7446209 30.3033701),cutlery,green
cafe,34th St Cafe,POINT (-97.7452903 30.302703),coffee,green
restaurant,Burger Tex,POINT (-97.7140493 30.3168803),cutlery,green
restaurant,Tacos Y Mas,POINT (-97.7029139 30.3550729),cutlery,green
restaurant,Mandarin House,POINT (-97.6992611 30.3584687),cutlery,green
restaurant,El Tacolote,POINT (-97.6960244 30.3641562),cutlery,green
restaurant,China Spice Seafood,POINT (-97.6951921 30.3674231),cutlery,green
bar,Club Bar Corona,POINT (-97.6905616 30.3737944),beer,green
restaurant,Chuy's,POINT (-97.6906032 30.3751992),cutlery,green
restaurant,Pok-E-Joe's BBQ,POINT (-97.6976689 30.4162355),cutlery,green
bar,Anderson Mill Tavern,POINT (-97.8068296 30.4462553),beer,green
restaurant,Mala Chili,POINT (-97.8003295 30.4779527),cutlery,green
restaurant,Kerbey Lane Cafe,POINT (-97.787084 30.4473524),cutlery,green
restaurant,Ramos Restaurant & Sports Bar,POINT (-97.5570466 30.340849),cutlery,green
restaurant,La Mexica,POINT (-97.5573996 30.3414946),cutlery,green
cafe,Conscious Cravings,POINT (-97.7449006 30.2829388),coffee,green
restaurant,Hai Ky,POINT (-97.7348261 30.2307085),cutlery,green
restaurant,Dimassi's Mediterranean Buffet,POINT (-97.7638265 30.4307304),cutlery,green
restaurant,Nasha,POINT (-97.7248744 30.2637439),cutlery,green
restaurant,El Zunzal,POINT (-97.7121017 30.2600696),cutlery,green
cafe,Halcyon,POINT (-97.7456939 30.266973),coffee,green
bar,Casino el Camino,POINT (-97.7824989 30.2285706),beer,green
restaurant,Tino's Greek Cafe,POINT (-97.791207 30.4471724),cutlery,green
restaurant,Chen's Noodle House,POINT (-97.770942 30.4321807),cutlery,green
restaurant,Madras Pavilion,POINT (-97.7241083 30.3729305),cutlery,green
restaurant,Thai House,POINT (-97.7254254 30.3735916),cutlery,green
restaurant,Mikado Ryotei,POINT (-97.7247091 30.3734303),cutlery,green
restaurant,Lucy's Fried Chicken,POINT (-97.7532506 30.240435),cutlery,green
bar,The Tigress,POINT (-97.7222217 30.3179356),beer,green
bar,Buddy's Place,POINT (-97.7271659 30.3690209),beer,green
restaurant,Chicha's Fire & Grill,POINT (-97.7643416 30.4306811),cutlery,green
restaurant,Lick Honest Ice Creams,POINT (-97.7625208 30.2555387),cutlery,green
restaurant,Mezze Cafe,POINT (-97.7581999 30.2416821),cutlery,green
restaurant,Cover 3,POINT (-97.7350186 30.3586499),cutlery,green
restaurant,Pho Thaison Vietnamese Cuisine,POINT (-97.7329949 30.3577778),cutlery,green
cafe,Starbucks,POINT (-97.7684727 30.2012416),coffee,green
restaurant,Pho Phi Restaurant,POINT (-97.6890262 30.4142742),cutlery,green
bar,Parmer Lane Tavern,POINT (-97.6966738 30.4154361),beer,green
restaurant,The Original Pancake House,POINT (-97.689309 30.4143938),cutlery,green
restaurant,Sushi Junai 2,POINT (-97.7020297 30.4221877),cutlery,green
cafe,Starbucks,POINT (-97.6882267 30.4132733),coffee,green
restaurant,La Brisa,POINT (-97.6854136 30.4461485),cutlery,green
restaurant,Four Seasons,POINT (-97.6856175 30.4463104),cutlery,green
pub,Riata Bar and Grill,POINT (-97.7499012 30.428533),beer,green
pub,Doc's Backyard,POINT (-97.8178433 30.2306336),beer,green
restaurant,Pizza Paradise,POINT (-97.697678 30.4075433),cutlery,green
restaurant,The Park at the Domain,POINT (-97.7237293 30.4030394),cutlery,green
restaurant,North,POINT (-97.7260086 30.4023299),cutlery,green
restaurant,Sixty Vines,POINT (-97.7270333 30.4003772),cutlery,green
restaurant,Thundercloud Sub,POINT (-97.6611781 30.4562471),cutlery,green
restaurant,Masala Wok,POINT (-97.6703787 30.4181515),cutlery,green
bar,The Brew Exchange,POINT (-97.7499377 30.2702132),beer,green
bar,J Blacks,POINT (-97.7502191 30.2703034),beer,green
bar,The Ranch,POINT (-97.750077 30.2702734),beer,green
restaurant,New Sitara Indian Cuisine,POINT (-97.674503 30.4351645),cutlery,green
bar,Homer's Neighborhood Bar,POINT (-97.6738592 30.4355974),beer,green
restaurant,Taqueria Guadalajara,POINT (-97.8156578 30.4627021),cutlery,green
restaurant,Tio Loco Tex-Mex,POINT (-97.8252325 30.4569343),cutlery,green
restaurant,Cicis,POINT (-97.6767258 30.4946608),cutlery,green
restaurant,Verdes Mexican Parilla,POINT (-98.0071148 30.2980674),cutlery,green
restaurant,Don Don Express,POINT (-97.8222758 30.4582826),cutlery,green
cafe,El Chilito Cafe y Cantina,POINT (-97.7183747 30.2841449),coffee,green
bar,Shangri La,POINT (-97.7316207 30.264933),beer,green
restaurant,Star of India,POINT (-97.7364139 30.3598996),cutlery,green
restaurant,Hopdoddy Burger Bar,POINT (-97.733103 30.3576246),cutlery,green
cafe,Starbucks,POINT (-97.8341789 30.4817012),coffee,green
restaurant,Santa Rita,POINT (-97.74429 30.306775),cutlery,green
restaurant,Waterloo Ice House,POINT (-97.8789401 30.2035018),cutlery,green
restaurant,Hyde Park Bar and Grill,POINT (-97.7267211 30.3041725),cutlery,green
restaurant,Mian & Bao,POINT (-97.732985 30.315328),cutlery,green
cafe,Monkey Nest,POINT (-97.7395271 30.3277452),coffee,green
pub,Pinthouse Pizza,POINT (-97.7390631 30.3187523),beer,green
cafe,Starbucks,POINT (-97.7411185 30.2860744),coffee,green
restaurant,Hala Bros,POINT (-97.8268734 30.4522736),cutlery,green
bar,Workhorse Bar,POINT (-97.7219593 30.3178517),beer,green
bar,Drink Well,POINT (-97.7206057 30.3172224),beer,green
restaurant,Taqueria Chapala,POINT (-97.7649008 30.2204769),cutlery,green
pub,Bender Bar & Grill,POINT (-97.7674191 30.2241986),beer,green
restaurant,parkside,POINT (-97.740299 30.267202),cutlery,green
cafe,Starbucks,POINT (-97.740414 30.265449),coffee,green
restaurant,Champions,POINT (-97.740157 30.265402),cutlery,green
restaurant,Mai Thai,POINT (-97.741411 30.264266),cutlery,green
restaurant,Thundercloud Subs,POINT (-97.8007484 30.2732782),cutlery,green
restaurant,Texas Honey Ham,POINT (-97.8069902 30.280724),cutlery,green
cafe,Starbucks,POINT (-97.7563416 30.3546718),coffee,green
restaurant,Mangia Pizza,POINT (-97.7585108 30.370621),cutlery,green
restaurant,Bill Miller Bar-BQ,POINT (-97.7899105 30.1676447),cutlery,green
cafe,Starbucks,POINT (-97.788159 30.1656017),coffee,green
restaurant,Tomodachi Sushi,POINT (-97.7169729 30.425422),cutlery,green
restaurant,Don Marios,POINT (-97.9271922 30.411828),cutlery,green
restaurant,Los Pinos,POINT (-97.9263741 30.4119483),cutlery,green
bar,Frogs,POINT (-97.927152 30.4119737),beer,green
bar,Haymaker,POINT (-97.7175883 30.284794),beer,green
cafe,Summer Moon Coffee,POINT (-97.8005584 30.2731462),coffee,green
cafe,Cherrywood Coffee House,POINT (-97.7160528 30.2935486),coffee,green
cafe,Mikki's Replay Cafe,POINT (-97.7213963 30.3701302),coffee,green
restaurant,Mi Tradición Panadería,POINT (-97.7194319 30.3635213),cutlery,green
restaurant,Sea Dragon,POINT (-97.7198348 30.3659072),cutlery,green
restaurant,Chili's,POINT (-97.7271869 30.3723167),cutlery,green
cafe,Signature Cafe,POINT (-97.7469768 30.4019782),coffee,green
cafe,Starbucks,POINT (-97.7468743 30.401983),coffee,green
restaurant,Serranos Cocina y Cantina,POINT (-97.8218798 30.236068),cutlery,green
cafe,San Francisco Bakery & Cafe,POINT (-97.7356985 30.3595801),coffee,green
restaurant,V Cafe,POINT (-97.8112295 30.4475633),cutlery,green
restaurant,El Nuevo Mexico,POINT (-97.7146892 30.3479738),cutlery,green
restaurant,Cabo Bob's Burritos,POINT (-97.7889237 30.4473688),cutlery,green
restaurant,Newk's,POINT (-97.7510323 30.3951748),cutlery,green
bar,Common Interest,POINT (-97.7291769 30.3662779),beer,green
restaurant,Sarovar,POINT (-97.7289338 30.3654581),cutlery,green
restaurant,Yummi's Tacos,POINT (-97.7603485 30.4284769),cutlery,green
restaurant,Austin Diner,POINT (-97.7402185 30.3246632),cutlery,green
restaurant,Shogun,POINT (-97.5960728 30.4691241),cutlery,green
pub,Little Woodrow's,POINT (-97.7447668 30.4454662),beer,green
restaurant,Peace Bakery - Deli,POINT (-97.6871477 30.3818245),cutlery,green
restaurant,Tsukimi All-You-Can-Eat Sushi,POINT (-97.6760209 30.4041738),cutlery,green
library,Garfield Library,POINT (-97.5605691 30.1878834),book,orange
bar,CU29 Cocktail Bar,POINT (-97.741148 30.269053),beer,green
cafe,Slake Cafe,POINT (-97.741283 30.268835),coffee,green
restaurant,Home Slice Pizza,POINT (-97.7495768 30.2492274),cutlery,green
restaurant,More Home Slice Pizza,POINT (-97.7496114 30.2489829),cutlery,green
restaurant,ATX EATS,POINT (-97.7234419 30.3309837),cutlery,green
bar,Dive,POINT (-97.7421243 30.2798438),beer,green
restaurant,Clay Pit,POINT (-97.7423871 30.2790333),cutlery,green
cafe,Arturo's,POINT (-97.7419273 30.2797199),coffee,green
restaurant,Big Country Grill,POINT (-97.557858 30.3412381),cutlery,green
restaurant,Sobani,POINT (-97.9447599 30.3815593),cutlery,green
restaurant,Caribbean Food Trailer,POINT (-97.7130932 30.2771154),cutlery,green
restaurant,Stubb's,POINT (-97.7593133 30.2733072),cutlery,green
restaurant,A+A Sichuan China,POINT (-97.7890813 30.4444398),cutlery,green
restaurant,Bombay Bistro,POINT (-97.795414 30.235927),cutlery,green
restaurant,Brooklyn Heights Pizzeria,POINT (-97.7775791 30.4993452),cutlery,green
restaurant,Ng Cafe,POINT (-97.6756443 30.4114118),cutlery,green
restaurant,Saffron,POINT (-97.7556362 30.3549924),cutlery,green
restaurant,Nanami Sushi Bar & Grill,POINT (-97.8429024 30.193437),cutlery,green
restaurant,Xing Long Chinese Cuisine,POINT (-97.7918378 30.4467738),cutlery,green
restaurant,Super China,POINT (-97.7455341 30.417508),cutlery,green
restaurant,Sushi.com,POINT (-97.7269717 30.4929898),cutlery,green
restaurant,Thai Passion - South,POINT (-97.7879909 30.1666541),cutlery,green
restaurant,Thai Spoon,POINT (-97.6540163 30.4952762),cutlery,green
restaurant,Raku Sushi & Asian Bistro,POINT (-97.7449482 30.2866355),cutlery,green
restaurant,Umi Sushi Bar & Grill,POINT (-97.7636875 30.2003347),cutlery,green
cafe,YaYa Cafe,POINT (-97.7385591 30.3026246),coffee,green
restaurant,IM Thai Cuisine Buda,POINT (-97.8224767 30.0881794),cutlery,green
cafe,Summer Moon,POINT (-97.8698127 30.20047),coffee,green
restaurant,Pizza Press,POINT (-97.742035 30.2906805),cutlery,green
restaurant,Taqueria La Escondida 2,POINT (-97.9566888 30.2223583),cutlery,green
restaurant,Villa Mexico,POINT (-97.7678877 30.2152705),cutlery,green
cafe,Starbucks,POINT (-97.7925576 30.2376538),coffee,green
restaurant,Gatti's Pizza,POINT (-97.8336133 30.1426786),cutlery,green
restaurant,Jason's Deli,POINT (-97.7213595 30.3010767),cutlery,green
restaurant,Pizza Hut,POINT (-97.8224814 30.088252),cutlery,green
restaurant,Mr Gatti's Pizza,POINT (-97.7390819 30.3587973),cutlery,green
restaurant,Bento Teppanyaki,POINT (-97.7082733 30.3059317),cutlery,green
cafe,Starbucks,POINT (-97.7080023 30.3058211),coffee,green
restaurant,Pad Thai,POINT (-97.7081858 30.3058963),cutlery,green
restaurant,Rudino's Grinders,POINT (-97.8265282 30.4526411),cutlery,green
restaurant,Godavari,POINT (-97.8141067 30.4623512),cutlery,green
restaurant,Stuffed Cajun,POINT (-97.815913 30.4626411),cutlery,green
restaurant,Pokeatery,POINT (-97.7081023 30.3055072),cutlery,green
restaurant,Chi'Lantro,POINT (-97.7082369 30.3052883),cutlery,green
place_of_worship,Saint Vincent de Paul Catholic Church,POINT (-97.7639164 30.4889714),institution,orange
restaurant,Flores Mexican,POINT (-97.865479 30.2330122),cutlery,green
cafe,Starbucks,POINT (-97.8373142 30.2221147),coffee,green
restaurant,Jack Allen's,POINT (-97.8826499 30.2436161),cutlery,green
restaurant,Foreign & Domestic,POINT (-97.7195557 30.3170802),cutlery,green
restaurant,Hecho En Mexico,POINT (-97.8633323 30.2284117),cutlery,green
cafe,Corner Bakery,POINT (-97.750673 30.393758),coffee,green
restaurant,Pizza Hut,POINT (-97.7641522 30.4304857),cutlery,green
restaurant,Pollo Regio,POINT (-97.7185807 30.3626624),cutlery,green
restaurant,El Chile Café y Cantina,POINT (-97.721778 30.2840559),cutlery,green
restaurant,Taco Mex,POINT (-97.7149412 30.2847133),cutlery,green
restaurant,Taqueria Los Altos,POINT (-97.7216786 30.2909325),cutlery,green
restaurant,Country Boyz,POINT (-97.6871767 30.2792485),cutlery,green
cafe,Shahi Cafe,POINT (-97.6790975 30.4071439),coffee,green
bar,The Jackalope,POINT (-97.7390069 30.267129),beer,green
restaurant,Salty Sow,POINT (-97.7212605 30.2837405),cutlery,green
restaurant,Tacodeli,POINT (-97.7401083 30.3104716),cutlery,green
cafe,Houndstooth,POINT (-97.7400068 30.3106073),coffee,green
restaurant,Uchiko,POINT (-97.7398856 30.3107699),cutlery,green
bar,Cactus Cafe,POINT (-97.7413275 30.2861309),beer,green
bar,Javelina,POINT (-97.7388025 30.2581501),beer,green
bar,Half Step,POINT (-97.7386658 30.2584292),beer,green
restaurant,Lucky Robot,POINT (-97.7489794 30.2508288),cutlery,green
restaurant,Botticelli's,POINT (-97.7491227 30.2503043),cutlery,green
cafe,Bennu Coffee,POINT (-97.7196272 30.2797982),coffee,green
restaurant,Baker Street Pub and Grill,POINT (-97.783148 30.2425053),cutlery,green
restaurant,Magnolia Cafe,POINT (-97.7519802 30.2444789),cutlery,green
pub,Draught House Pub & Brewery,POINT (-97.7428611 30.3110713),beer,green
cafe,Kerbey Lane Cafe,POINT (-97.7835352 30.2422172),coffee,green
bar,Mohawk,POINT (-97.7360877 30.2700576),beer,green
restaurant,AB Liquor #2,POINT (-97.7256708 30.3532415),cutlery,green
restaurant,East Side Pies,POINT (-97.7153301 30.3148694),cutlery,green
restaurant,East Side King,POINT (-97.7747477 30.2475144),cutlery,green
restaurant,East Side King,POINT (-97.7250128 30.262939),cutlery,green
pub,Hole in the Wall,POINT (-97.7416188 30.2900325),beer,green
restaurant,Ramen Tatsu-Ya,POINT (-97.7152245 30.3612166),cutlery,green
restaurant,Este,POINT (-97.7195394 30.2839954),cutlery,green
bar,Casino El Camino,POINT (-97.7376596 30.2665007),beer,green
restaurant,Barley Swine,POINT (-97.738314 30.3413397),cutlery,green
cafe,Jo's Coffee,POINT (-97.7460802 30.2650419),coffee,green
cafe,Jo's Coffee,POINT (-97.7562269 30.2326024),coffee,green
cafe,Houndstooth,POINT (-97.7431138 30.2662841),coffee,green
restaurant,Tacodeli,POINT (-97.7350656 30.3487955),cutlery,green
bar,Kung Fu Saloon,POINT (-97.7498966 30.2696325),beer,green
cinema,Alamo Drafthouse Cinema,POINT (-97.7348892 30.3600465),film,red
cafe,Revival Coffee,POINT (-97.7277618 30.2642837),coffee,green
bar,The White Horse,POINT (-97.7270591 30.262574),beer,green
bar,Yellow Jacket Social Club,POINT (-97.7247308 30.2617215),beer,green
restaurant,Vince Young Steakhouse,POINT (-97.7411682 30.2648186),cutlery,green
place_of_worship,Saint Annie African Methodist Episcopal Church,POINT (-97.7529925 30.246835),institution,orange
bar,Barfly's,POINT (-97.7142604 30.3167177),beer,green
restaurant,Pearl Dive Oyster Bar,POINT (-97.7646296 30.2744898),cutlery,green
restaurant,El Chilito,POINT (-97.7244128 30.2630554),cutlery,green
restaurant,Tamale House East,POINT (-97.7243534 30.2615741),cutlery,green
place_of_worship,Eckankar Center of Austin,POINT (-97.7070008 30.3442633),institution,orange
restaurant,Julio's Cafe,POINT (-97.7264373 30.3045094),cutlery,green
restaurant,Vino Vino,POINT (-97.7353169 30.3069687),cutlery,green
restaurant,Bar Chi Sushi,POINT (-97.74553 30.265297),cutlery,green
cafe,Starbucks,POINT (-97.7465097 30.2658493),coffee,green
restaurant,Taverna,POINT (-97.7463264 30.2651262),cutlery,green
restaurant,Bill's Oyster,POINT (-97.7456335 30.2656186),cutlery,green
restaurant,Lamberts,POINT (-97.747927 30.26518),cutlery,green
restaurant,La Condesa,POINT (-97.7477644 30.265572),cutlery,green
bar,Remedy,POINT (-97.7495947 30.2670293),beer,green
restaurant,Rote Shaq Indian Fusion,POINT (-97.7494041 30.2675522),cutlery,green
restaurant,El Meson,POINT (-97.7689416 30.2489743),cutlery,green
restaurant,It's Italian Cucina,POINT (-97.7642578 30.2525756),cutlery,green
restaurant,El Raval,POINT (-97.764434 30.2522862),cutlery,green
place_of_worship,Berkeley United Methodist Church,POINT (-97.8083357 30.2098936),institution,orange
place_of_worship,Woodlawn Baptist Church,POINT (-97.7910429 30.2271038),institution,orange
bar,Saturn,POINT (-97.7418768 30.2712335),beer,green
bar,Bourbon Girl,POINT (-97.7408963 30.2676562),beer,green
bar,Friends Bar,POINT (-97.7410028 30.267686),beer,green
bar,Recess Arcade Bar,POINT (-97.7405829 30.2675688),beer,green
pub,The Chicago House,POINT (-97.7389772 30.2676594),beer,green
bar,Buckshot 6th St,POINT (-97.7384055 30.2669612),beer,green
bar,Cheers Shot Bar,POINT (-97.7386248 30.2670224),beer,green
restaurant,Chupacabra Cantina,POINT (-97.7391442 30.2671673),cutlery,green
bar,MugShots,POINT (-97.7384416 30.2677385),beer,green
bar,Peckerheads on Sixth,POINT (-97.7390753 30.2671481),beer,green
restaurant,Rio Grande Mexican,POINT (-97.7410729 30.2647151),cutlery,green
bar,The Dizzy Rooster,POINT (-97.7400096 30.2674088),beer,green
restaurant,Geisha Sushi & Grill,POINT (-97.7364345 30.266411),cutlery,green
theatre,Esther's Follies,POINT (-97.7374511 30.2662204),film,red
restaurant,Los Comales Restaurant,POINT (-97.7182535 30.2618724),cutlery,green
restaurant,Shandeez Grill,POINT (-97.772406 30.453921),cutlery,green
bar,Stompin Grounds,POINT (-97.7812614 30.4526852),beer,green
pub,G & S Lounge,POINT (-97.760365 30.2414943),beer,green
restaurant,ABGB,POINT (-97.7688916 30.2451066),cutlery,green
bar,ABGB,POINT (-97.7688434 30.2452596),beer,green
cafe,Wright Bros. Brew & Brew,POINT (-97.7330414 30.2644493),coffee,green
cafe,Cenote,POINT (-97.733706 30.260505),coffee,green
cafe,Starbucks,POINT (-97.8154229 30.2079458),coffee,green
restaurant,The Grove,POINT (-97.7509613 30.270593),cutlery,green
bar,Kung Fu Saloon,POINT (-97.7503681 30.2703425),beer,green
bar,Highland Lounge,POINT (-97.7448469 30.2669654),beer,green
restaurant,Hoover's Cooking,POINT (-97.7203077 30.2843995),cutlery,green
bar,Moontower Saloon,POINT (-97.8266605 30.1692713),beer,green
cafe,Caffé Medici,POINT (-97.7442485 30.264819),coffee,green
restaurant,Fogo de Chão,POINT (-97.7443724 30.2645145),cutlery,green
restaurant,Arandinas Mexican Restaurant,POINT (-97.726533 30.240538),cutlery,green
place_of_worship,Austin Ridge Bible Church,POINT (-97.8711413 30.3185782),institution,orange
cafe,Barrett's Coffee,POINT (-97.717491 30.338992),coffee,green
cafe,Double Trouble,POINT (-97.722135 30.317485),coffee,green
restaurant,Saigon On 7th,POINT (-97.712702 30.260528),cutlery,green
restaurant,Gyu-Kaku,POINT (-97.7308402 30.2633101),cutlery,green
restaurant,Brooklyn Dumpling Shop,POINT (-97.7280332 30.2634537),cutlery,green
bar,Incognito,POINT (-97.7332099 30.2644208),beer,green
bar,The Tipsy Alchemist,POINT (-97.739041 30.258393),beer,green
restaurant,Pluckers Wing Bar,POINT (-97.7450193 30.2863059),cutlery,green
restaurant,Dollar Slice Club,POINT (-97.741932 30.2866),cutlery,green
events_venue,Natures Treasures Community Event Center and Auditorium,POINT (-97.7170952 30.2978645),institution,orange
bar,The Parlor,POINT (-97.734055 30.308726),beer,green
restaurant,Brooklyn Pie Co.,POINT (-97.736246 30.344558),cutlery,green
cafe,Picnik,POINT (-97.738972 30.318904),coffee,green
restaurant,Corinne,POINT (-97.7411854 30.2625953),cutlery,green
restaurant,Mason's Famous Lobster Rolls,POINT (-97.7447359 30.2646193),cutlery,green
theatre,Google Fiber Space,POINT (-97.745067 30.264852),film,red
restaurant,Red Farm,POINT (-97.745401 30.265537),cutlery,green
restaurant,TraphouseATX,POINT (-97.745165 30.266118),cutlery,green
restaurant,Gina's on Congress,POINT (-97.74391 30.265874),cutlery,green
restaurant,Local Foods,POINT (-97.748514 30.265697),cutlery,green
restaurant,Wu Chow,POINT (-97.7478966 30.2686128),cutlery,green
cafe,Capital One Café,POINT (-97.7425331 30.2681344),coffee,green
bar,Upstairs at Caroline,POINT (-97.7423563 30.268656),beer,green
cafe,Fleet Coffee,POINT (-97.742287 30.270247),coffee,green
bar,Twin Creeks Icehouse,POINT (-97.8618191 30.4459212),beer,green
restaurant,Taco Joint,POINT (-97.734917 30.291558),cutlery,green
restaurant,Rounders Pizza,POINT (-97.92336 30.492191),cutlery,green
library,Lago Vista Public Library,POINT (-97.9880926 30.4529066),book,orange
restaurant,Mour Cafe,POINT (-97.7283854 30.2437089),cutlery,green
restaurant,1618 Asian Fusion,POINT (-97.730369 30.245235),cutlery,green
cafe,Captain quackenbush's coffeehouse,POINT (-97.79637 30.217993),coffee,green
cafe,Captain Quakenbush's Coffeehouse,POINT (-97.796455 30.217862),coffee,green
cafe,Lazydaze,POINT (-97.796492 30.217802),coffee,green
cafe,lazydazy,POINT (-97.796552 30.2178088),coffee,green
restaurant,Thundercloud Subs,POINT (-97.727639 30.240002),cutlery,green
restaurant,Pizza Hut,POINT (-97.6950538 30.3200535),cutlery,green
place_of_worship,Abundant Life Church,POINT (-97.607697 30.4438123),institution,orange
restaurant,Cho Sushi,POINT (-97.884959 30.3818205),cutlery,green
restaurant,Mama Fu's,POINT (-97.7493286 30.398259),cutlery,green
bar,The Victory Tap,POINT (-97.6199939 30.4403782),beer,green
bar,Prost Alehouse Texas,POINT (-97.6198205 30.4402868),beer,green
restaurant,Pflugerville Taco House,POINT (-97.6197363 30.4402547),cutlery,green
restaurant,Papalote Taco House,POINT (-97.781888 30.243509),cutlery,green
restaurant,The Garden,POINT (-97.785977 30.2407),cutlery,green
restaurant,Catfish Parlour,POINT (-97.7312616 30.2137895),cutlery,green
place_of_worship,All Saints Presbyterian Church & Preschool,POINT (-97.877592 30.253971),institution,orange
restaurant,DK sushi & seoul korean,POINT (-97.7861963 30.2002752),cutlery,green
restaurant,Taqueria Villanueva,POINT (-97.6869568 30.358548),cutlery,green
cafe,Holy cacao,POINT (-97.7541798 30.251009),coffee,green
restaurant,Pho Van Vietnamese,POINT (-97.7154947 30.36113),cutlery,green
cafe,Red River Cafe,POINT (-97.7284176 30.2896999),coffee,green
pub,Hopfields,POINT (-97.7410143 30.2985824),beer,green
pub,Gourmands Neighborhood Pub,POINT (-97.7153907 30.2625671),beer,green
pub,The Cavalier,POINT (-97.7147683 30.2628918),beer,green
restaurant,Arpeggio Grill,POINT (-97.7151487 30.3311905),cutlery,green
cafe,Epoch Coffee,POINT (-97.7346731 30.3593671),coffee,green
restaurant,Pluckers Wing Bar,POINT (-97.6792156 30.4990916),cutlery,green
restaurant,Polvo's,POINT (-97.7500446 30.2671399),cutlery,green
bar,Radio Coffee and Beer,POINT (-97.7877719 30.2315416),beer,green
pub,Jack & Ginger's,POINT (-97.7229454 30.4011681),beer,green
bar,Kung Fu Saloon,POINT (-97.7227584 30.4008451),beer,green
bar,St. Genevieve,POINT (-97.7228104 30.4013625),beer,green
restaurant,Burger Bar,POINT (-97.7437945 30.2646732),cutlery,green
restaurant,Corner Restaurant,POINT (-97.7438985 30.2644196),cutlery,green
theatre,Bates Recital Hall,POINT (-97.7306801 30.2874336),film,red
restaurant,Casey's Snowballs,POINT (-97.7149517 30.3120522),cutlery,green
place_of_worship,St. George's Episcopal Church,POINT (-97.715464 30.3001672),institution,orange
bar,Mala Vida,POINT (-97.7355652 30.2662263),beer,green
restaurant,Pho Dan,POINT (-97.6875611 30.382049),cutlery,green
cafe,Teapioca Lounge,POINT (-97.6877881 30.4130776),coffee,green
restaurant,Wholly Cow Burger and Zen Market,POINT (-97.7839568 30.2429035),cutlery,green
restaurant,Michi Ramen,POINT (-97.7841603 30.241537),cutlery,green
restaurant,True Food Kitchen,POINT (-97.7523453 30.2669927),cutlery,green
restaurant,Parmer Café,POINT (-97.7514666 30.4585771),cutlery,green
restaurant,Hao Hao Restaurant,POINT (-97.805593 30.2013637),cutlery,green
restaurant,Lavaca Street Bar,POINT (-97.723202 30.4005614),cutlery,green
restaurant,Punch Bowl Social,POINT (-97.7255522 30.3999964),cutlery,green
restaurant,Paul Martin's Austin Grill,POINT (-97.7216185 30.4028142),cutlery,green
restaurant,Hat Creek Burger Company,POINT (-97.7233768 30.4000202),cutlery,green
restaurant,Salvation Pizza,POINT (-97.72273 30.4009665),cutlery,green
restaurant,Flower Child,POINT (-97.7215518 30.4037493),cutlery,green
bar,The Dogwood,POINT (-97.723074 30.400873),beer,green
restaurant,Second,POINT (-97.7211691 30.4024187),cutlery,green
restaurant,JINYA Ramen Bar,POINT (-97.7232535 30.400297),cutlery,green
bar,77 Degrees,POINT (-97.7228646 30.4012164),beer,green
restaurant,Thai Kun,POINT (-97.7224137 30.4015114),cutlery,green
restaurant,Yard House,POINT (-97.7214209 30.4043458),cutlery,green
restaurant,Toulouse,POINT (-97.7215241 30.4030919),cutlery,green
cafe,EBar,POINT (-97.7203236 30.4025845),coffee,green
restaurant,Mia,POINT (-97.7231221 30.4007338),cutlery,green
restaurant,Mad Greens,POINT (-97.7229782 30.4001864),cutlery,green
restaurant,McCormick & Schmick's,POINT (-97.7251257 30.403753),cutlery,green
restaurant,Sway,POINT (-97.7228731 30.4004878),cutlery,green
restaurant,General Tso'Boy,POINT (-97.7226256 30.4010444),cutlery,green
restaurant,Culinary Drop Out,POINT (-97.7216284 30.4035082),cutlery,green
cafe,The Yard Milkshake Bar,POINT (-97.7268482 30.4007259),coffee,green
restaurant,Copper Restaurant & Dessert Lounge,POINT (-97.7272328 30.400424),cutlery,green
restaurant,VIA 313 Pizza,POINT (-97.8656668 30.2328195),cutlery,green
restaurant,Fresas,POINT (-97.7551015 30.2477844),cutlery,green
bar,Rio Rita,POINT (-97.7200663 30.2749573),beer,green
bar,King Bee,POINT (-97.7196183 30.2739294),beer,green
restaurant,Sam's BBQ,POINT (-97.7187975 30.2740504),cutlery,green
restaurant,Vic & Al's,POINT (-97.7170005 30.2849284),cutlery,green
restaurant,Dai Due,POINT (-97.7167839 30.2848698),cutlery,green
bar,Techo Mezcaleria & Agave Bar,POINT (-97.7188988 30.2840591),beer,green
restaurant,Galloway's Sandwich Shop,POINT (-97.7193957 30.2739607),cutlery,green
bar,Dozen Street,POINT (-97.7204049 30.2738014),beer,green
restaurant,The Original New Orleans Po-Boy and Gumbo Shop,POINT (-97.72048 30.2737783),cutlery,green
pub,Easy Tiger,POINT (-97.7887279 30.240283),beer,green
restaurant,Texican Cafe,POINT (-97.7967504 30.2364317),cutlery,green
restaurant,Cane Rosso,POINT (-97.8111717 30.2325672),cutlery,green
restaurant,Geraldine's,POINT (-97.7392719 30.2601776),cutlery,green
bar,Hopscotch,POINT (-97.7687653 30.249264),beer,green
restaurant,Snooze,POINT (-97.7659325 30.2508607),cutlery,green
restaurant,ALC Steaks,POINT (-97.750896 30.2775925),cutlery,green
restaurant,El Pollo Rico,POINT (-97.7341477 30.2305534),cutlery,green
bar,The Golden Goose,POINT (-97.7688789 30.2492382),beer,green
restaurant,Deckhand,POINT (-97.7934963 30.2350802),cutlery,green
cafe,Starbucks,POINT (-97.6999083 30.3016121),coffee,green
restaurant,Kesos Taco House,POINT (-97.7444056 30.2826432),cutlery,green
restaurant,Sushi Bang Bang,POINT (-97.7981296 30.4762517),cutlery,green
bar,Sam's Town Point,POINT (-97.8276455 30.17217),beer,green
bar,electric house,POINT (-97.6992 30.2517205),beer,green
place_of_worship,Chapel,POINT (-97.8187277 30.3307076),institution,orange
cafe,Wildflower Cafe,POINT (-97.8736475 30.1857853),coffee,green
restaurant,Willie's Joint BBQ,POINT (-97.8364551 30.0864698),cutlery,green
restaurant,Garcia's Mexican Restaurant,POINT (-97.8439951 30.0803876),cutlery,green
restaurant,Brooklyn's Down South,POINT (-97.8436158 30.0810598),cutlery,green
restaurant,Tavern on Main,POINT (-97.8433911 30.0814424),cutlery,green
bar,Nate's,POINT (-97.8454341 30.0778314),beer,green
restaurant,Super Slicks,POINT (-97.8446909 30.0793097),cutlery,green
cafe,Starbucks,POINT (-97.8298303 30.4827212),coffee,green
library,Lantana Free Tiny Library,POINT (-97.874167 30.2481061),book,orange
restaurant,Forthright,POINT (-97.743333 30.262245),cutlery,green
restaurant,Amenecer Coffee and Bakery,POINT (-97.6710529 30.4214979),cutlery,green
cafe,My Name Is Joe Coffee,POINT (-97.742689 30.2674422),coffee,green
cafe,Café Crème,POINT (-97.7356141 30.2318432),coffee,green
theatre,Austin Film Society,POINT (-97.6961519 30.3010359),film,red
bar,Garage,POINT (-97.7442084 30.2677729),beer,green
bar,Indian Roller,POINT (-97.8253349 30.1720418),beer,green
cafe,Ruta Maya,POINT (-97.6700843 30.2020949),coffee,green
cafe,Annie's,POINT (-97.6700253 30.202292),coffee,green
restaurant,Haymaker,POINT (-97.6689591 30.2023117),cutlery,green
pub,Saxon Pub,POINT (-97.6648916 30.2023824),beer,green
restaurant,Ruth's Chris Steak House,POINT (-97.7434085 30.2679982),cutlery,green
bar,Speakeasy,POINT (-97.7435171 30.266771),beer,green
restaurant,Lonesome Dove Bistro,POINT (-97.744033 30.268268),cutlery,green
restaurant,Pizza Hut,POINT (-97.9534593 30.3198429),cutlery,green
restaurant,Thai Spoon,POINT (-97.6157359 30.4986939),cutlery,green
restaurant,Jardin Corona,POINT (-97.786557 30.4451874),cutlery,green
cafe,Counter Cafe,POINT (-97.7536577 30.2725562),coffee,green
restaurant,Stanley's Farmhouse Pizza,POINT (-97.9996403 30.2303197),cutlery,green
restaurant,Paco's Tacos,POINT (-97.7058047 30.3074786),cutlery,green
restaurant,S-H Donuts,POINT (-97.6851459 30.3005637),cutlery,green
cafe,Starbucks,POINT (-97.8512475 30.4053959),coffee,green
restaurant,Chez Nous,POINT (-97.7385412 30.2664993),cutlery,green
restaurant,Terry Black's BBQ,POINT (-97.7548076 30.2596649),cutlery,green
restaurant,Casa Chapala,POINT (-97.7255279 30.3735638),cutlery,green
cafe,Fat Cats: Organic Coffee & Desserts,POINT (-97.7187526 30.3386884),coffee,green
restaurant,Molcas Mexican Restaurant,POINT (-97.7555682 30.372861),cutlery,green
restaurant,3 Train Pizza,POINT (-97.7555969 30.3728169),cutlery,green
cinema,AMC Lakeline 9,POINT (-97.8076163 30.4705297),film,red
restaurant,Buca di Beppo,POINT (-97.806105 30.470812),cutlery,green
restaurant,Villa Fresh Italian Kitchen,POINT (-97.8068038 30.4707462),cutlery,green
restaurant,Potato Club,POINT (-97.8069903 30.4707562),cutlery,green
restaurant,Japan Cafe,POINT (-97.8070574 30.4707185),cutlery,green
restaurant,Phil's Philly Grill,POINT (-97.8072075 30.4705829),cutlery,green
cafe,Starbucks,POINT (-97.8069306 30.4705954),coffee,green
restaurant,Flower Child,POINT (-97.7495445 30.2659764),cutlery,green
restaurant,North Italia,POINT (-97.7489908 30.2658145),cutlery,green
restaurant,Tuscano Italian Kitchen,POINT (-97.8344416 30.4810636),cutlery,green
cafe,Summer Moon Coffee,POINT (-97.8290922 30.4798502),coffee,green
restaurant,Maggiore's,POINT (-97.8302693 30.4818293),cutlery,green
restaurant,ramen512,POINT (-97.8300854 30.4822129),cutlery,green
restaurant,Jason's Deli,POINT (-97.7917594 30.4588536),cutlery,green
restaurant,Salvation Pizza,POINT (-97.7405995 30.3008048),cutlery,green
restaurant,Thanh Nhi Kitchen,POINT (-97.6986 30.3612122),cutlery,green
restaurant,Sushi Nini,POINT (-97.6712964 30.4790804),cutlery,green
restaurant,Pepe's Mexican Restaurant,POINT (-97.6658186 30.3095966),cutlery,green
restaurant,La Casita,POINT (-97.626502 30.4430528),cutlery,green
restaurant,Quinoa Grill,POINT (-97.6545014 30.4943034),cutlery,green
restaurant,Pizza Hut,POINT (-97.6305297 30.4437318),cutlery,green
cafe,Donut Palace,POINT (-97.6309427 30.4430715),coffee,green
cafe,Johnny Beans,POINT (-97.6980347 30.4378447),coffee,green
restaurant,El Pollo Rico,POINT (-97.5409731 30.3480086),cutlery,green
restaurant,Baris Pasta & Pizza,POINT (-97.6368873 30.4470357),cutlery,green
restaurant,Snooze,POINT (-97.7434574 30.3056313),cutlery,green
cafe,Starbucks,POINT (-97.8251229 30.2923945),coffee,green
restaurant,Stiles Switch BBQ,POINT (-97.7213534 30.3344896),cutlery,green
cafe,Starbucks,POINT (-97.6502811 30.3886025),coffee,green
bar,Rusty Cannon Pub,POINT (-97.7824407 30.2099138),beer,green
restaurant,Fresh Donuts,POINT (-97.7444952 30.157355),cutlery,green
bar,Nomad Bar,POINT (-97.704829 30.312516),beer,green
restaurant,Tropicana Cuban Restaurant,POINT (-97.696104 30.3669425),cutlery,green
restaurant,Las Trancas,POINT (-97.7317826 30.2598607),cutlery,green
cinema,Mobile Loaves & Fishes,POINT (-97.6228188 30.2820424),film,red
cafe,Lucky Lab Coffee,POINT (-97.7420585 30.2885673),coffee,green
restaurant,Donut Taco Palace,POINT (-97.7247388 30.4962836),cutlery,green
restaurant,Lakeside Pizza and Grill,POINT (-97.8930783 30.3701693),cutlery,green
cafe,Starbucks,POINT (-97.7385289 30.312715),coffee,green
pub,The Brass Tap,POINT (-97.7268687 30.3959484),beer,green
restaurant,The Vegan Nom,POINT (-97.7183365 30.2551436),cutlery,green
restaurant,Arlo's,POINT (-97.7362477 30.2694927),cutlery,green
cafe,Starbucks,POINT (-97.7416851 30.2835675),coffee,green
cafe,Café Medici,POINT (-97.7420095 30.2854421),coffee,green
restaurant,Bufalina Due,POINT (-97.7383417 30.3410897),cutlery,green
restaurant,Counter Cafe,POINT (-97.7216715 30.2616958),cutlery,green
bar,Last Straw,POINT (-97.721465 30.2616262),beer,green
cafe,Cuvée Coffee,POINT (-97.7211444 30.2614363),coffee,green
bar,The Lost Well,POINT (-97.7145075 30.2626189),beer,green
restaurant,Habesha Ethiopian Restaurant and Bar,POINT (-97.7058798 30.3211128),cutlery,green
restaurant,Buddy's Mexican Grill,POINT (-97.6764787 30.3465411),cutlery,green
restaurant,Fukumoto,POINT (-97.7317272 30.2646261),cutlery,green
bar,Ginger Man,POINT (-97.9391939 30.3087818),beer,green
bar,Historic Scoot Inn,POINT (-97.7293945 30.2621219),beer,green
restaurant,Maudie's Triangle,POINT (-97.733216 30.314923),cutlery,green
cinema,Regal Cinema Westgate 11,POINT (-97.7997747 30.2301973),film,red
cafe,Figure 8 Coffee Purveyors,POINT (-97.719949 30.266883),coffee,green
cafe,Summer Moon Coffee Bar,POINT (-97.8063095 30.2053557),coffee,green
restaurant,Casa Garcia's,POINT (-97.8064436 30.2021661),cutlery,green
restaurant,Cicis,POINT (-97.8050757 30.2019945),cutlery,green
restaurant,Cherry Creek Catfish Company,POINT (-97.799516 30.2147669),cutlery,green
restaurant,El Chilito,POINT (-97.7892495 30.227845),cutlery,green
restaurant,Chekos,POINT (-97.7308394 30.330873),cutlery,green
restaurant,Pizzeria Grata,POINT (-97.7804229 30.2453356),cutlery,green
restaurant,Loro,POINT (-97.7712879 30.2478111),cutlery,green
restaurant,Luby's Cafeteria,POINT (-97.7450556 30.2703884),cutlery,green
restaurant,Tres Compadres,POINT (-97.8327107 30.4789834),cutlery,green
restaurant,Umiya,POINT (-97.832845 30.4786972),cutlery,green
cafe,Epoch Coffee,POINT (-97.760577 30.3572945),coffee,green
restaurant,Gatti's Pizza,POINT (-97.6588744 30.4557216),cutlery,green
restaurant,Gatti's Pizza,POINT (-97.6117721 30.4975347),cutlery,green
restaurant,Central Standard,POINT (-97.7502188 30.2475946),cutlery,green
restaurant,Java Dive Cafe,POINT (-97.940787 30.3081618),cutlery,green
restaurant,Rudy's Country Store and Bar-B-Q,POINT (-97.742008 30.3074215),cutlery,green
restaurant,Yaghi's Pizza,POINT (-97.8414742 30.4746352),cutlery,green
restaurant,Clark's Oyster Bar,POINT (-97.7571499 30.2729697),cutlery,green
restaurant,Cafe Josie,POINT (-97.7572773 30.2731631),cutlery,green
restaurant,Lin Asian Bar + Dim Sum,POINT (-97.7580008 30.2728289),cutlery,green
restaurant,Nightcap,POINT (-97.7604684 30.2737578),cutlery,green
bar,Twenty Two Trattoria-Wine Bar,POINT (-97.7600205 30.273547),beer,green
restaurant,The Guesthouse,POINT (-97.7490365 30.2655237),cutlery,green
restaurant,Ember Kitchen,POINT (-97.7528357 30.2668996),cutlery,green
cafe,Better Half Coffee & Cocktails,POINT (-97.7585251 30.2712775),coffee,green
restaurant,Swift's Attic,POINT (-97.7434871 30.2656592),cutlery,green
bar,Yeti's Barrr,POINT (-97.7464481 30.2592955),beer,green
restaurant,Phoebe's Diner,POINT (-97.759221 30.2415272),cutlery,green
bar,Lavaca Street Bar,POINT (-97.7850226 30.2413506),beer,green
restaurant,Crepe Crazy,POINT (-97.7846524 30.241602),cutlery,green
restaurant,Turf N' Surf Po-Boy,POINT (-97.7849729 30.2413854),cutlery,green
restaurant,El Naranjo,POINT (-97.7809402 30.2441834),cutlery,green
restaurant,Muse Fusion + Sushi,POINT (-97.7921827 30.2336573),cutlery,green
place_of_worship,New Apostolic Church,POINT (-97.8032255 30.2060233),institution,orange
place_of_worship,new foundation christian church,POINT (-97.8047942 30.2069176),institution,orange
cafe,Austin Java,POINT (-97.7966585 30.2175689),coffee,green
restaurant,Arlo Grey,POINT (-97.744034 30.262803),cutlery,green
bar,Lustre Pearl East,POINT (-97.7107585 30.2530248),beer,green
cafe,The Perch,POINT (-97.7416741 30.260507),coffee,green
cafe,Old Rail Coffee Pub,POINT (-97.6978391 30.2611369),coffee,green
restaurant,Tarka Indian Kitchen,POINT (-97.8175705 30.2309283),cutlery,green
restaurant,Souper! Salad!,POINT (-97.7929257 30.2344579),cutlery,green
restaurant,Poke-E-Joes,POINT (-97.797258 30.2370431),cutlery,green
restaurant,Fresh TOFU:  Food to Go,POINT (-97.6867055 30.3772352),cutlery,green
cafe,Bambu,POINT (-97.6872721 30.3774049),coffee,green
restaurant,June’s,POINT (-97.751131 30.2463275),cutlery,green
cafe,Paperboy,POINT (-97.7275658 30.2684502),coffee,green
restaurant,Veracruz all natural,POINT (-97.726027 30.2580035),cutlery,green
bar,Midnight Cowboy,POINT (-97.739944 30.2671147),beer,green
bar,Barracuda,POINT (-97.7363312 30.2671404),beer,green
restaurant,Pho Hanoi,POINT (-97.6851213 30.3822023),cutlery,green
cafe,SquareRüt Kava Bar,POINT (-97.7316951 30.3187661),coffee,green
bar,Maggie Mae's,POINT (-97.7396775 30.2670433),beer,green
cafe,Littlefield Patio Cafe,POINT (-97.7393939 30.2892778),coffee,green
restaurant,OneTaco Taquería @ Anderson Lane,POINT (-97.7358168 30.3596225),cutlery,green
restaurant,Vivel Crepes & Coffee,POINT (-97.9666111 30.3469671),cutlery,green
restaurant,Torchy's Tacos,POINT (-97.9673398 30.3466822),cutlery,green
restaurant,Troy,POINT (-97.7564204 30.3717722),cutlery,green
restaurant,Sakura Sushi & Bar,POINT (-97.9670512 30.3471721),cutlery,green
restaurant,Beck's Prime,POINT (-97.617643 30.4835784),cutlery,green
bar,Fairweather Cider,POINT (-97.7122229 30.385025),beer,green
bar,Perfect 10,POINT (-97.673662 30.470457),beer,green
cafe,Squarerut Kava Bar,POINT (-97.7618026 30.2619767),coffee,green
cafe,Mr. Brew Coffee,POINT (-97.7177062 30.3621042),coffee,green
restaurant,The Brewtorium,POINT (-97.7170764 30.3257938),cutlery,green
restaurant,La Feria Mexican Restaurant,POINT (-97.7442923 30.4446065),cutlery,green
restaurant,Smokey Mo's BBQ,POINT (-97.7449998 30.4417076),cutlery,green
restaurant,Tarka Indian Kitchen,POINT (-97.7353938 30.3570449),cutlery,green
restaurant,Bonchon Chicken,POINT (-97.677583 30.4811259),cutlery,green
restaurant,Bombay to Kathmandu Kitchen,POINT (-97.6954119 30.3666294),cutlery,green
restaurant,Pepe's Fruit Cup Shop,POINT (-97.6959994 30.366903),cutlery,green
bar,Futbol En Vivo,POINT (-97.6966509 30.3657169),beer,green
restaurant,Taquerias Arandinas,POINT (-97.6966756 30.3656894),cutlery,green
restaurant,Black's BBQ,POINT (-97.7413239 30.2985031),cutlery,green
restaurant,SLAB BBQ & Beer,POINT (-97.8784801 30.2353456),cutlery,green
restaurant,Pluckers Wing Bar,POINT (-97.8778279 30.235605),cutlery,green
restaurant,Tucci's Southside Subs,POINT (-97.87728 30.2341132),cutlery,green
restaurant,Xian Noodles,POINT (-97.7273341 30.4004602),cutlery,green
theatre,Emo's,POINT (-97.7280165 30.2396337),film,red
restaurant,Easy Tiger Linc,POINT (-97.7071923 30.3273152),cutlery,green
restaurant,Pizza Hut,POINT (-97.6982199 30.4381511),cutlery,green
restaurant,Wan Fu,POINT (-97.6975317 30.4376921),cutlery,green
restaurant,Poke House,POINT (-97.745991 30.4062241),cutlery,green
restaurant,Biryani & Co.,POINT (-97.7461173 30.4062304),cutlery,green
bar,Floppy Disk Repair Co.,POINT (-97.7420902 30.2667005),beer,green
restaurant,Hunan Lion,POINT (-97.7937478 30.237321),cutlery,green
restaurant,PitaLicious Mediterranean Kitchen,POINT (-97.716861 30.425355),cutlery,green
cafe,Kolache Factory,POINT (-97.7167166 30.4252916),coffee,green
restaurant,Thai Cuisine,POINT (-97.7170637 30.4254666),cutlery,green
restaurant,Silver Grill Cafe,POINT (-97.7162292 30.4250741),cutlery,green
cafe,It's a Grind Coffee House,POINT (-97.7158878 30.4249138),coffee,green
events_venue,The Venue ATX,POINT (-97.7375259 30.2669258),institution,orange
restaurant,Swad Indian Vegetarian Restaurant,POINT (-97.6770102 30.4962192),cutlery,green
restaurant,Pei Wei,POINT (-97.7952335 30.2359156),cutlery,green
restaurant,Maudie's Tex-Mex,POINT (-97.6913606 30.3710845),cutlery,green
restaurant,Kanji Ramen,POINT (-97.7650745 30.4310839),cutlery,green
cafe,Kiefer's Cafe and Catering,POINT (-97.709846 30.3880837),coffee,green
restaurant,The League Kitchen & Tavern,POINT (-97.7737997 30.4977281),cutlery,green
events_venue,Austin Moose Lodge,POINT (-97.6967269 30.2865051),institution,orange
pub,Anderson Mill Pub,POINT (-97.8068108 30.4463432),beer,green
cafe,Gong Cha,POINT (-97.7413494 30.2834028),coffee,green
restaurant,Home Slice Pizza,POINT (-97.7184664 30.3159377),cutlery,green
restaurant,Serranos Cocina y Cantina,POINT (-97.7905488 30.162357),cutlery,green
restaurant,Sangam Chettinad Indian Cuisine,POINT (-97.7439987 30.4420757),cutlery,green
restaurant,Almarah Mediterranean Cuisine,POINT (-97.8170214 30.4609302),cutlery,green
restaurant,Green Mango,POINT (-97.8472692 30.418731),cutlery,green
restaurant,Napa Flats,POINT (-97.8475634 30.4182552),cutlery,green
restaurant,360 Pizza,POINT (-97.7891958 30.3615355),cutlery,green
restaurant,Scoreboard,POINT (-97.7998197 30.370131),cutlery,green
restaurant,Bamboo Asian Grill,POINT (-97.8006352 30.3693564),cutlery,green
restaurant,Pizza Hut,POINT (-97.8446156 30.3927193),cutlery,green
pub,Oz. Tap House,POINT (-97.8454627 30.3933984),beer,green
bar,Oak Sports Bar & Grill,POINT (-97.7674918 30.2292707),beer,green
restaurant,Nikki's Pizza,POINT (-97.6703895 30.418079),cutlery,green
restaurant,Kublai Khan Crazy Mongolian Stir Fry & Sushi Bar,POINT (-97.6725219 30.4117355),cutlery,green
restaurant,Hyderabad House Austin,POINT (-97.6717499 30.4106784),cutlery,green
place_of_worship,The Austin Stone Community Church - St John's Congregation,POINT (-97.7061788 30.334797),institution,orange
events_venue,Vessel Offsite,POINT (-97.719252 30.3389256),institution,orange
restaurant,Tony C's Italian Kitchen,POINT (-97.7735483 30.4973993),cutlery,green
restaurant,Smokey Mo's BBQ,POINT (-97.777042 30.4995941),cutlery,green
restaurant,Cups and Cones,POINT (-97.8926445 30.369916),cutlery,green
pub,BB Rover's Cafe & Pub,POINT (-97.7647876 30.4308961),beer,green
restaurant,UZeat Restaurant,POINT (-97.7713063 30.4320768),cutlery,green
restaurant,New Awlins Cafe,POINT (-97.7715376 30.4327373),cutlery,green
restaurant,Fat Dragon,POINT (-97.7715743 30.4328143),cutlery,green
restaurant,Izumi Sushi,POINT (-97.8260957 30.290561),cutlery,green
restaurant,Sunflower,POINT (-97.7454683 30.4415313),cutlery,green
restaurant,Sip Saam Thai,POINT (-97.7446827 30.445276),cutlery,green
restaurant,Muro's Pizza,POINT (-97.7447368 30.4454314),cutlery,green
cafe,Intelligentsia,POINT (-97.7498946 30.2668307),coffee,green
bar,Kalimotxo,POINT (-97.750177 30.2669004),beer,green
restaurant,Little House,POINT (-97.7427252 30.3111425),cutlery,green
bar,Nickel City,POINT (-97.7281094 30.2685748),beer,green
cafe,Fleet Coffee,POINT (-97.7142906 30.2628481),coffee,green
restaurant,Discada,POINT (-97.7245889 30.2687467),cutlery,green
bar,Seven Grand,POINT (-97.7385583 30.2677234),beer,green
restaurant,Asador,POINT (-97.7387281 30.2675797),cutlery,green
restaurant,Domo Alley-Gato,POINT (-97.7262769 30.2631468),cutlery,green
bar,The Brixton,POINT (-97.7276066 30.2635546),beer,green
events_venue,Volcom Garden,POINT (-97.7301544 30.2641101),institution,orange
restaurant,Licha's Cantina,POINT (-97.7288395 30.264007),cutlery,green
events_venue,Hotel Vegas,POINT (-97.7272452 30.2634251),institution,orange
bar,Revelry Kitchen and Bar,POINT (-97.727825 30.2638211),beer,green
restaurant,Dee Dee Thai,POINT (-97.7879613 30.2315463),cutlery,green
bar,Las Perlas,POINT (-97.7386442 30.2677401),beer,green
restaurant,Cisco's Restaurant Bakery & Bar,POINT (-97.7267285 30.2629914),cutlery,green
bar,La Perla,POINT (-97.7266664 30.2632337),beer,green
bar,Fast Eddie's:  The Original Sports Tavern and Social Club,POINT (-97.7966135 30.4707689),beer,green
restaurant,Muangthai Thai Cuisine,POINT (-97.7969782 30.4721637),cutlery,green
restaurant,Biryani-N-Grill,POINT (-97.79697 30.4725247),cutlery,green
cafe,Gong Cha,POINT (-97.7232854 30.4002151),coffee,green
restaurant,DoubleDave's Pizza,POINT (-97.7864313 30.4462799),cutlery,green
cafe,Sharetea,POINT (-97.7862149 30.4461154),coffee,green
restaurant,Ola Poke,POINT (-97.7862576 30.4461457),cutlery,green
restaurant,The Melting Pot,POINT (-97.7857806 30.4458842),cutlery,green
bar,Hen,POINT (-97.7317838 30.2649667),beer,green
restaurant,Pool Burger,POINT (-97.7727396 30.2776583),cutlery,green
restaurant,Sixth and Waller,POINT (-97.7306495 30.2646369),cutlery,green
bar,Kalimotxo,POINT (-97.7227918 30.2616236),beer,green
restaurant,Il Brutto,POINT (-97.7263392 30.2628076),cutlery,green
bar,Edwin's,POINT (-97.7358935 30.2662572),beer,green
restaurant,Anthem,POINT (-97.7379039 30.2604985),cutlery,green
bar,The Upside,POINT (-97.7305481 30.2646538),beer,green
restaurant,Taqueria Kim Karina,POINT (-97.7266668 30.2631568),cutlery,green
bar,Drop Kick Cocktail Bar & Kitchen,POINT (-97.7245791 30.2624918),beer,green
bar,Little Brother,POINT (-97.7382151 30.2598097),beer,green
restaurant,La Matta,POINT (-97.7266973 30.2622848),cutlery,green
restaurant,Snooze,POINT (-97.7311464 30.2633947),cutlery,green
bar,Hi Hat Public House,POINT (-97.7189075 30.2601996),beer,green
bar,Lefty's Brick Bar,POINT (-97.7230679 30.2617222),beer,green
restaurant,Spartan Pizza,POINT (-97.7322105 30.2648584),cutlery,green
cafe,Caffe Medici,POINT (-97.6938995 30.2677245),coffee,green
restaurant,Uroko,POINT (-97.6940148 30.2675565),cutlery,green
restaurant,RPM Counter,POINT (-97.6941288 30.2674245),cutlery,green
pub,The Front Page,POINT (-97.6939035 30.2673202),beer,green
cafe,Zhi Tea,POINT (-97.6931123 30.2673527),coffee,green
restaurant,Texican Cafe,POINT (-97.8012024 30.4710909),cutlery,green
bar,Rustic Tap,POINT (-97.7491275 30.2695962),beer,green
restaurant,Tarka Indian Kitchen,POINT (-97.8008049 30.4701619),cutlery,green
restaurant,Fire Bowl Cafe,POINT (-97.7992111 30.4689111),cutlery,green
restaurant,Sundaze,POINT (-97.7840817 30.2291299),cutlery,green
restaurant,Caspian Grill,POINT (-97.7604651 30.4285964),cutlery,green
cafe,Emerald Tavern Games and Cafe,POINT (-97.7245372 30.3715088),coffee,green
restaurant,Minh's Cafe,POINT (-97.7504492 30.4287632),cutlery,green
restaurant,Basil Thai,POINT (-97.7021858 30.4180556),cutlery,green
restaurant,O'daku Sushi,POINT (-97.7023163 30.4179942),cutlery,green
restaurant,Poke Bowl,POINT (-97.7020897 30.4181903),cutlery,green
restaurant,Biryani Pot,POINT (-97.7040803 30.4172307),cutlery,green
restaurant,Group Therapy,POINT (-97.746419 30.2673146),cutlery,green
restaurant,Sunset Bar & Grill,POINT (-97.828814 30.4802049),cutlery,green
restaurant,Lemongrass by Sip Saam Thai,POINT (-97.8308122 30.4839678),cutlery,green
restaurant,Levant Cafe & Grill,POINT (-97.8309346 30.4836597),cutlery,green
restaurant,Mouton's Bistro & Bar,POINT (-97.8319791 30.4799843),cutlery,green
restaurant,Teriyaki Tom’s,POINT (-97.8210497 30.5026623),cutlery,green
restaurant,J&J BBQ & Burgers,POINT (-97.9736239 30.4738785),cutlery,green
cafe,Palamino Coffee,POINT (-97.687496 30.2793122),coffee,green
cafe,85°C,POINT (-97.717669 30.3365961),coffee,green
restaurant,Thai Lada,POINT (-97.7616244 30.4677365),cutlery,green
restaurant,Dovetail Pizza and Bar,POINT (-97.7563642 30.2467905),cutlery,green
restaurant,Haru Sushi,POINT (-97.7418717 30.3868224),cutlery,green
bar,Codependent Cocktails + Coffee,POINT (-97.7507931 30.2674513),beer,green
restaurant,Pho Hoang Restaurant,POINT (-97.6782101 30.4790875),cutlery,green
bar,Bigshotz Neighborhood Bar,POINT (-97.6781026 30.4791017),beer,green
place_of_worship,Vietnamese Unity Baptist Church,POINT (-97.6829576 30.3942728),institution,orange
cafe,Yummi Joy,POINT (-97.7482013 30.2652973),coffee,green
library,Westlake Highschool Library,POINT (-97.8140618 30.2760098),book,orange
cafe,Square Peg Coffee,POINT (-97.7364325 30.2950159),coffee,green
restaurant,ATX Cocina,POINT (-97.7492614 30.2649037),cutlery,green
restaurant,Jason's Deli,POINT (-97.8050753 30.2788349),cutlery,green
cafe,Hot L Coffee,POINT (-97.7587291 30.2621453),coffee,green
restaurant,The Cheesecake Factory,POINT (-97.8079245 30.2573805),cutlery,green
restaurant,California Pizza Kitchen,POINT (-97.8060417 30.2590845),cutlery,green
restaurant,Brotherton's Black Iron Barbecue,POINT (-97.6516403 30.4457808),cutlery,green
restaurant,Lady T Kitchen African Restaurant,POINT (-97.6514616 30.4460184),cutlery,green
bar,Lucky Lounge,POINT (-97.6515717 30.4458754),beer,green
place_of_worship,Logos Baptist Church,POINT (-97.6514704 30.4454062),institution,orange
restaurant,Jack Allen's Kitchen,POINT (-97.7395256 30.3613604),cutlery,green
restaurant,Thamnak Thai,POINT (-97.8202996 30.5030349),cutlery,green
restaurant,Jason's Deli,POINT (-97.7311358 30.357364),cutlery,green
restaurant,Little Deli & Pizzeria,POINT (-97.7254953 30.3426155),cutlery,green
place_of_worship,"RCCG Cornerstone Church Austin, ATX",POINT (-97.7165268 30.3511034),institution,orange
place_of_worship,Unity Center,POINT (-97.7166531 30.3516575),institution,orange
restaurant,Megenagna Mart and Cafe,POINT (-97.6829729 30.4353008),cutlery,green
restaurant,Crawfish Shack & Oyster Bar,POINT (-97.6828197 30.43519),cutlery,green
restaurant,Bep Saigon,POINT (-97.6718349 30.4161487),cutlery,green
restaurant,El Jarocho Cuban and Mexican grill,POINT (-97.6712044 30.4215282),cutlery,green
restaurant,Hungry Yeti Scratch Kitchen,POINT (-97.6702189 30.4197899),cutlery,green
restaurant,Ka-Prow Thai and Sushi Bistro,POINT (-97.6699133 30.4246976),cutlery,green
restaurant,Charm Korean BBQ,POINT (-97.6704441 30.4251444),cutlery,green
place_of_worship,Wells Branch Community Church: Children's Ministry,POINT (-97.6846928 30.4363962),institution,orange
place_of_worship,Wells Branch Community Church: Worship Center,POINT (-97.6841654 30.4359371),institution,orange
restaurant,El Huarache,POINT (-97.6845711 30.4362784),cutlery,green
pub,Raggedy Anne's,POINT (-97.6843557 30.4360841),beer,green
restaurant,Cyclo Vietnamese & Chinese,POINT (-97.6762807 30.4106934),cutlery,green
restaurant,Bombay Express: Authentic Indian Café,POINT (-97.6760454 30.4111325),cutlery,green
restaurant,Market Street Pizza,POINT (-97.6759799 30.4113723),cutlery,green
restaurant,Los Chilakillers,POINT (-97.6757283 30.4114358),cutlery,green
restaurant,French Quarter Grille,POINT (-97.6759045 30.4121114),cutlery,green
restaurant,Zaviya Grill,POINT (-97.680219 30.4089699),cutlery,green
restaurant,Rice Bowl Cafe,POINT (-97.6885482 30.3825064),cutlery,green
restaurant,2N1 Salad Bar and Grill,POINT (-97.6894943 30.3823407),cutlery,green
place_of_worship,Walnut Creek Baptist Church,POINT (-97.6825213 30.3941542),institution,orange
restaurant,Pok-e-Jo's Smokehouse,POINT (-97.7188561 30.2984763),cutlery,green
restaurant,Wingzup,POINT (-97.7213966 30.3000475),cutlery,green
restaurant,Kismet Cafe,POINT (-97.7214724 30.2999354),cutlery,green
restaurant,Tso Chinese Delivery,POINT (-97.7173028 30.2957282),cutlery,green
restaurant,El Pollo Rico,POINT (-97.7179976 30.2945668),cutlery,green
restaurant,Chino's Banditos,POINT (-97.8659427 30.2333861),cutlery,green
restaurant,Xian Sushi and Noodle - Mueller,POINT (-97.6990688 30.3029298),cutlery,green
restaurant,Thai Taste,POINT (-97.8754917 30.2359159),cutlery,green
restaurant,Chen Z Noodle House,POINT (-97.8658857 30.2332511),cutlery,green
restaurant,Modern Market,POINT (-97.8000084 30.2736867),cutlery,green
restaurant,Saffron,POINT (-97.800074 30.2736341),cutlery,green
restaurant,Las Palomas Restaurant and Bar,POINT (-97.800095 30.2718285),cutlery,green
restaurant,Chinatown Westlake,POINT (-97.7866543 30.2717638),cutlery,green
restaurant,Aviator Pizza & Drafthouse,POINT (-97.7161407 30.4251442),cutlery,green
restaurant,CraigO's Pizza & Pastaria,POINT (-97.7958965 30.137381),cutlery,green
restaurant,Prime Taco Grille,POINT (-97.795856 30.1373108),cutlery,green
cafe,Opera Café & Coffeehouse,POINT (-97.7957767 30.1371925),coffee,green
restaurant,Pho Please,POINT (-97.7281205 30.243124),cutlery,green
cafe,Starbucks,POINT (-97.7275435 30.2424096),coffee,green
restaurant,Pokéworks,POINT (-97.7274973 30.2423298),cutlery,green
bar,Frazier's Long and Low,POINT (-97.7199616 30.2393353),beer,green
restaurant,El Pollo Rico,POINT (-97.7202697 30.2351162),cutlery,green
restaurant,Broth & Basil,POINT (-97.5955386 30.4689694),cutlery,green
restaurant,Pho Dan,POINT (-97.6843354 30.480382),cutlery,green
restaurant,Bo Asian Bistro,POINT (-97.6838097 30.4804847),cutlery,green
restaurant,Brooklyn Pie Co.,POINT (-97.6848034 30.4805083),cutlery,green
restaurant,Veracruz All Natural,POINT (-97.6847878 30.4804443),cutlery,green
place_of_worship,Baha'i Faith of Round Rock,POINT (-97.6435088 30.4967422),institution,orange
social_centre,Graceland Alcoholics Anonymous,POINT (-97.6589229 30.4956638),institution,orange
restaurant,La Cocina,POINT (-97.6862717 30.4999941),cutlery,green
restaurant,Hunan Ranch,POINT (-97.7774603 30.4990688),cutlery,green
bar,Glass Half Full Taproom,POINT (-97.8043914 30.4755571),beer,green
restaurant,"Snow Pea - Sushi, Chinese & Asian Bistro",POINT (-97.8023233 30.4760328),cutlery,green
restaurant,cedro Scratch Italian & Wine Bar,POINT (-97.8037714 30.4759506),cutlery,green
restaurant,la Madeleine Country French Cafe,POINT (-97.8035833 30.4760658),cutlery,green
cafe,Starbucks,POINT (-97.8051037 30.4769275),coffee,green
restaurant,Mad Greens,POINT (-97.7988863 30.4692872),cutlery,green
restaurant,Soto Japanese Restaurant & Sushi Bar,POINT (-97.8010511 30.4700704),cutlery,green
restaurant,Blaze Pizza,POINT (-97.7989067 30.4757045),cutlery,green
restaurant,China Cafe,POINT (-97.7980547 30.4760761),cutlery,green
restaurant,First Watch,POINT (-97.7979403 30.4757107),cutlery,green
restaurant,Nancy's Sky Garden,POINT (-97.7946427 30.4767812),cutlery,green
cafe,Teapioca,POINT (-97.8004323 30.478409),coffee,green
restaurant,Banh Mi Galang,POINT (-97.7998882 30.4797523),cutlery,green
cafe,85°C,POINT (-97.7998915 30.4794407),coffee,green
bar,Cedar Park Pub,POINT (-97.8054463 30.4816933),beer,green
restaurant,Curry In Hurry,POINT (-97.8027809 30.4656703),cutlery,green
cafe,Civil Goat Coffee,POINT (-97.7390514 30.3009981),coffee,green
place_of_worship,The Bridge Church,POINT (-97.5686035 30.500414),institution,orange
restaurant,Batch Craft Beer & Kolaches,POINT (-97.7031142 30.2871856),cutlery,green
restaurant,The Peacock,POINT (-97.750323 30.266151),cutlery,green
restaurant,Ramos Tex-Mex Restaurant #3,POINT (-97.6947397 30.4501421),cutlery,green
restaurant,Texas Bar and Grill,POINT (-97.6947417 30.450078),cutlery,green
restaurant,Al-Demashqy Mediterranean Food Truck,POINT (-97.6859005 30.3823131),cutlery,green
restaurant,TC Noodle House,POINT (-97.6870865 30.3791231),cutlery,green
restaurant,Korean Grill,POINT (-97.6868944 30.379048),cutlery,green
restaurant,First Chinese BBQ,POINT (-97.6865252 30.3788312),cutlery,green
restaurant,Baguette House & Cafe,POINT (-97.6867436 30.3771695),cutlery,green
restaurant,Pho Saigon Noodle House,POINT (-97.6872118 30.3778971),cutlery,green
restaurant,Hu Thieu My Tho,POINT (-97.6877225 30.3781718),cutlery,green
restaurant,Santorini Cafe,POINT (-97.6840649 30.3877255),cutlery,green
restaurant,Balkan Cafe & Grill,POINT (-97.6842005 30.3880762),cutlery,green
restaurant,Mi Lindo Michoacan,POINT (-97.6837996 30.3884165),cutlery,green
bar,Smokin Beauty BBQ Cocktails Beer,POINT (-97.6834152 30.3889451),beer,green
place_of_worship,Grace Way Church Austin,POINT (-97.7892625 30.453963),institution,orange
place_of_worship,Centro Adonai,POINT (-97.7885447 30.4542492),institution,orange
pub,B.D. Riley's Irish Pub,POINT (-97.7051061 30.2981155),beer,green
restaurant,Kerbey Lane Café,POINT (-97.7037888 30.3004905),cutlery,green
restaurant,Colleen's Kitchen,POINT (-97.7047126 30.2983278),cutlery,green
restaurant,Bao'd Up,POINT (-97.70465 30.2984405),cutlery,green
restaurant,L'Oca d'Oro,POINT (-97.7046306 30.2972053),cutlery,green
pub,WhichCraft Tap Room & Bottle Shop,POINT (-97.7044545 30.2971099),beer,green
restaurant,Tsuke Edomae,POINT (-97.7074371 30.2984909),cutlery,green
marketplace,Texas Farmers' Market at Mueller,POINT (-97.703398 30.3003457),shopping-cart,green
bar,Upstairs Circus,POINT (-97.7458994 30.2649849),beer,green
cafe,Bennu Coffee,POINT (-97.7148098 30.3251243),coffee,green
restaurant,The Phở Vietnamese Kitchen,POINT (-97.7142123 30.3239009),cutlery,green
cafe,Feng Cha,POINT (-97.7137633 30.3239159),coffee,green
cafe,Café 605,POINT (-97.7388864 30.260105),coffee,green
restaurant,Golden Tiger,POINT (-97.7226262 30.2620798),cutlery,green
cafe,Merit Coffee,POINT (-97.7521411 30.2675657),coffee,green
cafe,Starbucks,POINT (-97.7919137 30.2332793),coffee,green
cafe,Starbucks,POINT (-97.793505 30.1631013),coffee,green
cafe,Starbucks,POINT (-97.8284453 30.2340388),coffee,green
cafe,Starbucks,POINT (-97.5984875 30.4672913),coffee,green
restaurant,Fixe Southern House,POINT (-97.748568 30.2687991),cutlery,green
bar,Cookbook Bar & Café,POINT (-97.7513487 30.2660797),beer,green
cinema,Violet Crown Cinema,POINT (-97.7483406 30.2656556),film,red
restaurant,Zao's,POINT (-97.8327979 30.4787876),cutlery,green
bar,Shooters,POINT (-97.8290376 30.4538149),beer,green
restaurant,Xian Sushi and Noodle,POINT (-97.7947695 30.4671977),cutlery,green
restaurant,Salvation Pizza,POINT (-97.7393772 30.2568694),cutlery,green
bar,Standard Proof Whiskey Co - Austin,POINT (-97.7394142 30.2567616),beer,green
restaurant,Emmer & Rye,POINT (-97.7391601 30.2574801),cutlery,green
restaurant,Hestia,POINT (-97.7500637 30.2668723),cutlery,green
cafe,604 Coffee,POINT (-97.719101 30.3348258),coffee,green
restaurant,i Fratelli Pizza,POINT (-97.8069555 30.2806695),cutlery,green
restaurant,Hunt Dinning Hall,POINT (-97.7530845 30.228039),cutlery,green
restaurant,Satellite,POINT (-97.8787895 30.2018235),cutlery,green
restaurant,Velvet Taco,POINT (-97.743129 30.267997),cutlery,green
cafe,Teapioca Lounge,POINT (-97.6794146 30.4903024),coffee,green
cinema,Flix Brewhouse Round Rock,POINT (-97.6797112 30.4884724),film,red
restaurant,China Wall Restaurant,POINT (-97.6803526 30.4898658),cutlery,green
restaurant,Y'alls Down-Home Southern Cafe,POINT (-97.6803651 30.4897452),cutlery,green
restaurant,Fogueira Gaúcha Brazilian Steakhouse,POINT (-97.6799366 30.4891332),cutlery,green
restaurant,Ros Niyom Thai,POINT (-97.6799186 30.4890152),cutlery,green
restaurant,Lucky's Bar & Grill,POINT (-97.6796417 30.4880822),cutlery,green
restaurant,Miso Korean & Japanese Dining,POINT (-97.6789122 30.487022),cutlery,green
restaurant,Cypress Grill,POINT (-97.8389667 30.2237723),cutlery,green
restaurant,Wholy Bagel,POINT (-97.8388048 30.2237398),cutlery,green
restaurant,Yanagi Japanese Restaurant and Sushi Bar,POINT (-97.8395869 30.2238283),cutlery,green
restaurant,Tacodeli,POINT (-97.6687169 30.2021212),cutlery,green
restaurant,Brunch Bird,POINT (-97.729491 30.2647921),cutlery,green
restaurant,EurAsia Sushi Bar & Seafood,POINT (-97.8781948 30.2347428),cutlery,green
restaurant,Komal Latin Kitchen and Bar,POINT (-97.8835797 30.3879397),cutlery,green
restaurant,Bao'd Up,POINT (-97.8176485 30.2308979),cutlery,green
restaurant,Sammataro Pizza,POINT (-97.7283136 30.2727299),cutlery,green
cafe,Spokesman - Highland,POINT (-97.7170784 30.3259723),coffee,green
restaurant,Sushi Junai Omakase,POINT (-97.743492 30.265641),cutlery,green
pub,Nomadic Beerworks,POINT (-97.7602984 30.2244145),beer,green
marketplace,Sustainable Food Center Farmers' Market,POINT (-97.7471061 30.2672548),shopping-cart,green
cafe,Starbucks,POINT (-97.7471138 30.2606838),coffee,green
restaurant,Zanzibar,POINT (-97.7418482 30.2629154),cutlery,green
restaurant,Uchibā,POINT (-97.7500534 30.2658323),cutlery,green
restaurant,Bluefin Sushi Bar and Ramen,POINT (-97.8211753 30.2292228),cutlery,green
restaurant,Pita Fusion,POINT (-97.7951848 30.4620006),cutlery,green
pub,Blue Bonnet Taproom,POINT (-97.647037 30.4919308),beer,green
restaurant,Wen's Cafe,POINT (-97.5817383 30.5043563),cutlery,green
restaurant,Fortune House,POINT (-97.5813987 30.5049154),cutlery,green
restaurant,Santa Catarina Restaurant,POINT (-97.9641499 30.3500992),cutlery,green
restaurant,Kerlaches,POINT (-97.7136925 30.262934),cutlery,green
restaurant,The Doughminican,POINT (-97.7136509 30.2629922),cutlery,green
cafe,Desnudo Coffee,POINT (-97.7138253 30.2630655),coffee,green
restaurant,Fat City,POINT (-97.7392501 30.3430607),cutlery,green
place_of_worship,San Francisco de Asis Episcopal Church,POINT (-97.8022074 30.1993501),institution,orange
bar,Tiki Tatsu-ya,POINT (-97.7632897 30.2538724),beer,green
restaurant,The Salt Lick BBQ,POINT (-97.6678492 30.2018398),cutlery,green
cafe,Caribou Coffee,POINT (-97.6688216 30.2021187),coffee,green
cafe,Cure Bakery & Coffee,POINT (-97.7926398 30.454215),coffee,green
restaurant,Chisos Grill,POINT (-97.9381694 30.3084101),cutlery,green
library,Bee Cave Public Library,POINT (-97.9398508 30.3085389),book,orange
restaurant,The Patio,POINT (-97.5976631 30.461858),cutlery,green
restaurant,Bens Soft Pretzels,POINT (-97.5963249 30.4610351),cutlery,green
restaurant,Dippin' Dots,POINT (-97.596366 30.4611155),cutlery,green
restaurant,Ray's Pizzeria,POINT (-97.5964908 30.4611771),cutlery,green
restaurant,Wise Guys,POINT (-97.6614055 30.4806728),cutlery,green
restaurant,Texas Treats,POINT (-97.596863 30.4606821),cutlery,green
restaurant,Snackin' Wagon,POINT (-97.5965566 30.4612645),cutlery,green
library,Austin Public Library - St. John Branch,POINT (-97.6937228 30.332052),book,orange
place_of_worship,The Daughters of Charity Chapel,POINT (-97.7455928 30.3056316),institution,orange
restaurant,Blue Lacy,POINT (-97.7049618 30.2979218),cutlery,green
bar,Toomey Tap Room,POINT (-97.7586593 30.2628248),beer,green
restaurant,CraigO's Pizza & Pastaria,POINT (-97.9690009 30.3389778),cutlery,green
cafe,Starbucks,POINT (-97.966619 30.3411517),coffee,green
restaurant,"Machetes, Quesadillas Gigantes",POINT (-97.6954113 30.3670015),cutlery,green
bar,Cantina 512,POINT (-97.7390007 30.2585321),beer,green
cafe,Nourish,POINT (-97.734812 30.2774682),coffee,green
restaurant,Luminaire,POINT (-97.7419028 30.2697418),cutlery,green
bar,Las Bis,POINT (-97.741756 30.2697049),beer,green
restaurant,Central Market Cafe,POINT (-97.7971638 30.2313865),cutlery,green
restaurant,Caroline,POINT (-97.7423317 30.2687274),cutlery,green
cafe,The Coffehouse at Caroline,POINT (-97.7421935 30.2687874),coffee,green
restaurant,Blenders & Bowls,POINT (-97.725339 30.262478),cutlery,green
restaurant,Marufuku Ramen,POINT (-97.7045775 30.2991768),cutlery,green
restaurant,Sbarro Pizza,POINT (-97.6431552 30.2033678),cutlery,green
restaurant,Valle Cafe,POINT (-97.643092 30.2034244),cutlery,green
cafe,Organic Coffee,POINT (-97.7421673 30.2957475),coffee,green
restaurant,Steamies Dumplings,POINT (-97.7166696 30.3365663),cutlery,green
cafe,Mañana,POINT (-97.7497778 30.2477249),coffee,green
restaurant,Bacalar,POINT (-97.7390426 30.255648),cutlery,green
restaurant,Dotty's Cafe,POINT (-97.7202082 30.335278),cutlery,green
restaurant,Granny's Tacos,POINT (-97.7280908 30.2641651),cutlery,green
restaurant,La Familia Mexican Restaurant,POINT (-97.8337514 30.2151205),cutlery,green
restaurant,Austin's Pizza,POINT (-97.832957 30.2147366),cutlery,green
restaurant,Tandoori Lounge,POINT (-97.8333973 30.2149498),cutlery,green
restaurant,Pho Thai Son,POINT (-97.8331608 30.2148353),cutlery,green
restaurant,Love 312 Pizzeria & Wings,POINT (-97.8333508 30.2153228),cutlery,green
restaurant,Lone Star Kolaches,POINT (-97.8333961 30.2153695),cutlery,green
restaurant,Soto,POINT (-97.7620108 30.2556008),cutlery,green
cafe,Medici Roasting,POINT (-97.7623743 30.25576),coffee,green
restaurant,Mandala Kitchen & Bar,POINT (-97.7621579 30.2553704),cutlery,green
restaurant,TLC,POINT (-97.7631014 30.2558239),cutlery,green
restaurant,ATX Food Co,POINT (-97.7582441 30.2598795),cutlery,green
restaurant,South Flo Pizza,POINT (-97.7763523 30.2831035),cutlery,green
restaurant,True Texas BBQ,POINT (-97.7761099 30.2829156),cutlery,green
theatre,Austin Educational Theatre,POINT (-97.8312043 30.1386809),film,red
restaurant,Backspin Texas Sports Bar & Grill,POINT (-97.8646287 30.2007208),cutlery,green
restaurant,Me Con Bistro,POINT (-97.8299027 30.2127861),cutlery,green
restaurant,Cafe Malta,POINT (-97.8303536 30.2126644),cutlery,green
cafe,Lake Austin's Coffee Spot,POINT (-97.7761478 30.282934),coffee,green
cafe,La Colombe Coffee Roasters,POINT (-97.7532554 30.27049),coffee,green
restaurant,Keepers Coastal Kitchen,POINT (-97.8680616 30.2000326),cutlery,green
restaurant,Titaya's Thai Cuisine,POINT (-97.7274668 30.3235394),cutlery,green
place_of_worship,"Third Church of Christ, Scientist",POINT (-97.9534808 30.3217965),institution,orange
theatre,Lake Travis Performing Arts Center,POINT (-97.9686242 30.3273485),film,red
restaurant,Artemis Mediterranean Grill,POINT (-97.9451746 30.309654),cutlery,green
restaurant,Simplly Pho House,POINT (-97.9824617 30.2032749),cutlery,green
cafe,SquareRüt Kava Bar,POINT (-97.9826664 30.203179),coffee,green
theatre,TexARTS,POINT (-97.9710453 30.337331),film,red
restaurant,Pao’s Mandarin House,POINT (-97.971609 30.3380938),cutlery,green
restaurant,Mandola's Italian Kitchen,POINT (-97.9418886 30.3051544),cutlery,green
library,Buda Public Library,POINT (-97.8371606 30.0868596),book,orange
restaurant,Luv Thai Cuisine,POINT (-97.8154884 30.2301175),cutlery,green
restaurant,Little China,POINT (-97.6975641 30.4075156),cutlery,green
cafe,Starbucks,POINT (-97.6654663 30.2022619),coffee,green
bar,Departure Lounge,POINT (-97.6662503 30.2020456),beer,green
pub,The Saxon Pub,POINT (-97.666366 30.2020588),beer,green
restaurant,Seco2d Bar + Kitchen,POINT (-97.6656984 30.2020642),cutlery,green
restaurant,Denny's,POINT (-97.67391 30.4169212),cutlery,green
restaurant,Shu Shu's,POINT (-97.7285134 30.3632541),cutlery,green
restaurant,Kim Phung,POINT (-97.7141965 30.3438588),cutlery,green
restaurant,Halal Bros,POINT (-97.7067622 30.392891),cutlery,green
restaurant,Maki Toki,POINT (-97.707007 30.3929803),cutlery,green
restaurant,Red Lobster,POINT (-97.7060642 30.3436319),cutlery,green
theatre,McCullough Theatre,POINT (-97.7307385 30.2866607),film,red
restaurant,China Dynasty,POINT (-97.8270589 30.1748731),cutlery,green
theatre,Black Box Theater,POINT (-97.8360166 30.4209577),film,red
bar,Fang & Feather,POINT (-97.9663774 30.1455331),beer,green
events_venue,Veranda Room,POINT (-97.9668682 30.1454821),institution,orange
restaurant,Ziki,POINT (-97.7724021 30.2479438),cutlery,green
cafe,Purr-Fecto Cat Lounge,POINT (-97.7746824 30.2478149),coffee,green
restaurant,The Burger Truck,POINT (-97.7627967 30.2635184),cutlery,green
restaurant,Coat & Thai,POINT (-97.7628549 30.2635944),cutlery,green
restaurant,Donkeys Grilled Burritos,POINT (-97.7629649 30.2634721),cutlery,green
restaurant,The Original New Orleans Po-boy And Gumbo Shop,POINT (-97.7629169 30.2636031),cutlery,green
restaurant,Aviary Wine & Kitchen,POINT (-97.7714173 30.2482393),cutlery,green
restaurant,Have A Taco,POINT (-97.7629089 30.2634412),cutlery,green
restaurant,Cannone,POINT (-97.762989 30.2635263),cutlery,green
restaurant,Habibi ATX,POINT (-97.7628425 30.2634635),cutlery,green
restaurant,Tacodeli,POINT (-97.7435454 30.2653307),cutlery,green
restaurant,Big Nonnas,POINT (-97.6577521 30.4008618),cutlery,green
restaurant,Nissi Vegan Méxican Cuisine,POINT (-97.7247135 30.3711681),cutlery,green
restaurant,Plank Seafood Provisions,POINT (-97.726838 30.4010047),cutlery,green
restaurant,The Dirdie Birdie,POINT (-97.7270812 30.3959797),cutlery,green
restaurant,La Traila #6,POINT (-97.8410525 30.2234863),cutlery,green
restaurant,Darsan Namaste,POINT (-97.8407668 30.2234192),cutlery,green
restaurant,Veracruz Fonda and Bar,POINT (-97.7055225 30.298098),cutlery,green
restaurant,Donut Empire,POINT (-97.6480443 30.4086084),cutlery,green
cafe,La Madeleine,POINT (-97.709145 30.3063809),coffee,green
restaurant,Fabrik Austin,POINT (-97.7229995 30.27929),cutlery,green
theatre,Comedy Mothership,POINT (-97.7396117 30.2673635),film,red
restaurant,ZIKI,POINT (-97.7442323 30.2655244),cutlery,green
restaurant,ZIKI,POINT (-97.7532413 30.2733418),cutlery,green
restaurant,ZIKI,POINT (-97.752692 30.2423348),cutlery,green
restaurant,Taqueria 1836,POINT (-97.7804614 30.2453306),cutlery,green
cafe,Maha Coffee,POINT (-97.7758453 30.2474739),coffee,green
restaurant,Jet's Pizza,POINT (-97.7833416 30.2423433),cutlery,green
restaurant,Aba,POINT (-97.7478012 30.2530792),cutlery,green
place_of_worship,Holy Family Catholic Church,POINT (-97.6831305 30.1600505),institution,orange
restaurant,Double Dave's Pizza Works,POINT (-97.5410301 30.3479131),cutlery,green
cafe,Mirandas Cafe,POINT (-97.7428231 30.2653919),coffee,green
restaurant,Truluck's,POINT (-97.7453973 30.2658847),cutlery,green
restaurant,Tex Mex Joe's,POINT (-97.7150753 30.3446029),cutlery,green
restaurant,SOHA,POINT (-97.7149075 30.3481635),cutlery,green
restaurant,K BBQ,POINT (-97.7172883 30.3364816),cutlery,green
restaurant,bb.q Chicken,POINT (-97.7167081 30.3364058),cutlery,green
restaurant,Sazan Ramen,POINT (-97.7166085 30.336657),cutlery,green
restaurant,Snow Ball Rice Ball,POINT (-97.7166016 30.3368926),cutlery,green
restaurant,Bun Belly,POINT (-97.7166443 30.3370306),cutlery,green
restaurant,Bamboo House Austin,POINT (-97.7185456 30.3389567),cutlery,green
restaurant,Vigilante Gastropub & Games,POINT (-97.7183287 30.3393399),cutlery,green
restaurant,Luby’s,POINT (-97.6883365 30.3343873),cutlery,green
restaurant,Mama Betty's Tex-Mex Cantina,POINT (-97.769834 30.4871742),cutlery,green
cafe,Cuppa Austin Coffee,POINT (-97.7664202 30.4780176),coffee,green
cafe,Sunrise at Shore,POINT (-97.894979 30.2496313),coffee,green
cafe,El Tigre,POINT (-97.7223157 30.27351),coffee,green
restaurant,Verbena,POINT (-97.7488753 30.2698939),cutlery,green
place_of_worship,Wesley Foundation of Austin-Campus Ministry,POINT (-97.7441609 30.2852696),institution,orange
cafe,Starbucks,POINT (-97.7447361 30.2850801),coffee,green
restaurant,Zalat Pizza,POINT (-97.7448994 30.2870884),cutlery,green
cafe,TSAOCAA,POINT (-97.7449201 30.286841),coffee,green
restaurant,Burger Bar,POINT (-97.7427998 30.2821105),cutlery,green
bar,Subterra Agave Bar,POINT (-97.7528544 30.2668517),beer,green
restaurant,CAVA,POINT (-97.742615 30.267824),cutlery,green
restaurant,Taco Miendo,POINT (-97.6959705 30.4150913),cutlery,green
restaurant,Gatti's Pizza,POINT (-97.6969219 30.415549),cutlery,green
cafe,Rocket Coffee,POINT (-97.7617151 30.4680786),coffee,green
restaurant,Placita's,POINT (-97.7451635 30.1945886),cutlery,green
restaurant,CAVA,POINT (-97.7992479 30.2730999),cutlery,green
restaurant,Taqueria Huentitan,POINT (-97.563548 30.348626),cutlery,green
restaurant,Pizza Hut,POINT (-97.5536436 30.3497393),cutlery,green
restaurant,Pho YES,POINT (-97.553955 30.3498669),cutlery,green
restaurant,Chokdee Thai Cuisine,POINT (-97.5545247 30.3498535),cutlery,green
restaurant,Tacos Las Amazonas,POINT (-97.7924076 30.1839341),cutlery,green
restaurant,Tacos Ricos,POINT (-97.7926829 30.1846143),cutlery,green
restaurant,Branch BBQ & Catering,POINT (-97.6739255 30.4355549),cutlery,green
restaurant,Hawaii Neo Cafe,POINT (-97.7927529 30.1845182),cutlery,green
restaurant,China Fun,POINT (-97.6873152 30.356431),cutlery,green
place_of_worship,Iglesia del rey,POINT (-97.7995986 30.2162169),institution,orange
cafe,Jo's Coffee,POINT (-97.7976628 30.215817),coffee,green
restaurant,Pho Phong Luu,POINT (-97.6570164 30.3789069),cutlery,green
restaurant,Milano Pizza,POINT (-97.7868289 30.2101058),cutlery,green
restaurant,PHO 63,POINT (-97.6908437 30.3808017),cutlery,green
restaurant,Mi Sabor Oaxaqueño,POINT (-97.69055 30.3739393),cutlery,green
restaurant,Taqueria Hope,POINT (-97.7083465 30.3508793),cutlery,green
restaurant,Tacos La Esmeralda,POINT (-97.7049684 30.3336384),cutlery,green
restaurant,Mi Trailita Y Mas,POINT (-97.6814344 30.3051561),cutlery,green
restaurant,Los Catrachos,POINT (-97.6719673 30.3746476),cutlery,green
restaurant,East Buffer,POINT (-97.7680862 30.1902469),cutlery,green
restaurant,Bistro Vonish,POINT (-97.7166158 30.3153113),cutlery,green
restaurant,Willie's Bar-B-Que,POINT (-97.6840754 30.2852756),cutlery,green
bar,Spinners,POINT (-97.6713075 30.430739),beer,green
theatre,The Rosette,POINT (-97.7356419 30.3042508),film,red
restaurant,5280 Burger and Taphouse,POINT (-97.7540535 30.3526685),cutlery,green
restaurant,Pita Shack,POINT (-97.6112924 30.4421984),cutlery,green
place_of_worship,First His Kingdom,POINT (-97.6113997 30.4422508),institution,orange
restaurant,Moi Vietnamese Grill,POINT (-97.6152124 30.4344356),cutlery,green
restaurant,Halal Wings,POINT (-97.7075266 30.3065302),cutlery,green
restaurant,The Halal Corner,POINT (-97.7077002 30.3062708),cutlery,green
restaurant,The Kebab Shop,POINT (-97.708902 30.3062763),cutlery,green
restaurant,Gino's Vino,POINT (-97.7068937 30.3072827),cutlery,green
place_of_worship,Midtown Church,POINT (-97.7194294 30.3044842),institution,orange
place_of_worship,Iglesia CAPITAL,POINT (-97.7192975 30.3044219),institution,orange
place_of_worship,Iglesia Tabernaculo de la Verdad,POINT (-97.6257424 30.4653282),institution,orange
place_of_worship,His Highest Praise,POINT (-97.6256439 30.4654995),institution,orange
restaurant,Frost Bites Shaved Ice,POINT (-97.6265154 30.4654119),cutlery,green
restaurant,Xian Sushi and Noodle,POINT (-97.6106591 30.4974835),cutlery,green
restaurant,Double Dave's Pizza Works,POINT (-97.7910656 30.1625582),cutlery,green
cafe,Starbucks,POINT (-97.8270471 30.4532051),coffee,green
restaurant,Marye's Gourmet Pizza,POINT (-97.8073672 30.2784363),cutlery,green
restaurant,Blue Dahlia Bistro,POINT (-97.8077254 30.278569),cutlery,green
restaurant,Eldorado Cafe,POINT (-97.7423083 30.3621876),cutlery,green
cafe,Starbucks,POINT (-97.8000795 30.2759203),coffee,green
restaurant,Flower Child,POINT (-97.8004828 30.2753219),cutlery,green
restaurant,Baldinucci Pizza Romana,POINT (-97.8006328 30.2751282),cutlery,green
restaurant,Bureau de Poste,POINT (-97.7300679 30.306848),cutlery,green
cafe,Maňana,POINT (-97.7545299 30.2672874),coffee,green
restaurant,Elementary,POINT (-97.768525 30.2491556),cutlery,green
restaurant,Super Thai Cuisine,POINT (-97.7684445 30.2491788),cutlery,green
bar,Llano Lounge,POINT (-97.7437181 30.2650052),beer,green
cafe,Hui Lau Shan,POINT (-97.7187041 30.3387832),coffee,green
restaurant,Jet's Pizza,POINT (-97.830118 30.4821439),cutlery,green
restaurant,Gino's Italian Restaurant and Pizza,POINT (-97.6755181 30.4954508),cutlery,green
restaurant,Tacos y mas,POINT (-97.8163195 30.1866822),cutlery,green
events_venue,Peached Social House,POINT (-97.7225705 30.3325931),institution,orange
restaurant,Manny's,POINT (-97.7457896 30.2677115),cutlery,green
bar,Powder Room,POINT (-97.7457978 30.2676872),beer,green
theatre,Phantom Acting Studio,POINT (-97.7953322 30.4467562),film,red
restaurant,Dish Society,POINT (-97.7051787 30.2984383),cutlery,green
restaurant,Chuy's,POINT (-97.7036543 30.2999584),cutlery,green
restaurant,Dragon Express,POINT (-97.5836021 30.2481836),cutlery,green
restaurant,Antojitos Hondureños,POINT (-97.685544 30.3329558),cutlery,green
cafe,mr. boba,POINT (-97.8412026 30.4763186),coffee,green
restaurant,Daichi Sushi & Grill,POINT (-97.8411236 30.4763422),cutlery,green
restaurant,Joi Asian Bistro,POINT (-97.7215648 30.4029698),cutlery,green
cafe,Heartland City Club,POINT (-97.765193 30.2755268),coffee,green
restaurant,Com Tam Pa Phi,POINT (-97.6369203 30.404307),cutlery,green
restaurant,Asian Food,POINT (-97.6372682 30.4042707),cutlery,green
restaurant,Antojitos Salvadoreños,POINT (-97.6371795 30.4047037),cutlery,green
restaurant,Oma's Kitchen,POINT (-97.7416398 30.2836879),cutlery,green
restaurant,Mary's Cafe,POINT (-97.7266127 30.2912527),cutlery,green
restaurant,Wee's Cozy Kitchen,POINT (-97.7423352 30.2683825),cutlery,green
restaurant,Suprabhat,POINT (-97.7665577 30.478359),cutlery,green
restaurant,Mission Burger Co.,POINT (-97.7523609 30.2408637),cutlery,green
restaurant,Next Level Burger,POINT (-97.7534578 30.2707011),cutlery,green
restaurant,The Beer Plant,POINT (-97.7677277 30.296615),cutlery,green
restaurant,The Well,POINT (-97.7482929 30.2656257),cutlery,green
cafe,Heaven's Bistro Bakery,POINT (-97.6991271 30.4168674),coffee,green
cafe,Sip Munch Cafe,POINT (-97.689915 30.4120965),coffee,green
restaurant,Vaqueros Cafe & Cantina,POINT (-97.8862242 30.3753525),cutlery,green
restaurant,Pizzeria Sportiva,POINT (-97.7642917 30.2525199),cutlery,green
restaurant,Thundercloud Subs,POINT (-97.7052443 30.3215448),cutlery,green
restaurant,Julie’s Noodle,POINT (-97.7157753 30.3610659),cutlery,green
restaurant,Pizza Hut,POINT (-97.765301 30.2010536),cutlery,green
restaurant,YUKI Handroll Bar,POINT (-97.8318038 30.2960161),cutlery,green
restaurant,Swim Club,POINT (-97.7347217 30.2702041),cutlery,green
bar,Parish,POINT (-97.7339773 30.2648207),beer,green
bar,My Oh My,POINT (-97.7340781 30.2650165),beer,green
restaurant,Casa Colombia,POINT (-97.7148283 30.2608046),cutlery,green
theatre,Capitol City Comedy Club,POINT (-97.7257507 30.402719),film,red
place_of_worship,Wells branch Church of Christ,POINT (-97.674889 30.4264109),institution,orange
place_of_worship,Nagendra Swami,POINT (-97.6184301 30.282122),institution,orange
restaurant,Annapurna Kitchen,POINT (-97.6190099 30.2822618),cutlery,green
restaurant,Texican Cafe,POINT (-97.8340963 30.1457236),cutlery,green
theatre,Stubb's Waller Creek Ampitheater,POINT (-97.7360568 30.2686566),film,red
restaurant,Salerno Cucina Italiana,POINT (-97.8306404 30.4846244),cutlery,green
restaurant,Craig O's Pizza & Pastaria,POINT (-97.8207967 30.2357649),cutlery,green
cafe,Sweet Paris,POINT (-97.7264596 30.4019256),coffee,green
restaurant,Sweetgreen,POINT (-97.7228063 30.4006129),cutlery,green
restaurant,Buddy's Burger,POINT (-97.6766916 30.3460513),cutlery,green
bar,Reina Rooftop,POINT (-97.7406409 30.2639979),beer,green
bar,Roma,POINT (-97.740611 30.264074),beer,green
bar,ReyRey + Taqueria 10de10,POINT (-97.7406658 30.2639386),beer,green
restaurant,Jaipur Palace,POINT (-97.7925865 30.1554632),cutlery,green
restaurant,Waffle House,POINT (-97.648124 30.4837394),cutlery,green
restaurant,Jupiter Supper Club,POINT (-97.7424206 30.2697532),cutlery,green
cafe,Idlewild Coffee,POINT (-97.7496715 30.2765365),coffee,green
bar,The Coral Snake,POINT (-97.7236539 30.2571286),beer,green
restaurant,Nando's,POINT (-97.7048383 30.298121),cutlery,green
restaurant,Pluckers Wing Bar,POINT (-97.70777 30.3239695),cutlery,green
restaurant,Pluckers Wing Bar,POINT (-97.7278594 30.372676),cutlery,green
cafe,Texas Coffee Roasters,POINT (-97.7048592 30.2576584),coffee,green
restaurant,Santiago’s Tex-Mex Cafe,POINT (-97.7246145 30.4963744),cutlery,green
restaurant,Noble Sandwich Co,POINT (-97.6644599 30.2022362),cutlery,green
cafe,Zocalo Cafe,POINT (-97.664333 30.2022458),coffee,green
bar,Beerdrop,POINT (-97.6645285 30.2022809),beer,green
bar,Vino Volo,POINT (-97.6632304 30.2022864),beer,green
restaurant,Sushi a go go,POINT (-97.6644107 30.2022376),cutlery,green
restaurant,Via 313 Pizza,POINT (-97.7414335 30.2978688),cutlery,green
restaurant,Pizza Twist,POINT (-97.6718269 30.4775418),cutlery,green
restaurant,The Kebab Shop,POINT (-97.5967096 30.4665928),cutlery,green
cafe,Fleet Coffee,POINT (-97.7115843 30.2856787),coffee,green
restaurant,Yushiko Ramen & Sushi,POINT (-97.7882996 30.1696758),cutlery,green
theatre,AFS Cinema,POINT (-97.707802 30.3264145),film,red
restaurant,Arepitas,POINT (-97.6610844 30.4810733),cutlery,green
restaurant,Tenten,POINT (-97.7475552 30.2692655),cutlery,green
restaurant,Bull & Bowl,POINT (-97.7476863 30.2693069),cutlery,green
restaurant,Perfect Strangers,POINT (-97.7463189 30.267122),cutlery,green
bar,The Cabana Bar at Hotel ZaZa,POINT (-97.7464843 30.2673277),beer,green
restaurant,Goya Sushi & Grill,POINT (-97.7954631 30.4619117),cutlery,green
cafe,Starbucks,POINT (-97.7212458 30.4027582),coffee,green
restaurant,La Crawfish,POINT (-97.756851 30.2211587),cutlery,green
cafe,Austea,POINT (-97.7567513 30.2213187),coffee,green
restaurant,Coco’s Cafe,POINT (-97.7155755 30.3611102),cutlery,green
restaurant,House of Three Gorges,POINT (-97.7153921 30.3617553),cutlery,green
bar,The Austin Eagle,POINT (-97.6668989 30.3310359),beer,green
restaurant,Aleida's,POINT (-97.8289202 30.480057),cutlery,green
cafe,Starbucks,POINT (-97.7383962 30.2652626),coffee,green
cafe,Phoebe's Diner,POINT (-97.7448779 30.2740058),coffee,green
cafe,The Star Cafe,POINT (-97.7388481 30.2799893),coffee,green
restaurant,Ramen Del Barrio,POINT (-97.6867058 30.4127279),cutlery,green
restaurant,Spread & co,POINT (-97.7733716 30.3124405),cutlery,green
cafe,Malone Coffee,POINT (-97.830573 30.4848079),coffee,green
cafe,Black Sheep Coffee,POINT (-97.7464777 30.2693448),coffee,green
restaurant,Mangieri's Pizza Cafe,POINT (-97.8789622 30.2012745),cutlery,green
restaurant,District Kitchen + Cocktails,POINT (-97.8796223 30.201444),cutlery,green
restaurant,Que Divino Cocina Mexicana,POINT (-97.7487821 30.3570795),cutlery,green
restaurant,Pho Viet,POINT (-97.6579338 30.4818076),cutlery,green
restaurant,Pho Viet,POINT (-97.6578811 30.4818404),cutlery,green
cafe,Summer Moon Coffee,POINT (-97.7302023 30.3555394),coffee,green
restaurant,An Nyeong K Tofu & BBQ,POINT (-97.7390648 30.3215358),cutlery,green
restaurant,Thundercloud Subs,POINT (-97.723803 30.3824074),cutlery,green
place_of_worship,The Bridge Church,POINT (-97.5687762 30.5027711),institution,orange
bar,Cosmic Saltillo,POINT (-97.7299881 30.2622871),beer,green
bar,Feral Housewife Wine,POINT (-97.9535716 30.2245092),beer,green
library,Perry-Castañeda Library,"POLYGON ((-97.7384497 30.2834103, -97.7384657 30.283256, -97.7384913 30.2829748, -97.7386467 30.2829863, -97.7386752 30.2827104, -97.7386886 30.2825729, -97.7385002 30.2823819, -97.7382471 30.282362, -97.7382675 30.2821435, -97.7379789 30.2823558, -97.7377426 30.2825198, -97.7377001 30.2829414, -97.7377492 30.2829451, -97.7377466 30.2829715, -97.7379989 30.2829904, -97.7379975 30.2830045, -97.7380533 30.2830087, -97.7380711 30.2830101, -97.7384497 30.2834103))",book,orange
restaurant,Serranos Cocina y Cantina,"POLYGON ((-97.8020085 30.4727297, -97.8019556 30.4727459, -97.8019514 30.4727356, -97.8017503 30.4727971, -97.8016601 30.4725784, -97.8018696 30.4725142, -97.8018658 30.4725051, -97.8019102 30.4724915, -97.8020085 30.4727297))",cutlery,green
restaurant,Applebee's,"POLYGON ((-97.7997338 30.4722124, -97.7995838 30.4722586, -97.7995224 30.4721107, -97.7994885 30.4720291, -97.7996385 30.4719828, -97.7997338 30.4722124))",cutlery,green
restaurant,Pluckers Wing Bar,"POLYGON ((-97.8037529 30.4684879, -97.8036041 30.4686314, -97.8034172 30.4684874, -97.8034442 30.4684594, -97.8034047 30.4683718, -97.8035398 30.4683261, -97.8036595 30.4684159, -97.8037529 30.4684879))",cutlery,green
restaurant,Chili's,"POLYGON ((-97.8037355 30.4675607, -97.8040304 30.4674703, -97.8040028 30.4674034, -97.8040358 30.4673933, -97.8040096 30.46733, -97.8039766 30.4673401, -97.8039543 30.467286, -97.8037746 30.4673394, -97.8036594 30.4673765, -97.8037355 30.4675607))",cutlery,green
restaurant,Fuddruckers,"POLYGON ((-97.8051701 30.4670809, -97.8049464 30.4671508, -97.8049002 30.4671653, -97.8048182 30.4669704, -97.8049426 30.4669315, -97.8050881 30.466886, -97.8051701 30.4670809))",cutlery,green
restaurant,Foxhole Culinary Tavern,"POLYGON ((-97.7984686 30.4744703, -97.7984317 30.4744812, -97.7982161 30.4745464, -97.7981668 30.4745605, -97.7980969 30.4743869, -97.7983988 30.4742967, -97.798415 30.4743369, -97.7984686 30.4744703))",cutlery,green
restaurant,IHOP,"POLYGON ((-97.7952733 30.4677401, -97.7950831 30.4676783, -97.7951802 30.4674564, -97.7953704 30.4675183, -97.7952733 30.4677401))",cutlery,green
restaurant,Freda's Seafood Grille,"POLYGON ((-97.8039547 30.4638666, -97.8036909 30.4639504, -97.8037179 30.4640136, -97.8037595 30.4641108, -97.8040233 30.4640269, -97.8039547 30.4638666))",cutlery,green
restaurant,Olive Garden,"POLYGON ((-97.8021973 30.4659949, -97.8020808 30.4660303, -97.8020862 30.4660435, -97.8019389 30.4660883, -97.8019151 30.4660794, -97.8018912 30.4660705, -97.8018997 30.4660536, -97.801892 30.4660347, -97.8018533 30.4660465, -97.8018239 30.4659749, -97.8018641 30.4659626, -97.8018246 30.4658663, -97.8019431 30.4658302, -97.8019363 30.4658136, -97.802107 30.4657616, -97.8021541 30.4658768, -97.802165 30.4658735, -97.802192 30.4659394, -97.8021765 30.4659441, -97.8021973 30.4659949))",cutlery,green
restaurant,Alzer's BBQ,"POLYGON ((-97.8184854 30.5004275, -97.8180734 30.5006567, -97.8179704 30.5005162, -97.8183566 30.5002722, -97.8184854 30.5004275))",cutlery,green
place_of_worship,Lakehills Free Will Baptist Church,"POLYGON ((-97.8336422 30.4782607, -97.8334828 30.4781938, -97.8337491 30.4777224, -97.8338689 30.4777727, -97.8337828 30.477925, -97.8339766 30.4780064, -97.8339083 30.4781273, -97.8337542 30.4780626, -97.8336422 30.4782607))",institution,orange
library,Collections Deposit Library,"POLYGON ((-97.733126 30.2789814, -97.733255 30.2786354, -97.732964 30.2785546, -97.7328351 30.2789006, -97.733126 30.2789814))",book,orange
place_of_worship,CrossPointe Church,"POLYGON ((-97.7328506 30.4456606, -97.7327299 30.445893, -97.7327898 30.4459161, -97.7327036 30.4460822, -97.7325508 30.4460232, -97.7325225 30.4460777, -97.7324208 30.4460384, -97.7324468 30.4459883, -97.7323072 30.4459344, -97.7325164 30.4455317, -97.7328506 30.4456606))",institution,orange
cafe,Mozart's Coffee Roasters,"POLYGON ((-97.7843657 30.2955191, -97.7843736 30.2954737, -97.7843212 30.2954669, -97.7843332 30.295398, -97.7841583 30.2953752, -97.7841427 30.2954642, -97.7843163 30.2954868, -97.7843119 30.2955121, -97.7843657 30.2955191))",coffee,green
restaurant,Garbo's,"POLYGON ((-97.7022077 30.4235445, -97.7020955 30.4235267, -97.7020236 30.4235678, -97.7019627 30.4238542, -97.7021359 30.4238816, -97.7022077 30.4235445))",cutlery,green
events_venue,Banquet Hall,"POLYGON ((-97.6216949 30.2957134, -97.6215833 30.2952835, -97.6210941 30.2953576, -97.6212143 30.2957875, -97.6216949 30.2957134))",institution,orange
restaurant,La Tapatia,"POLYGON ((-97.7904075 30.4464073, -97.7903341 30.4463267, -97.790205 30.4464141, -97.7902784 30.4464947, -97.7904075 30.4464073))",cutlery,green
cafe,The Coffee Bean & Tea Leaf,"POLYGON ((-97.7902409 30.4458241, -97.7901784 30.4457566, -97.7901286 30.4457908, -97.7901204 30.4457819, -97.7900869 30.4458049, -97.7900953 30.4458141, -97.7900288 30.4458598, -97.790091 30.4459271, -97.7902409 30.4458241))",coffee,green
restaurant,Main Event,"POLYGON ((-97.7851596 30.445397, -97.784658 30.4450116, -97.7839173 30.4457282, -97.7844185 30.4461133, -97.7847216 30.4458201, -97.7848033 30.4457411, -97.7847738 30.4457184, -97.7848384 30.4456559, -97.7848683 30.4456789, -97.7851596 30.445397))",cutlery,green
restaurant,Cheddar's,"POLYGON ((-97.7879777 30.446063, -97.7877438 30.445872, -97.7877168 30.4458966, -97.787689 30.4458739, -97.7875848 30.4459686, -97.7876249 30.4460014, -97.7875518 30.4460679, -97.7877471 30.4462274, -97.7878864 30.4461006, -97.7879127 30.4461221, -97.7879777 30.446063))",cutlery,green
restaurant,Cover 2,"POLYGON ((-97.7915477 30.4572388, -97.7914882 30.4570686, -97.7912308 30.4571356, -97.7912904 30.4573058, -97.7915477 30.4572388))",cutlery,green
restaurant,County Line on the Lake,"POLYGON ((-97.7859181 30.3569777, -97.7855938 30.3568965, -97.7855655 30.3569806, -97.7852839 30.3569101, -97.7852598 30.3569816, -97.7853134 30.356995, -97.7852882 30.35707, -97.7856277 30.3571552, -97.7855931 30.357258, -97.7856599 30.3572748, -97.7856957 30.3571682, -97.7858417 30.3572047, -97.7859181 30.3569777))",cutlery,green
restaurant,China Star Buffet,"POLYGON ((-97.70394 30.3229893, -97.7035952 30.3229648, -97.7035762 30.3231633, -97.7036154 30.3231661, -97.7036078 30.3232468, -97.703647 30.3232496, -97.703641 30.3233134, -97.7039072 30.3233324, -97.70394 30.3229893))",cutlery,green
restaurant,Pappadeaux,"POLYGON ((-97.7048588 30.3251693, -97.7046711 30.3251504, -97.7046176 30.3255459, -97.7047472 30.325559, -97.7047442 30.3255815, -97.7047367 30.3256369, -97.7048239 30.3256457, -97.7048313 30.3255908, -97.7048335 30.3255746, -97.704913 30.3255826, -97.7049589 30.3252429, -97.7048503 30.325232, -97.7048588 30.3251693))",cutlery,green
restaurant,Seareinas,"POLYGON ((-97.7042851 30.3275741, -97.7039709 30.3275853, -97.7039795 30.3277636, -97.7041697 30.3277568, -97.7041675 30.3277106, -97.7042914 30.3277062, -97.7042851 30.3275741))",cutlery,green
restaurant,Chili's,"POLYGON ((-97.7049902 30.3277577, -97.7047287 30.3277577, -97.7047287 30.3279616, -97.7049902 30.3279616, -97.7049902 30.3277577))",cutlery,green
restaurant,Japon Sushi,"POLYGON ((-97.7050037 30.3287124, -97.7047758 30.3286777, -97.7047259 30.3289217, -97.7049538 30.3289565, -97.7050037 30.3287124))",cutlery,green
restaurant,Maudie's Tex Mex,"POLYGON ((-97.7757304 30.2828623, -97.775648 30.2828237, -97.7756045 30.2828033, -97.7756208 30.2827774, -97.7755346 30.2827371, -97.7754723 30.282836, -97.7756844 30.2829356, -97.7757304 30.2828623))",cutlery,green
place_of_worship,Dell Jewish Community Campus,"POLYGON ((-97.7584785 30.3603257, -97.7570667 30.3597134, -97.7544098 30.3584772, -97.7548545 30.3573021, -97.7550796 30.3569596, -97.7560787 30.3559099, -97.7563001 30.3556999, -97.7592076 30.357086, -97.7601618 30.3575438, -97.7595846 30.3585338, -97.7584785 30.3603257))",institution,orange
library,Austin Public Library - Yarborough Branch,"POLYGON ((-97.7407547 30.3232214, -97.7404906 30.3235856, -97.740709 30.3236973, -97.740962 30.3233365, -97.7407547 30.3232214))",book,orange
place_of_worship,Faith Lutheran Church,"POLYGON ((-97.7288748 30.3386428, -97.7291066 30.3382502, -97.7289381 30.3381702, -97.7288405 30.3381095, -97.7290637 30.3377243, -97.72848 30.3374576, -97.7279909 30.3382311, -97.7288748 30.3386428))",institution,orange
place_of_worship,Hope Chapel,"POLYGON ((-97.7306078 30.3395403, -97.7298783 30.3392144, -97.7295521 30.3397329, -97.7298831 30.3398893, -97.7296518 30.340226, -97.7297387 30.3403334, -97.7298257 30.3404705, -97.7300562 30.3403229, -97.7306078 30.3395403))",institution,orange
place_of_worship,First Unitarian Universalist Church of Austin,"POLYGON ((-97.7379941 30.3169083, -97.7392639 30.3175252, -97.7387867 30.3182371, -97.738694 30.3181945, -97.7382037 30.3179696, -97.737539 30.317659, -97.7379941 30.3169083))",institution,orange
library,Lorenzo de Zavala State Archive and Library,"POLYGON ((-97.7387221 30.2735984, -97.7385182 30.2735368, -97.7384451 30.2737279, -97.7383011 30.2736842, -97.7381938 30.2739797, -97.7383409 30.2740209, -97.7382682 30.2742128, -97.7384749 30.2742696, -97.7387221 30.2735984))",book,orange
cafe,Jo's Coffee Red River,"POLYGON ((-97.7220134 30.2998365, -97.7218542 30.2997621, -97.7218108 30.2998313, -97.72197 30.2999057, -97.7220134 30.2998365))",coffee,green
cafe,Starbucks,"POLYGON ((-97.8471269 30.1826884, -97.847016 30.182636, -97.8469028 30.1828147, -97.846914 30.18282, -97.8468937 30.1828522, -97.8469744 30.1828904, -97.8469949 30.1828581, -97.8470138 30.182867, -97.8471269 30.1826884))",coffee,green
restaurant,Beto’s,"POLYGON ((-97.8057896 30.2033106, -97.8058485 30.2031437, -97.8056583 30.2030935, -97.8055994 30.2032605, -97.8057896 30.2033106))",cutlery,green
restaurant,P.F. Chang's,"POLYGON ((-97.7411479 30.263813, -97.7415545 30.2639307, -97.7416303 30.2637354, -97.7412237 30.2636177, -97.7411479 30.263813))",cutlery,green
place_of_worship,Jesus Lutheran Church of the Deaf,"POLYGON ((-97.7514902 30.2509108, -97.7513833 30.2508565, -97.7510212 30.2513884, -97.7510076 30.2514084, -97.7511495 30.2514804, -97.7512924 30.2515531, -97.7513209 30.2515112, -97.7513936 30.2515481, -97.7514346 30.2514879, -97.7513748 30.2514575, -97.7514027 30.2514165, -97.7513032 30.2513659, -97.7514367 30.2511698, -97.75139 30.251146, -97.7514704 30.2510279, -97.7514259 30.2510053, -97.7514902 30.2509108))",institution,orange
place_of_worship,Church of Christ,"POLYGON ((-97.7527428 30.2498321, -97.7526248 30.2500916, -97.7521902 30.2499711, -97.7520883 30.2499387, -97.7520239 30.2497997, -97.752099 30.2496514, -97.7527428 30.2498321))",institution,orange
place_of_worship,Grace Community Church,"POLYGON ((-97.8046506 30.4532659, -97.8046305 30.4532091, -97.8044315 30.4532612, -97.8045395 30.4535674, -97.8045814 30.4535564, -97.8045892 30.4535785, -97.8045975 30.4536022, -97.8047198 30.4535702, -97.8047109 30.4535448, -97.804705 30.4535282, -97.8047442 30.4535179, -97.8047189 30.4534461, -97.8047594 30.4534355, -97.8046955 30.4532542, -97.8046506 30.4532659))",institution,orange
restaurant,Jim's,"POLYGON ((-97.7715257 30.4344823, -97.7716174 30.4343477, -97.7713468 30.4342107, -97.7712552 30.4343454, -97.7715257 30.4344823))",cutlery,green
restaurant,IHOP,"POLYGON ((-97.7473904 30.4166713, -97.7471488 30.4165614, -97.7472772 30.4163679, -97.7475139 30.4164798, -97.7473904 30.4166713))",cutlery,green
restaurant,Outback Steakhouse,"POLYGON ((-97.7473671 30.4158424, -97.7473309 30.4156341, -97.7470001 30.4156768, -97.7470362 30.4158851, -97.7473671 30.4158424))",cutlery,green
restaurant,Rudy's Country Store & Bar-B-Q,"POLYGON ((-97.7471625 30.4142679, -97.7471395 30.4141449, -97.7471882 30.4141381, -97.7471633 30.4140044, -97.7467664 30.4140594, -97.7468061 30.4142722, -97.7468829 30.4143173, -97.747007 30.4143001, -97.7470051 30.4142898, -97.7471625 30.4142679))",cutlery,green
restaurant,Manuel's,"POLYGON ((-97.7494366 30.3968503, -97.749448 30.3967206, -97.7493789 30.396716, -97.749383 30.39667, -97.7493483 30.3966677, -97.749356 30.3965808, -97.7492444 30.3965735, -97.749233 30.3967025, -97.7491744 30.3966987, -97.7491626 30.3968323, -97.7494366 30.3968503))",cutlery,green
cinema,Arbor Cinema @ Great Hills,"POLYGON ((-97.7488733 30.3960473, -97.748846 30.3960203, -97.7489458 30.3959452, -97.7490293 30.3958825, -97.7490611 30.3959139, -97.7491426 30.395918, -97.7491507 30.3958161, -97.7492137 30.3958198, -97.7492321 30.3955889, -97.7490748 30.3955796, -97.7490738 30.3955931, -97.7488533 30.3955801, -97.748852 30.3955958, -97.7485919 30.3955804, -97.7485735 30.3958124, -97.748548 30.3958109, -97.7485321 30.3960111, -97.7484909 30.3960086, -97.7484798 30.3961476, -97.7487472 30.3961634, -97.7487514 30.3961102, -97.7488669 30.3961171, -97.7488733 30.3960473))",film,red
restaurant,Romano's Macaroni Grill,"POLYGON ((-97.7475644 30.3943774, -97.7477731 30.3945506, -97.7475969 30.3947087, -97.7473881 30.3945355, -97.7475644 30.3943774))",cutlery,green
restaurant,Pappadeux's Seafood Kitchen,"POLYGON ((-97.7452022 30.4147972, -97.7451547 30.4145305, -97.7449151 30.4145622, -97.7449134 30.4145529, -97.7448593 30.4145601, -97.7448569 30.4145753, -97.7448115 30.4145813, -97.7448168 30.414611, -97.7447485 30.4146201, -97.7447898 30.4148519, -97.7452022 30.4147972))",cutlery,green
restaurant,Saltgrass Steak House,"POLYGON ((-97.7469489 30.3977249, -97.7469205 30.3977477, -97.746966 30.3977899, -97.7469969 30.3977651, -97.7471916 30.397777, -97.7472118 30.3975306, -97.746966 30.3975157, -97.7469489 30.3977249))",cutlery,green
restaurant,Marie Callender's,"POLYGON ((-97.7418583 30.3860526, -97.7417732 30.3858636, -97.7417199 30.3858702, -97.7417086 30.3858208, -97.7414504 30.3858659, -97.7414618 30.3859049, -97.7413819 30.3859155, -97.7414132 30.3859809, -97.7414581 30.3859698, -97.7415627 30.3861677, -97.7418583 30.3860526))",cutlery,green
cinema,Gateway Cinema,"POLYGON ((-97.7398564 30.3882975, -97.7397863 30.3881529, -97.7398058 30.3881459, -97.7396778 30.3878818, -97.7396556 30.3878898, -97.7396476 30.3878734, -97.7396255 30.3878813, -97.7396162 30.3878623, -97.7396003 30.387868, -97.7395907 30.3878482, -97.7395766 30.3878533, -97.7395652 30.3878263, -97.7395432 30.3877742, -97.7395242 30.3876761, -97.7395257 30.3875833, -97.7393855 30.3873021, -97.7393631 30.3873104, -97.7392882 30.3871601, -97.7397292 30.3869965, -97.7402964 30.3881342, -97.7398564 30.3882975))",film,red
restaurant,Buca di Beppo,"POLYGON ((-97.7370513 30.3847062, -97.7371045 30.3844985, -97.7367868 30.3844379, -97.7367336 30.3846456, -97.7370513 30.3847062))",cutlery,green
restaurant,Jim's Restaurant,"POLYGON ((-97.727753 30.3746805, -97.7279094 30.3744401, -97.7278707 30.3743524, -97.7277399 30.374367, -97.7275885 30.3745998, -97.727753 30.3746805))",cutlery,green
place_of_worship,Austin Brethren Church,"POLYGON ((-97.7167829 30.366203, -97.7168858 30.3660384, -97.7168417 30.3660179, -97.7168343 30.3660299, -97.7167969 30.3660125, -97.7168052 30.3659992, -97.7167078 30.3659539, -97.7166352 30.36607, -97.7166231 30.3660643, -97.716592 30.366114, -97.7167829 30.366203))",institution,orange
pub,Mister Tramps Pub & Cafe,"POLYGON ((-97.7163649 30.3615089, -97.7163104 30.3613372, -97.7161004 30.3613869, -97.7161549 30.3615585, -97.7163649 30.3615089))",beer,green
cafe,Sugar Pine,"POLYGON ((-97.7177864 30.3618881, -97.7177351 30.3617113, -97.7175626 30.3617392, -97.7175491 30.361688, -97.7175114 30.3616973, -97.7175815 30.361902, -97.7176812 30.3618741, -97.7176947 30.3619067, -97.7177864 30.3618881))",coffee,green
restaurant,Mi Lindo Jalisco,"POLYGON ((-97.7176716 30.36245, -97.7176473 30.3623711, -97.7179468 30.3623025, -97.7179711 30.3623813, -97.7176716 30.36245))",cutlery,green
restaurant,El Pollo Rico,"POLYGON ((-97.7181894 30.3637327, -97.7185472 30.3636473, -97.7185171 30.3635533, -97.7181592 30.3636387, -97.7181894 30.3637327))",cutlery,green
restaurant,Trudy's,"POLYGON ((-97.7277138 30.3707493, -97.7277835 30.3706007, -97.7275023 30.3704935, -97.7274195 30.3706327, -97.7277138 30.3707493))",cutlery,green
restaurant,Eddie V's,"POLYGON ((-97.7531287 30.3897368, -97.7531268 30.3894711, -97.7529213 30.3894722, -97.7529219 30.3895525, -97.7528737 30.3895527, -97.7528743 30.389647, -97.7529281 30.3896467, -97.7529285 30.389708, -97.7529797 30.3897077, -97.7529799 30.3897377, -97.7531287 30.3897368))",cutlery,green
restaurant,The Boat,"POLYGON ((-97.7332628 30.3978728, -97.7336063 30.3977764, -97.7335317 30.3975766, -97.7331776 30.3976708, -97.7332628 30.3978728))",cutlery,green
restaurant,Waterloo Icehouse,"POLYGON ((-97.7282744 30.3680652, -97.7283174 30.3678923, -97.728137 30.3678504, -97.7280826 30.3680282, -97.7282744 30.3680652))",cutlery,green
place_of_worship,"Great Hillls Baptist Church, B Building","POLYGON ((-97.7525334 30.3985584, -97.752188 30.3986291, -97.752005 30.3985676, -97.7519829 30.3984997, -97.7517545 30.3989776, -97.7518751 30.3989472, -97.7520402 30.3989899, -97.7521326 30.3992383, -97.7524303 30.3993625, -97.7525585 30.3992616, -97.7527588 30.3993469, -97.7530007 30.3989169, -97.7527849 30.3988524, -97.7527849 30.3986897, -97.7525334 30.3985584))",institution,orange
restaurant,Chuy's,"POLYGON ((-97.7478499 30.418722, -97.7479835 30.4185001, -97.7477427 30.4183923, -97.7476091 30.4186141, -97.7478499 30.418722))",cutlery,green
restaurant,Brick House Tavern,"POLYGON ((-97.7477109 30.4180635, -97.7478382 30.4178656, -97.7475789 30.4177416, -97.7474517 30.4179395, -97.7477109 30.4180635))",cutlery,green
restaurant,Pour House,"POLYGON ((-97.7555388 30.4229084, -97.7553612 30.4227219, -97.7552332 30.4228296, -97.7552266 30.4228369, -97.7550995 30.4229393, -97.7551824 30.4230084, -97.7552901 30.423006, -97.7552929 30.4229846, -97.7554255 30.4229894, -97.7555388 30.4229084))",cutlery,green
restaurant,P.F. Chang's,"POLYGON ((-97.7504474 30.3956373, -97.750511 30.3955301, -97.7502769 30.3954204, -97.7501381 30.3955176, -97.7504474 30.3956373))",cutlery,green
place_of_worship,Fo Guang Shan Xiang Yun Temple;International Buddhist Progress Society,"POLYGON ((-97.7902343 30.3692548, -97.7903817 30.3690804, -97.7902524 30.368999, -97.7903089 30.3689321, -97.7901211 30.368814, -97.7901393 30.3687925, -97.7901668 30.3688097, -97.7901912 30.3687807, -97.7903508 30.3688811, -97.7904382 30.3687775, -97.7902707 30.3686722, -97.790233 30.3687168, -97.7901847 30.3686865, -97.7900913 30.3687971, -97.7900067 30.3687439, -97.789736 30.3690644, -97.7900277 30.3692479, -97.7900955 30.3691676, -97.7902343 30.3692548))",institution,orange
restaurant,Siena Ristorante Toscana,"POLYGON ((-97.7889908 30.3603549, -97.7890373 30.3601804, -97.7888187 30.3601322, -97.7888025 30.3601684, -97.788756 30.3601543, -97.7887327 30.3602305, -97.7887862 30.3602446, -97.7887722 30.3603028, -97.7889908 30.3603549))",cutlery,green
restaurant,Truluck's Seafood Steak & Crab,"POLYGON ((-97.7454067 30.3955446, -97.7454481 30.3954868, -97.7454814 30.3955045, -97.7455494 30.3954096, -97.74546 30.395362, -97.7454918 30.3953176, -97.7453864 30.3952615, -97.745354 30.3953067, -97.7452827 30.3952687, -97.745186 30.3954037, -97.7452675 30.3954471, -97.7452554 30.395464, -97.7454067 30.3955446))",cutlery,green
bar,Larry's Lone Star Bar,"POLYGON ((-97.9234426 30.4922408, -97.9234426 30.4921415, -97.92325 30.4921469, -97.9232542 30.4922426, -97.9234426 30.4922408))",beer,green
restaurant,Pacific Star Restaurant & Oyster Bar,"POLYGON ((-97.7901346 30.4506327, -97.7900908 30.4505255, -97.7898931 30.4505855, -97.7899336 30.4506847, -97.7900127 30.4506607, -97.790016 30.4506687, -97.7901346 30.4506327))",cutlery,green
place_of_worship,Immanuel Lutheran Church,"POLYGON ((-97.6143153 30.4315575, -97.6143825 30.4314476, -97.6143161 30.4314174, -97.6143208 30.4314099, -97.6142415 30.4313739, -97.6142382 30.4313793, -97.6141335 30.4313317, -97.6141101 30.4313699, -97.614093 30.4313621, -97.6140694 30.4314008, -97.6140905 30.4314104, -97.6140699 30.4314441, -97.61417 30.4314895, -97.6141663 30.4314955, -97.6142432 30.4315304, -97.6142459 30.431526, -97.6143153 30.4315575))",institution,orange
bar,Hanovers Draught Haus,"POLYGON ((-97.6198358 30.4406605, -97.6197063 30.4408662, -97.6195604 30.4407979, -97.6196165 30.4407088, -97.6195874 30.4406951, -97.6196444 30.4406045, -97.61967 30.4406164, -97.6196863 30.4405905, -97.6198358 30.4406605))",beer,green
place_of_worship,The Church of Jesus Christ of Latter-day Saints,"POLYGON ((-97.8357444 30.50506, -97.8353904 30.5051524, -97.8353582 30.5050646, -97.8353958 30.5050507, -97.8352563 30.5046394, -97.8355406 30.5045608, -97.8356801 30.5049814, -97.835723 30.5049768, -97.8357444 30.50506))",institution,orange
restaurant,Falafel Burger,"POLYGON ((-97.827486 30.4548566, -97.8275772 30.4547734, -97.827309 30.4545607, -97.8272232 30.4546485, -97.827486 30.4548566))",cutlery,green
pub,Scholz Garten,"POLYGON ((-97.7365074 30.2774966, -97.7363511 30.2779286, -97.7361587 30.2778799, -97.7362653 30.2775742, -97.7362284 30.2775643, -97.7362794 30.2774311, -97.7365074 30.2774966))",beer,green
bar,Firehouse Lounge & Hostel,"POLYGON ((-97.7411921 30.2681411, -97.7409742 30.2680825, -97.7409728 30.2680854, -97.7409349 30.2681883, -97.7411526 30.2682482, -97.7411921 30.2681411))",beer,green
bar,Dirty Bill's,"POLYGON ((-97.7493112 30.269569, -97.7492914 30.2696209, -97.7494927 30.2696779, -97.7495125 30.269626, -97.7493112 30.269569))",beer,green
restaurant,Ranch 616,"POLYGON ((-97.7484403 30.2705518, -97.748341 30.2705251, -97.7483537 30.2704899, -97.7483916 30.2703847, -97.7484587 30.2701982, -97.7486514 30.27025, -97.7485906 30.270404, -97.7485005 30.2703822, -97.7484403 30.2705518))",cutlery,green
restaurant,Walton's Fancy & Staple,"POLYGON ((-97.7490295 30.269699, -97.7489178 30.269668, -97.749022 30.2693883, -97.7491337 30.2694193, -97.7490295 30.269699))",cutlery,green
bar,The Dogwood,"POLYGON ((-97.750323 30.2700577, -97.7502457 30.2700361, -97.7502653 30.2699829, -97.7502977 30.2698985, -97.7503186 30.269842, -97.7502968 30.2698359, -97.7502835 30.2698714, -97.7502207 30.2698538, -97.7502333 30.2698203, -97.7502099 30.2698138, -97.7502345 30.2697486, -97.7503388 30.2697779, -97.7503689 30.2696981, -97.7504497 30.2697208, -97.750323 30.2700577))",beer,green
bar,Concrete Cowboy,"POLYGON ((-97.7504436 30.2700833, -97.7503473 30.2700521, -97.7503851 30.2699346, -97.7504307 30.2699485, -97.750436 30.2699323, -97.7504964 30.2699705, -97.7504436 30.2700833))",beer,green
bar,Star Bar,"POLYGON ((-97.748532 30.269789, -97.7484276 30.2700691, -97.7485096 30.2700919, -97.7484925 30.2701377, -97.7485369 30.27015, -97.748614 30.2699431, -97.7486584 30.2698241, -97.748532 30.269789))",beer,green
restaurant,Parlor and Yard,"POLYGON ((-97.7487319 30.2696117, -97.7487489 30.2695674, -97.7488132 30.2695857, -97.7488578 30.269469, -97.7486707 30.2694157, -97.7486393 30.2694975, -97.7486091 30.2695766, -97.7487319 30.2696117))",cutlery,green
restaurant,Hoffbrau Steaks,"POLYGON ((-97.7491123 30.2696589, -97.7490936 30.2697088, -97.7492277 30.2697505, -97.7492451 30.2697041, -97.749217 30.2696717, -97.7492478 30.2696717, -97.7492693 30.2696138, -97.7491928 30.2695918, -97.749174 30.2696508, -97.7491593 30.2696728, -97.7491123 30.2696589))",cutlery,green
bar,Whiskey Tango Foxtrot Icehouse,"POLYGON ((-97.7499395 30.2699535, -97.7498836 30.2699384, -97.7498954 30.2699054, -97.7497155 30.2698571, -97.7497389 30.2697919, -97.7497199 30.2697868, -97.7497465 30.269713, -97.7500014 30.2697815, -97.7499395 30.2699535))",beer,green
restaurant,Aussie's Grill and Beach Bar,"POLYGON ((-97.7482347 30.2588423, -97.748105 30.2588654, -97.7481482 30.2589845, -97.7481276 30.25899, -97.7481869 30.2591754, -97.7481935 30.259188, -97.7482688 30.2591718, -97.7483828 30.2593265, -97.7484915 30.2592715, -97.7483467 30.2591326, -97.7482347 30.2588423))",cutlery,green
restaurant,Mother's Cafe & Garden,"POLYGON ((-97.7261308 30.3042549, -97.7260677 30.3043555, -97.7260844 30.3043632, -97.726018 30.3044691, -97.7260014 30.3044613, -97.7259899 30.3044795, -97.7258862 30.304431, -97.7259707 30.3042963, -97.7259496 30.3042864, -97.7260059 30.3041965, -97.7261308 30.3042549))",cutlery,green
place_of_worship,Hyde Park Presbyterian Church,"POLYGON ((-97.7346317 30.3040797, -97.7344737 30.3040038, -97.7344619 30.3040221, -97.7343745 30.3039801, -97.7344437 30.3038728, -97.7345303 30.3039145, -97.7345185 30.3039328, -97.7346772 30.3040091, -97.7346646 30.3040287, -97.7346849 30.3040384, -97.7346669 30.3040663, -97.7346466 30.3040566, -97.7346317 30.3040797))",institution,orange
place_of_worship,Saint John's Episcopal Church,"POLYGON ((-97.6955617 30.3856438, -97.6954543 30.3855952, -97.6955162 30.3854935, -97.6954695 30.3854723, -97.6955381 30.3853595, -97.6956666 30.3854177, -97.6956326 30.3854736, -97.6957456 30.3855248, -97.6956868 30.3856216, -97.6957229 30.3856379, -97.6956646 30.3857338, -97.6955409 30.3856778, -97.6955617 30.3856438))",institution,orange
restaurant,Baby Acapulco,"POLYGON ((-97.7379128 30.3868237, -97.7379046 30.386822, -97.7378837 30.3868177, -97.7378878 30.386862, -97.7378239 30.38688, -97.7377875 30.3868357, -97.7378121 30.3868028, -97.7377332 30.3867864, -97.7377288 30.3868024, -97.7377217 30.3868277, -97.7377278 30.3868289, -97.7377126 30.3868834, -97.7377065 30.3868822, -97.7377052 30.3868867, -97.7377023 30.3868972, -97.7376288 30.3868819, -97.7376333 30.3868655, -97.7376269 30.3868642, -97.7376334 30.3868408, -97.7376421 30.3868097, -97.7376487 30.3868111, -97.7376603 30.3867696, -97.7375961 30.3867562, -97.7375575 30.3868018, -97.7374768 30.3867886, -97.7374408 30.3867459, -97.7374625 30.3866911, -97.7375178 30.3866736, -97.737569 30.3864898, -97.7378604 30.3865503, -97.737846 30.3866018, -97.7378999 30.3865997, -97.7379241 30.3866383, -97.7378985 30.3866701, -97.7379525 30.3866813, -97.7379128 30.3868237))",cutlery,green
place_of_worship,"Great Hillls Baptist Church, A Building","POLYGON ((-97.7519829 30.3984997, -97.7518583 30.3981852, -97.7519371 30.3980687, -97.752049 30.3980327, -97.7520084 30.3979318, -97.7519908 30.3978913, -97.7521478 30.3978428, -97.752165 30.3978897, -97.7522028 30.3979908, -97.7523335 30.3979533, -97.7524196 30.3979873, -97.7526143 30.3984407, -97.7525334 30.3985584, -97.752188 30.3986291, -97.752005 30.3985676, -97.7519829 30.3984997))",institution,orange
place_of_worship,"Great Hillls Baptist Church, C Building","POLYGON ((-97.7517545 30.3989776, -97.7513293 30.3991267, -97.7515072 30.3995638, -97.7521272 30.3993825, -97.7521326 30.3992383, -97.7520402 30.3989899, -97.7518751 30.3989472, -97.7517545 30.3989776))",institution,orange
restaurant,Ichiban,"POLYGON ((-97.7359078 30.349341, -97.7357461 30.3492629, -97.7358625 30.3490834, -97.7360242 30.3491615, -97.7359078 30.349341))",cutlery,green
restaurant,Mimi's Cafe,"POLYGON ((-97.7344268 30.3860077, -97.7343767 30.3859923, -97.7343617 30.3860287, -97.7342851 30.3860052, -97.7342947 30.3859819, -97.7341883 30.3859493, -97.7341925 30.3859393, -97.7341322 30.3859208, -97.7341632 30.3858455, -97.7341461 30.3858403, -97.7341941 30.3857239, -97.7342112 30.3857291, -97.7342211 30.3857051, -97.7342942 30.3857275, -97.7342792 30.385764, -97.7343295 30.3857794, -97.7343377 30.3857595, -97.7344314 30.3857882, -97.7344232 30.3858081, -97.7344993 30.3858315, -97.7344268 30.3860077))",cutlery,green
place_of_worship,Bethel Baptist Church,"POLYGON ((-97.7332723 30.4140005, -97.7329963 30.4138783, -97.7330143 30.413848, -97.7329594 30.4138236, -97.7329821 30.4137855, -97.7330371 30.4138098, -97.733069 30.4137562, -97.7331755 30.4138034, -97.733219 30.4137303, -97.7332824 30.4137583, -97.7332877 30.4137494, -97.7333393 30.4137723, -97.733334 30.4137812, -97.7333886 30.4138053, -97.7332723 30.4140005))",institution,orange
place_of_worship,Covenant United Methodist Church,"POLYGON ((-97.7320385 30.4134818, -97.732062 30.4134431, -97.7320958 30.4134584, -97.7321363 30.4134767, -97.7321042 30.4135294, -97.7322222 30.4135827, -97.7322036 30.4136134, -97.7322224 30.4136219, -97.7322136 30.4136364, -97.7322313 30.4136444, -97.7322181 30.4136662, -97.7324035 30.4137501, -97.732365 30.4138134, -97.7323821 30.4138212, -97.7324116 30.4138345, -97.732378 30.4138899, -97.7323503 30.4138774, -97.7323313 30.4138688, -97.7323077 30.4139076, -97.7322145 30.4138654, -97.7321629 30.4138421, -97.732191 30.413796, -97.7321023 30.4137559, -97.7320202 30.4138908, -97.7319698 30.4139737, -97.7318446 30.4139171, -97.7319779 30.4136978, -97.7319355 30.4136786, -97.7319112 30.4137186, -97.7318367 30.4136849, -97.7318624 30.4136427, -97.7318508 30.4136374, -97.7318697 30.4136063, -97.7317707 30.4135615, -97.7317105 30.4133736, -97.7317743 30.4133584, -97.7318189 30.4132792, -97.7319163 30.41332, -97.7319741 30.4133044, -97.7320385 30.4134818))",institution,orange
place_of_worship,Quarries Church,"POLYGON ((-97.73269 30.4075508, -97.7326533 30.4076084, -97.7327385 30.4076487, -97.7325969 30.4078711, -97.7325117 30.4078307, -97.7324705 30.4078955, -97.731983 30.4076646, -97.7320503 30.407559, -97.7320386 30.4075535, -97.7321267 30.4074153, -97.7321383 30.4074208, -97.7322026 30.4073199, -97.73269 30.4075508))",institution,orange
place_of_worship,Milwood Baptist Church,"POLYGON ((-97.7197212 30.4213732, -97.719364 30.4216478, -97.7192397 30.4215276, -97.7194768 30.4213453, -97.7195054 30.4213729, -97.7196254 30.4212806, -97.7197212 30.4213732))",institution,orange
restaurant,New Fortune Restaurant,"POLYGON ((-97.8151205 30.4633603, -97.8150243 30.4631137, -97.8148237 30.4631719, -97.8149199 30.4634185, -97.8151205 30.4633603))",cutlery,green
restaurant,Texas Roadhouse,"POLYGON ((-97.7886209 30.4471566, -97.7884697 30.4469472, -97.7886992 30.4468241, -97.7888351 30.4470125, -97.7887595 30.4470531, -97.7887747 30.4470741, -97.7886209 30.4471566))",cutlery,green
place_of_worship,Peace Lutheran Church,"POLYGON ((-97.8311812 30.4457047, -97.8312082 30.4456534, -97.831266 30.445676, -97.8313356 30.4455435, -97.831298 30.4455289, -97.8313505 30.4454289, -97.8311507 30.4453508, -97.8310016 30.4456346, -97.8311812 30.4457047))",institution,orange
restaurant,Rudy's Country Store and Bar-B-Q,"POLYGON ((-97.8494054 30.410776, -97.8494848 30.4106133, -97.8495642 30.4104506, -97.8493229 30.410363, -97.8491641 30.4106884, -97.8494054 30.410776))",cutlery,green
restaurant,Nagoya Steak & Sushi,"POLYGON ((-97.8247146 30.4574909, -97.8248542 30.4573604, -97.8247146 30.4572442, -97.8245703 30.4573706, -97.8247146 30.4574909))",cutlery,green
restaurant,Moonshine Grill,"POLYGON ((-97.7761996 30.4971333, -97.7761422 30.4970202, -97.7761609 30.4970132, -97.7761257 30.4969438, -97.7761498 30.4969347, -97.7761194 30.4968748, -97.7760989 30.4968826, -97.7760951 30.496875, -97.7759662 30.4969235, -97.7759546 30.4969005, -97.775828 30.4969481, -97.7758586 30.4970084, -97.7758455 30.4970134, -97.7758842 30.4970899, -97.7759683 30.4970582, -97.7760373 30.4971944, -97.7761996 30.4971333))",cutlery,green
restaurant,Bob's Steak & Chop House,"POLYGON ((-97.7460117 30.2662426, -97.7460988 30.2660185, -97.745829 30.2659431, -97.7457438 30.2661642, -97.7460117 30.2662426))",cutlery,green
restaurant,Sammie's,"POLYGON ((-97.7512188 30.2703338, -97.7512785 30.2702163, -97.7512195 30.2701951, -97.7512162 30.2702039, -97.7511541 30.2701805, -97.7511579 30.2701718, -97.7510943 30.2701481, -97.751081 30.2701715, -97.7510735 30.270169, -97.7510534 30.2702118, -97.7510608 30.2702141, -97.7510439 30.2702496, -97.751099 30.2702709, -97.7510907 30.2702887, -97.7511211 30.2702991, -97.7511195 30.2703055, -97.7511201 30.270312, -97.751123 30.2703181, -97.7511279 30.2703231, -97.7511343 30.2703266, -97.751142 30.2703283, -97.7511499 30.2703278, -97.7511572 30.2703252, -97.7511632 30.2703208, -97.7511673 30.2703149, -97.7512188 30.2703338))",cutlery,green
restaurant,Shoal Creek Saloon,"POLYGON ((-97.7523767 30.2743896, -97.7524524 30.274221, -97.7522469 30.2741521, -97.7521711 30.2743208, -97.7523767 30.2743896))",cutlery,green
cinema,AMC DINE-IN Tech Ridge 10,"POLYGON ((-97.6720023 30.4088848, -97.671968 30.4085876, -97.6717277 30.4086083, -97.6716991 30.4083602, -97.6708788 30.4084306, -97.6709416 30.4089758, -97.6720023 30.4088848))",film,red
cafe,Starbucks,"POLYGON ((-97.7379125 30.3599814, -97.7380112 30.3598196, -97.7378837 30.3597617, -97.737785 30.3599235, -97.7379125 30.3599814))",coffee,green
place_of_worship,The ROCK ATX,"POLYGON ((-97.6531569 30.3868404, -97.6529552 30.3867955, -97.6529194 30.3869153, -97.6528419 30.386898, -97.6528168 30.3869818, -97.6529015 30.3870007, -97.6528619 30.3871331, -97.6530563 30.3871765, -97.6531569 30.3868404))",institution,orange
cafe,Starbucks,"POLYGON ((-97.7027942 30.4188075, -97.7026181 30.4187212, -97.7025851 30.4187763, -97.7026632 30.4188104, -97.7026763 30.4188444, -97.7026642 30.4188647, -97.7027381 30.4188989, -97.7027942 30.4188075))",coffee,green
place_of_worship,Redeemer Lutheran Church,"POLYGON ((-97.7202705 30.3525274, -97.7201813 30.3525168, -97.7201178 30.3524558, -97.7201494 30.3524223, -97.720145 30.3524093, -97.7201033 30.3523991, -97.7201186 30.3523247, -97.720184 30.3522684, -97.7202144 30.3522912, -97.7202322 30.3522861, -97.7202995 30.3520862, -97.720324 30.3520772, -97.7204356 30.3521041, -97.7204976 30.3521559, -97.7205188 30.3521736, -97.7204788 30.3522321, -97.7204741 30.3522369, -97.7203673 30.352349, -97.7203706 30.3523622, -97.7204102 30.3523702, -97.7204021 30.3524489, -97.7203364 30.3525046, -97.7202881 30.3524675, -97.7202705 30.3525274))",institution,orange
restaurant,Inka Chicken Peruvian Restaurant,"POLYGON ((-97.6713476 30.4388161, -97.6712499 30.4388782, -97.6710848 30.4386853, -97.6711825 30.4386231, -97.6713476 30.4388161))",cutlery,green
place_of_worship,Saint Andrew's Presbyterian Church,"POLYGON ((-97.6751184 30.4369514, -97.6748845 30.4370831, -97.6748636 30.4370948, -97.6746631 30.4368232, -97.6751453 30.4365589, -97.6752228 30.4366692, -97.6751617 30.436702, -97.6750616 30.4367557, -97.6750731 30.4367751, -97.6750514 30.4368297, -97.6751184 30.4369514))",institution,orange
library,Wells Branch Community Library,"POLYGON ((-97.6759298 30.4459777, -97.6759029 30.4458066, -97.6758546 30.445654, -97.6757447 30.4454225, -97.6752914 30.4456216, -97.6754121 30.4458619, -97.6754818 30.4458804, -97.6756428 30.4458202, -97.6756508 30.445876, -97.6756991 30.4458713, -97.6757179 30.4460006, -97.6759298 30.4459777))",book,orange
theatre,College of Fine Arts Performing Arts Center,"POLYGON ((-97.731574 30.2865698, -97.7314687 30.2865621, -97.7315289 30.2859554, -97.73153 30.2859425, -97.7315421 30.2858194, -97.731543 30.2858106, -97.7314921 30.285807, -97.7314939 30.2857884, -97.7310814 30.2857584, -97.7310791 30.2857817, -97.7310289 30.2857781, -97.7310153 30.2859181, -97.7309583 30.2865175, -97.73051 30.2864845, -97.7304825 30.2867633, -97.7308813 30.2867926, -97.7309905 30.2868007, -97.7314388 30.2868337, -97.7314495 30.2867263, -97.7315578 30.2867343, -97.731574 30.2865698))",film,red
library,Lyndon Baines Johnson Presidential Library and Museum,"POLYGON ((-97.7291812 30.2855948, -97.7290246 30.2861125, -97.7293892 30.2861947, -97.7295457 30.2856771, -97.7291812 30.2855948))",book,orange
place_of_worship,Manchaca Baptist Church,"POLYGON ((-97.8365199 30.1395972, -97.8363735 30.1397228, -97.83636 30.139711, -97.8362948 30.1397669, -97.8361626 30.1396517, -97.8361869 30.1396309, -97.8361291 30.1395805, -97.8361049 30.1395594, -97.8361651 30.1395077, -97.8361864 30.1395263, -97.8362365 30.1395699, -97.8363829 30.1394444, -97.8363255 30.1393955, -97.836325 30.1393155, -97.8365344 30.1391321, -97.8367507 30.139129, -97.8371198 30.1388125, -97.837276 30.1389488, -97.8369155 30.139258, -97.8369162 30.1392877, -97.836959 30.1393243, -97.8369597 30.1393948, -97.8369168 30.1394323, -97.8369158 30.1394608, -97.8370312 30.1395609, -97.8370729 30.1395249, -97.8370982 30.1395031, -97.8371541 30.1395516, -97.8371241 30.1395775, -97.8370734 30.1396213, -97.8371098 30.1396529, -97.8369762 30.1397681, -97.836907 30.139708, -97.8368937 30.1397195, -97.8367406 30.1395866, -97.8366875 30.1396331, -97.8366032 30.1396327, -97.836563 30.1395983, -97.8365199 30.1395972))",institution,orange
theatre,The Long Center for the Performing Arts,"POLYGON ((-97.7516321 30.2602291, -97.7516002 30.2602772, -97.7515212 30.2603964, -97.7514085 30.2605663, -97.7513534 30.2606192, -97.7513188 30.2606525, -97.7512352 30.2607053, -97.7511583 30.2607335, -97.7510922 30.2607474, -97.751084 30.2606968, -97.7510767 30.2606416, -97.7511388 30.2606239, -97.7511809 30.2605888, -97.7511308 30.2605359, -97.7511499 30.2605192, -97.7511194 30.2604869, -97.7507782 30.2601657, -97.7507133 30.2602159, -97.7507013 30.2602423, -97.7506909 30.2602677, -97.7506308 30.2602511, -97.7505776 30.2602364, -97.7505862 30.2602157, -97.7505904 30.2602057, -97.750597 30.2601897, -97.7506036 30.260174, -97.7506403 30.2601151, -97.7506564 30.2600972, -97.7506403 30.2600853, -97.7509058 30.2598765, -97.7509573 30.2599348, -97.7510021 30.2599155, -97.750963 30.259826, -97.7510682 30.2597884, -97.7511133 30.2598805, -97.7512261 30.2598388, -97.7512564 30.2598452, -97.7513497 30.2597728, -97.7516407 30.2600621, -97.7516173 30.2600825, -97.7516608 30.2601273, -97.7515848 30.260179, -97.7516321 30.2602291))",film,red
library,Munday Library,"POLYGON ((-97.757883 30.2310294, -97.7577658 30.2312375, -97.7576897 30.2312042, -97.7575768 30.2314068, -97.7569971 30.2311661, -97.7571244 30.2309369, -97.7573044 30.2310092, -97.757388 30.2308528, -97.7575158 30.230905, -97.75754 30.2308606, -97.75763 30.2308979, -97.7576171 30.230921, -97.757883 30.2310294))",book,orange
theatre,Mary Moody Northern Theater,"POLYGON ((-97.7531072 30.2295027, -97.7531528 30.2294721, -97.7531844 30.2294303, -97.7531986 30.229382, -97.7531938 30.2293323, -97.7531706 30.2292866, -97.7531314 30.22925, -97.7530806 30.2292264, -97.7530236 30.2292183, -97.7529667 30.2292267, -97.7529162 30.2292505, -97.7528774 30.2292871, -97.7528544 30.2293327, -97.7528497 30.2293823, -97.7528639 30.2294304, -97.7528954 30.229472, -97.7529409 30.2295026, -97.7529953 30.2295187, -97.7530528 30.2295187, -97.7531072 30.2295027))",film,red
restaurant,La Mancha,"POLYGON ((-97.740931 30.3226627, -97.7410795 30.3224435, -97.7408516 30.3223285, -97.7407031 30.3225477, -97.740931 30.3226627))",cutlery,green
restaurant,Tres Amigos Restaurant,"POLYGON ((-97.6744276 30.3240081, -97.6745349 30.3238391, -97.6746587 30.3239035, -97.6747012 30.3238739, -97.6748085 30.3239202, -97.6747526 30.3240308, -97.6748085 30.3240614, -97.6747897 30.3241054, -97.674728 30.3240799, -97.6746641 30.3241443, -97.6744276 30.3240081))",cutlery,green
restaurant,Hooters,"POLYGON ((-97.6758117 30.4827161, -97.6758237 30.4828631, -97.6756131 30.4828758, -97.6756012 30.4827288, -97.6758117 30.4827161))",cutlery,green
restaurant,Hanovers 2.0,"POLYGON ((-97.6736793 30.4765513, -97.6733488 30.4763928, -97.6734642 30.4762141, -97.6737947 30.4763726, -97.6736793 30.4765513))",cutlery,green
theatre,G. A. Bailey Center for the Performing Arts,"POLYGON ((-97.6822616 30.2587325, -97.6822068 30.2587206, -97.6821655 30.2587117, -97.6821409 30.2586994, -97.6821175 30.258679, -97.6820738 30.258641, -97.6821149 30.2585737, -97.6821246 30.2585741, -97.6821866 30.2585026, -97.6822234 30.2584483, -97.6821893 30.258433, -97.6822704 30.2583118, -97.6823651 30.2583581, -97.6823846 30.2583676, -97.6824842 30.2584162, -97.6824187 30.2585179, -97.6823876 30.2585041, -97.6823403 30.2585762, -97.6823019 30.258655, -97.6822982 30.2586625, -97.6823055 30.2586661, -97.6822616 30.2587325))",film,red
restaurant,Outback Steakhouse,"POLYGON ((-97.6777429 30.4944601, -97.6777375 30.494192, -97.6774554 30.4941987, -97.6774908 30.4944832, -97.6777429 30.4944601))",cutlery,green
place_of_worship,University Catholic Center,"POLYGON ((-97.7402404 30.2835937, -97.7398406 30.2835633, -97.7398788 30.2831874, -97.7402787 30.2832177, -97.7402404 30.2835937))",institution,orange
restaurant,Simply Pho House,"POLYGON ((-97.9429832 30.3087381, -97.9430614 30.3085862, -97.9428278 30.3084966, -97.9427496 30.3086485, -97.9429832 30.3087381))",cutlery,green
cafe,Starbucks,"POLYGON ((-97.6900006 30.2177018, -97.6896546 30.21782, -97.6896277 30.2176439, -97.6898976 30.2175487, -97.689955 30.2175674, -97.6900006 30.2177018))",coffee,green
restaurant,Waffle House,"POLYGON ((-97.6881376 30.2185723, -97.6880526 30.218579, -97.6880317 30.21838, -97.6881168 30.2183733, -97.6881376 30.2185723))",cutlery,green
restaurant,Quality Seafood,"POLYGON ((-97.712381 30.3184526, -97.7126117 30.3179444, -97.712011 30.3177311, -97.7119224 30.3179386, -97.7121222 30.3180069, -97.7119867 30.3183172, -97.712381 30.3184526))",cutlery,green
events_venue,The Riley Building,"POLYGON ((-97.7458257 30.2667272, -97.745684 30.2666883, -97.7457735 30.2664446, -97.7458068 30.2663525, -97.7459495 30.2663909, -97.7458257 30.2667272))",institution,orange
bar,Rain on 4th,"POLYGON ((-97.745684 30.2666883, -97.7455409 30.2666474, -97.7456381 30.2663823, -97.745735 30.2664084, -97.7457265 30.2664319, -97.7457735 30.2664446, -97.745684 30.2666883))",beer,green
cinema,Galaxy Highland 10,"POLYGON ((-97.7081821 30.3296392, -97.7080534 30.3295785, -97.7080634 30.3295629, -97.7079389 30.329504, -97.7080464 30.3293346, -97.7077594 30.3291988, -97.7076393 30.3293878, -97.7075002 30.329322, -97.7074924 30.3293343, -97.7073555 30.3292695, -97.707365 30.3292545, -97.7072412 30.329196, -97.7073154 30.3290792, -97.7072982 30.3290711, -97.7073788 30.3289439, -97.7073863 30.3289474, -97.7075766 30.3286452, -97.7077549 30.3287289, -97.7076326 30.3289231, -97.7075929 30.3289045, -97.7075209 30.329019, -97.7074888 30.3290039, -97.7074373 30.3290859, -97.7074652 30.329099, -97.7075022 30.3290402, -97.7075311 30.3290537, -97.7076036 30.3289383, -97.7076424 30.3289565, -97.7077448 30.3287935, -97.7078413 30.3288387, -97.7078591 30.3288102, -97.707967 30.3288606, -97.7080086 30.3287944, -97.7083064 30.3289337, -97.7082658 30.3289982, -97.7083698 30.3290469, -97.708346 30.3290848, -97.7084397 30.3291286, -97.708351 30.3292697, -97.708389 30.3292875, -97.7083023 30.3294251, -97.7083297 30.329438, -97.7082788 30.3295187, -97.7082631 30.3295113, -97.7081821 30.3296392))",film,red
restaurant,ChoSun Galbi,"POLYGON ((-97.7066387 30.3300586, -97.7063915 30.3299451, -97.706502 30.3297659, -97.7067492 30.3298794, -97.7066387 30.3300586))",cutlery,green
restaurant,Taqueria Los Jaliscienses,"POLYGON ((-97.717558 30.3360915, -97.7174654 30.3360532, -97.7175699 30.3358648, -97.7176625 30.3359031, -97.717558 30.3360915))",cutlery,green
place_of_worship,Diocese of Austin Chancery,"POLYGON ((-97.7394681 30.2783652, -97.7393302 30.2783269, -97.7393664 30.2782306, -97.7393548 30.2782274, -97.7393518 30.2782188, -97.7393505 30.2782102, -97.7393503 30.2782013, -97.7393525 30.2781913, -97.7393564 30.2781842, -97.7393625 30.2781769, -97.7393698 30.2781706, -97.7393782 30.278165, -97.7393907 30.2781685, -97.7394283 30.2780685, -97.7394921 30.2780864, -97.739567 30.2781066, -97.7394681 30.2783652))",institution,orange
restaurant,Roaring Fork,"POLYGON ((-97.7380202 30.4007977, -97.7378275 30.4011107, -97.7376451 30.4010228, -97.7377359 30.4008948, -97.7376961 30.4008747, -97.7377175 30.4008423, -97.7376478 30.4008122, -97.7377413 30.4006751, -97.7380202 30.4007977))",cutlery,green
restaurant,Rudy's Country Store & Bar-B-Q,"POLYGON ((-97.8155379 30.2637643, -97.8153521 30.2635357, -97.8155116 30.263439, -97.8156974 30.2636676, -97.8155379 30.2637643))",cutlery,green
restaurant,County Line,"POLYGON ((-97.8359175 30.2974468, -97.8360508 30.2978242, -97.8357726 30.2978974, -97.8357355 30.2977922, -97.8358037 30.2977743, -97.8357076 30.297502, -97.8359175 30.2974468))",cutlery,green
restaurant,Golden Corral,"POLYGON ((-97.6773376 30.409569, -97.6774553 30.4093932, -97.6773457 30.4093387, -97.6773752 30.4092946, -97.6773127 30.4092634, -97.6773277 30.4092409, -97.6772564 30.4092054, -97.6772377 30.4092334, -97.677223 30.4092261, -97.6771955 30.4092673, -97.6769781 30.4091592, -97.6769471 30.4092054, -97.6769307 30.4091973, -97.6768801 30.4092729, -97.6768943 30.4092799, -97.67686 30.4093312, -97.6773376 30.409569))",cutlery,green
restaurant,Saltgrass Steak House,"POLYGON ((-97.9385137 30.3069956, -97.9384298 30.3069632, -97.9384206 30.3069828, -97.9382987 30.3069347, -97.9382947 30.3069422, -97.9382406 30.3069214, -97.938247 30.3069092, -97.9382047 30.306893, -97.9383105 30.3067071, -97.9383762 30.3067332, -97.9383821 30.3067192, -97.9384088 30.3067295, -97.9384056 30.3067361, -97.9384854 30.3067686, -97.9384996 30.306742, -97.938573 30.3067698, -97.9385552 30.306804, -97.9385998 30.3068201, -97.9385137 30.3069956))",cutlery,green
bar,Castro’s Bar & Grill,"POLYGON ((-97.9615918 30.3557459, -97.9614309 30.3556209, -97.9618547 30.355158, -97.9620317 30.3552645, -97.9615918 30.3557459))",beer,green
cafe,Starbucks,"POLYGON ((-97.874163 30.2325478, -97.8740357 30.2323854, -97.8739755 30.2324206, -97.8741029 30.232583, -97.874163 30.2325478))",coffee,green
restaurant,Jim's,"POLYGON ((-97.876556 30.2344904, -97.8766351 30.2343892, -97.8766007 30.2343691, -97.8766426 30.2343155, -97.8764187 30.2341848, -97.8763823 30.2342315, -97.8763693 30.2342239, -97.8762847 30.2343321, -97.876556 30.2344904))",cutlery,green
restaurant,Turnstile,"POLYGON ((-97.7234482 30.3841263, -97.7231717 30.384032, -97.7231958 30.3839531, -97.7234802 30.3840566, -97.7234482 30.3841263))",cutlery,green
restaurant,Lupe Tortilla,"POLYGON ((-97.8273219 30.291421, -97.8273179 30.2915043, -97.8272746 30.2915027, -97.8272726 30.2915464, -97.8273203 30.2915481, -97.8273151 30.2916596, -97.8275264 30.2916671, -97.8275278 30.2916374, -97.8275995 30.29164, -97.8276093 30.2914311, -97.8273219 30.291421))",cutlery,green
library,Austin Public Library - Spicewood Springs Branch,"POLYGON ((-97.7733931 30.4336329, -97.7732808 30.4338112, -97.7733474 30.4338424, -97.7732905 30.4339328, -97.7728068 30.4337064, -97.77286 30.4336219, -97.7728484 30.4336164, -97.7728188 30.4336026, -97.7728504 30.4335524, -97.7728759 30.4335643, -97.7729352 30.4335921, -97.7729895 30.4335058, -97.7732544 30.4336299, -97.7732845 30.433582, -97.7733931 30.4336329))",book,orange
restaurant,Bill Miller BBQ,"POLYGON ((-97.7296653 30.3593909, -97.7296143 30.3595637, -97.7295772 30.3595555, -97.7295713 30.3595757, -97.7295698 30.3595807, -97.7295174 30.3595691, -97.7295189 30.3595642, -97.7295248 30.359544, -97.7294371 30.3595247, -97.7294881 30.359352, -97.7296653 30.3593909))",cutlery,green
restaurant,Enchiladas Y Mas,"POLYGON ((-97.72695 30.3540158, -97.7269178 30.3540014, -97.7269062 30.3540207, -97.7268586 30.3539995, -97.7268702 30.3539801, -97.7267881 30.3539435, -97.7268616 30.3538208, -97.7270235 30.3538931, -97.72695 30.3540158))",cutlery,green
place_of_worship,Austin Taiwanese Presbyterian Church,"POLYGON ((-97.7434498 30.4185973, -97.7435672 30.4184171, -97.7433318 30.4183031, -97.7432132 30.4184853, -97.7432404 30.4184986, -97.7432188 30.4185318, -97.7431155 30.4184817, -97.7429994 30.4186599, -97.7431093 30.4187132, -97.7430944 30.4187361, -97.7431321 30.4187543, -97.7431477 30.4187304, -97.7433055 30.4188068, -97.7434099 30.4186464, -97.7432493 30.4185686, -97.7432832 30.4185167, -97.7434498 30.4185973))",institution,orange
cafe,Hey Cupcake,"POLYGON ((-97.7401927 30.3312182, -97.7404777 30.3312151, -97.7404812 30.3311483, -97.7403756 30.3311483, -97.740351 30.3310906, -97.7401962 30.3310937, -97.7401927 30.3312182))",coffee,green
bar,Little Longhorn Saloon,"POLYGON ((-97.7402512 30.3293896, -97.7402538 30.3293168, -97.7400638 30.3293117, -97.7400612 30.3293845, -97.7402512 30.3293896))",beer,green
library,Austin Public Library - Howson Branch,"POLYGON ((-97.7678118 30.2982167, -97.7675505 30.2980978, -97.7674332 30.2982898, -97.7676945 30.2984088, -97.7678118 30.2982167))",book,orange
cinema,Cinemark,"POLYGON ((-97.5984959 30.4707365, -97.5980833 30.4705947, -97.5981864 30.4703719, -97.598229 30.4703865, -97.5983439 30.4701381, -97.5983013 30.4701235, -97.5983561 30.4700049, -97.5987687 30.4701467, -97.5984959 30.4707365))",film,red
restaurant,Fire Bowl Cafe,"POLYGON ((-97.8193646 30.2264502, -97.81956 30.226439, -97.81956 30.2264235, -97.8195796 30.2264235, -97.8195714 30.2263377, -97.8195502 30.2263349, -97.8195958 30.2262617, -97.8195763 30.2262153, -97.8195844 30.2261914, -97.8195046 30.2261407, -97.819363 30.2263743, -97.8193646 30.2264502))",cutlery,green
place_of_worship,Calvary Worship Center,"POLYGON ((-97.6941208 30.4551536, -97.6941195 30.4547317, -97.6943901 30.4547311, -97.6943906 30.4548704, -97.6944084 30.4548704, -97.694409 30.4550802, -97.6943912 30.4550802, -97.6943914 30.455153, -97.6941208 30.4551536))",institution,orange
restaurant,K Pot Korean BBQ and Hot Pot,"POLYGON ((-97.8195338 30.2318085, -97.8196135 30.2316871, -97.8196869 30.2317231, -97.8197309 30.2316561, -97.8196598 30.2316212, -97.8197348 30.231507, -97.8195064 30.2313951, -97.8193078 30.2316977, -97.8195338 30.2318085))",cutlery,green
restaurant,Rosie's Tamale House,"POLYGON ((-97.9501317 30.3086721, -97.9497508 30.3086937, -97.9497469 30.3086433, -97.9496944 30.3086463, -97.9496869 30.3085469, -97.9501203 30.3085223, -97.9501317 30.3086721))",cutlery,green
place_of_worship,Little Zion Baptist Church,"POLYGON ((-97.5545556 30.3377378, -97.5544887 30.3377272, -97.5545287 30.3375381, -97.5546335 30.3375546, -97.5545988 30.3377187, -97.5546033 30.3377194, -97.5545962 30.3377534, -97.5545916 30.3377527, -97.5545874 30.337773, -97.554556 30.337768, -97.55456 30.3377491, -97.5545534 30.337748, -97.5545556 30.3377378))",institution,orange
place_of_worship,The Austin Vineyard Church,"POLYGON ((-97.7680624 30.4573575, -97.7677704 30.4574391, -97.767629 30.4570633, -97.767921 30.4569816, -97.7680624 30.4573575))",institution,orange
social_centre,Windermere Clubhouse,"POLYGON ((-97.6413187 30.4580409, -97.6413797 30.4579537, -97.641411 30.45797, -97.6414694 30.4578865, -97.6413417 30.4578201, -97.6412223 30.4579908, -97.6413187 30.4580409))",institution,orange
place_of_worship,Shoreline Church,"POLYGON ((-97.6949364 30.4581615, -97.691608 30.4564296, -97.6899189 30.4571002, -97.690044 30.4573187, -97.6895414 30.4575174, -97.6891984 30.4580011, -97.6896749 30.4582393, -97.690492 30.4586735, -97.6913456 30.4591914, -97.6919864 30.4596585, -97.6923722 30.4598606, -97.6925602 30.4590664, -97.6926649 30.458893, -97.6939604 30.4595811, -97.6947187 30.4597058, -97.6949364 30.4581615))",institution,orange
cinema,Cinemark Hill Country Galleria,"POLYGON ((-97.9408444 30.3100225, -97.9404408 30.3098648, -97.9404968 30.3097574, -97.9402134 30.309647, -97.9403769 30.3093186, -97.9413567 30.309698, -97.9411772 30.3100497, -97.9408893 30.3099358, -97.9408444 30.3100225))",film,red
place_of_worship,Park Hills Baptist Church,"POLYGON ((-97.7824504 30.2679191, -97.7825412 30.2676275, -97.7821961 30.2675472, -97.7822282 30.2674494, -97.7821096 30.2674236, -97.7820818 30.2675242, -97.781944 30.2674946, -97.7819226 30.2675777, -97.7818959 30.2675915, -97.7818788 30.2676303, -97.7818756 30.2676902, -97.781804 30.2677096, -97.781773 30.267812, -97.7820156 30.2678656, -97.7820294 30.2678204, -97.7824504 30.2679191))",institution,orange
place_of_worship,Saint Albert the Great Catholic Church,"POLYGON ((-97.6996512 30.4032589, -97.699678 30.4031895, -97.6997397 30.4032219, -97.6998148 30.4030694, -97.6997558 30.4030485, -97.6997841 30.4029964, -97.6997626 30.4029941, -97.6997814 30.4029455, -97.6998899 30.4028866, -97.6997504 30.4027108, -97.6996431 30.4027594, -97.6995734 30.40269, -97.6994688 30.4027339, -97.6994473 30.4027709, -97.6994795 30.4028149, -97.6994205 30.4029213, -97.6993481 30.403074, -97.6993898 30.4030889, -97.6993588 30.4031572, -97.6996512 30.4032589))",institution,orange
restaurant,Quickie Pickie,"POLYGON ((-97.7273231 30.2687906, -97.7273613 30.2687151, -97.7271674 30.2686418, -97.7271292 30.2687173, -97.7273231 30.2687906))",cutlery,green
restaurant,Cracker Barrel,"POLYGON ((-97.822797 30.0849318, -97.8225815 30.084734, -97.8223084 30.0849567, -97.8225238 30.0851545, -97.822797 30.0849318))",cutlery,green
restaurant,Chili's,"POLYGON ((-97.8235547 30.0845044, -97.8235548 30.0842869, -97.8233129 30.0842868, -97.8233128 30.0844756, -97.8233727 30.0844756, -97.8233727 30.0845567, -97.8234564 30.0845567, -97.8234565 30.0845043, -97.8235547 30.0845044))",cutlery,green
library,Austin Public Library - Willie Mae Kirk Branch,"POLYGON ((-97.7000448 30.2730689, -97.7000064 30.2729138, -97.6999411 30.2729258, -97.6999176 30.2728308, -97.6995964 30.2728902, -97.6996114 30.2729507, -97.6994906 30.2729731, -97.6995259 30.2731153, -97.699615 30.2730989, -97.6996267 30.2731461, -97.7000448 30.2730689))",book,orange
restaurant,Pizza Hut,"POLYGON ((-97.6978987 30.2717295, -97.6977174 30.2717644, -97.697681 30.2716229, -97.6978622 30.271588, -97.6978987 30.2717295))",cutlery,green
place_of_worship,Mt Zion Baptist Church,"POLYGON ((-97.7052971 30.2773606, -97.7051703 30.2773843, -97.7052182 30.2775748, -97.7051985 30.2775785, -97.7052154 30.2776458, -97.7053934 30.2776124, -97.7054041 30.277655, -97.7058097 30.2775789, -97.7057429 30.2773135, -97.7053254 30.2773849, -97.7053059 30.2773955, -97.7052971 30.2773606))",institution,orange
restaurant,Patrizi's,"POLYGON ((-97.8632146 30.340422, -97.8630054 30.3403549, -97.8630939 30.3401744, -97.8632816 30.3402438, -97.8632146 30.340422))",cutlery,green
restaurant,Topgolf,"POLYGON ((-97.7171771 30.398757, -97.7170646 30.3986908, -97.7171194 30.398634, -97.7171908 30.398544, -97.7172786 30.398428, -97.7173417 30.3983168, -97.7173938 30.3981724, -97.7174268 30.3980351, -97.7174405 30.3978695, -97.7174323 30.3977275, -97.7174789 30.3977275, -97.7174789 30.3976825, -97.7175722 30.3976849, -97.7175832 30.3977724, -97.7175859 30.3978624, -97.7175887 30.397931, -97.7177396 30.3979618, -97.7177204 30.3981062, -97.7177012 30.3982056, -97.71766 30.3983263, -97.7176106 30.3984351, -97.7175365 30.3985748, -97.7174515 30.3986837, -97.7173719 30.3986434, -97.7173143 30.3987097, -97.7172758 30.398757, -97.7172237 30.3987192, -97.7171771 30.398757))",cutlery,green
cafe,Starbucks,"POLYGON ((-97.8169701 30.0901325, -97.816972 30.090072, -97.8167441 30.0900666, -97.8167422 30.0901271, -97.8169701 30.0901325))",coffee,green
restaurant,Bill Miller Bar-B-Q,"POLYGON ((-97.8232394 30.0891189, -97.8232365 30.088947, -97.8229891 30.0889501, -97.822992 30.089122, -97.8232394 30.0891189))",cutlery,green
restaurant,Olive Garden,"POLYGON ((-97.6765025 30.4843795, -97.6764975 30.4841116, -97.6762081 30.4841156, -97.6762131 30.4843835, -97.6765025 30.4843795))",cutlery,green
restaurant,Hurricane Grill,"POLYGON ((-97.6801758 30.4807568, -97.6801547 30.4805929, -97.6799018 30.4806129, -97.6799159 30.4807687, -97.6801141 30.4807624, -97.6801758 30.4807568))",cutlery,green
bar,Skylark Lounge,"POLYGON ((-97.7040781 30.2848321, -97.7041724 30.2847934, -97.7041287 30.2847137, -97.7040343 30.2847524, -97.7040781 30.2848321))",beer,green
restaurant,Applebee's,"POLYGON ((-97.681713 30.4825858, -97.6816739 30.4825019, -97.6816659 30.4825047, -97.6816392 30.4824475, -97.6815917 30.482464, -97.6815881 30.4824563, -97.6813934 30.4825238, -97.6814628 30.4826725, -97.681713 30.4825858))",cutlery,green
restaurant,Tokyo Steak House and Sushi Bar,"POLYGON ((-97.6826198 30.4818926, -97.6825312 30.4816999, -97.6825703 30.4816866, -97.6825657 30.4816765, -97.682638 30.4816518, -97.6826423 30.4816612, -97.6828433 30.4815926, -97.6829322 30.481786, -97.6826198 30.4818926))",cutlery,green
restaurant,Red Lobster,"POLYGON ((-97.6825368 30.4808732, -97.6825251 30.4807225, -97.6825405 30.4807216, -97.6825351 30.480652, -97.6825154 30.4806531, -97.6825121 30.4806109, -97.6824195 30.4806163, -97.6824178 30.4805941, -97.6823532 30.4805979, -97.6823547 30.4806173, -97.6822575 30.4806229, -97.6822606 30.4806632, -97.6822465 30.480664, -97.6822598 30.480836, -97.682312 30.480833, -97.6823161 30.4808859, -97.6825368 30.4808732))",cutlery,green
restaurant,LongHorn Steakhouse,"POLYGON ((-97.6812402 30.480926, -97.6812352 30.4808644, -97.6812666 30.4808626, -97.6812643 30.4808339, -97.681273 30.4808334, -97.6812676 30.4807662, -97.6812579 30.4807668, -97.6812556 30.4807388, -97.6809804 30.4807553, -97.6809975 30.4809668, -97.6811731 30.4809562, -97.6811717 30.4809387, -97.6811931 30.4809374, -97.6811924 30.4809289, -97.6812402 30.480926))",cutlery,green
restaurant,El Taquito,"POLYGON ((-97.6711898 30.4817935, -97.671116 30.4815251, -97.6710079 30.4815471, -97.6709815 30.4815823, -97.6710475 30.4818225, -97.6711898 30.4817935))",cutlery,green
restaurant,Twin Peaks,"POLYGON ((-97.6729901 30.4814732, -97.6728206 30.4816858, -97.6729927 30.4817877, -97.6730156 30.4817589, -97.6730486 30.4817785, -97.6730853 30.4817325, -97.6731342 30.4817614, -97.6732441 30.4816236, -97.6729901 30.4814732))",cutlery,green
restaurant,Chili's,"POLYGON ((-97.6735483 30.4822362, -97.6734904 30.4820359, -97.6733125 30.4820741, -97.6733204 30.4821013, -97.6732132 30.4821243, -97.6732632 30.4822974, -97.6735483 30.4822362))",cutlery,green
place_of_worship,Promise Land Church,"POLYGON ((-97.7015516 30.3056123, -97.7013646 30.3055298, -97.7013341 30.3055631, -97.7012813 30.3055456, -97.7011449 30.3055726, -97.70108 30.3055894, -97.7007768 30.3054568, -97.7006979 30.3055912, -97.700817 30.3056464, -97.7007481 30.3057572, -97.7009682 30.3058685, -97.700893 30.3059896, -97.7010231 30.3060422, -97.7010089 30.3060668, -97.7010312 30.3061265, -97.7011451 30.3061826, -97.7012264 30.3061703, -97.7012386 30.306151, -97.7013544 30.3062089, -97.7014337 30.3060914, -97.7015089 30.3061317, -97.7015679 30.3060475, -97.7017549 30.3061317, -97.7017447 30.3061563, -97.7018423 30.3061984, -97.7018077 30.3062528, -97.7017081 30.3062054, -97.7015943 30.3063844, -97.701883 30.3065231, -97.7019907 30.3063458, -97.7018484 30.3062721, -97.7018789 30.306216, -97.7020232 30.3062844, -97.7020659 30.3062247, -97.7021127 30.3062493, -97.7021574 30.3061914, -97.7021106 30.3061651, -97.7023119 30.3058386, -97.7022041 30.305793, -97.7022163 30.3057772, -97.702135 30.3057369, -97.7021167 30.3057579, -97.7020029 30.3057, -97.7018645 30.3059313, -97.7018464 30.3059615, -97.701779 30.3059306, -97.7016838 30.305886, -97.7016594 30.3059124, -97.7016268 30.3058109, -97.7015821 30.3056719, -97.7015252 30.3056561, -97.7015516 30.3056123))",institution,orange
restaurant,Nori,"POLYGON ((-97.7403774 30.3000231, -97.7401535 30.2999157, -97.7402147 30.2998207, -97.7402917 30.2998575, -97.7404379 30.2999263, -97.7403774 30.3000231))",cutlery,green
restaurant,PD Thai,"POLYGON ((-97.7404379 30.2999263, -97.7402917 30.2998575, -97.7403304 30.2997996, -97.7404785 30.2998686, -97.7404379 30.2999263))",cutlery,green
restaurant,Salsa Limón,"POLYGON ((-97.7418038 30.2966066, -97.7415999 30.2965115, -97.7415745 30.296552, -97.7414945 30.2965146, -97.7414558 30.2965765, -97.7415692 30.2966295, -97.74174 30.2967085, -97.7417568 30.2966818, -97.7418112 30.2967071, -97.7418439 30.2966559, -97.7417882 30.2966315, -97.7418038 30.2966066))",cutlery,green
restaurant,Deckhand Oyster Bar,"POLYGON ((-97.6794782 30.4782262, -97.6795809 30.4781616, -97.6793891 30.4779348, -97.6792863 30.4779993, -97.6794782 30.4782262))",cutlery,green
restaurant,Chuck E. Cheese's,"POLYGON ((-97.6788188 30.4791393, -97.6787943 30.4788037, -97.6784974 30.4788198, -97.6785219 30.4791554, -97.6788188 30.4791393))",cutlery,green
restaurant,Third Base,"POLYGON ((-97.6703486 30.4778817, -97.6702859 30.4776633, -97.6700544 30.4777126, -97.6701172 30.4779311, -97.6703486 30.4778817))",cutlery,green
restaurant,Eberly,"POLYGON ((-97.7589217 30.2587261, -97.7589648 30.2585901, -97.7588234 30.2585566, -97.7588338 30.2585238, -97.7585622 30.2584596, -97.7584456 30.2586391, -97.7587761 30.2587173, -97.7587837 30.2586935, -97.7589217 30.2587261))",cutlery,green
restaurant,East Side Pies,"POLYGON ((-97.7241479 30.2687537, -97.7241412 30.2687641, -97.7241559 30.2687722, -97.7241331 30.2688197, -97.7241143 30.2688151, -97.724109 30.2688255, -97.7240862 30.2688208, -97.7240808 30.2688313, -97.7240231 30.2688417, -97.7240111 30.2688289, -97.7240594 30.2687235, -97.7241479 30.2687537))",cutlery,green
bar,The Grackle,"POLYGON ((-97.7242083 30.2627577, -97.7242808 30.2626094, -97.7241869 30.2625747, -97.7241721 30.2626025, -97.7241373 30.2625909, -97.7241212 30.2626233, -97.7240675 30.2626059, -97.724026 30.2626928, -97.7241024 30.2627206, -97.7242083 30.2627577))",beer,green
restaurant,Micklethwait Craft Meats,"POLYGON ((-97.7252067 30.2683435, -97.7252484 30.2683088, -97.7252305 30.2682927, -97.7251887 30.2683273, -97.7252067 30.2683435))",cutlery,green
bar,Stagger Lee,"POLYGON ((-97.7382459 30.2596931, -97.7382725 30.2596171, -97.7380004 30.2595463, -97.7379649 30.259648, -97.7380451 30.2596689, -97.738054 30.2596432, -97.7382459 30.2596931))",beer,green
bar,Idle Hands,"POLYGON ((-97.7382677 30.2595786, -97.7380341 30.2595158, -97.7380533 30.2594626, -97.7380915 30.2594729, -97.7381103 30.2594206, -97.7383581 30.2594872, -97.7383331 30.2595564, -97.7382808 30.2595424, -97.7382677 30.2595786))",beer,green
bar,Icenhauer's,"POLYGON ((-97.7383602 30.2594402, -97.7381772 30.2593921, -97.7381911 30.2593526, -97.7382979 30.2593807, -97.7383215 30.2593139, -97.7383774 30.2593286, -97.7383548 30.2593927, -97.7383751 30.259398, -97.7383602 30.2594402))",beer,green
bar,Lucille,"POLYGON ((-97.7385989 30.2588215, -97.7384272 30.258775, -97.738455 30.2586984, -97.7384171 30.2586881, -97.7384286 30.2586565, -97.7386382 30.2587132, -97.7385989 30.2588215))",beer,green
bar,Unbarlievable,"POLYGON ((-97.7390441 30.2589666, -97.7388889 30.2589241, -97.7389323 30.2588058, -97.739025 30.2588311, -97.7390036 30.2588896, -97.7390661 30.2589067, -97.7390441 30.2589666))",beer,green
bar,Augustine,"POLYGON ((-97.7387279 30.259711, -97.7387568 30.2596264, -97.7386303 30.2595941, -97.7386014 30.2596787, -97.7387279 30.259711))",beer,green
bar,Parlor Room,"POLYGON ((-97.7387932 30.2597887, -97.7385495 30.2597187, -97.7385123 30.2598155, -97.7386144 30.2598448, -97.7386256 30.2598158, -97.7386766 30.2598304, -97.7386588 30.2598766, -97.7387494 30.2599026, -97.7387932 30.2597887))",beer,green
bar,Clive Bar,"POLYGON ((-97.7388006 30.2601604, -97.7388205 30.2601061, -97.7386164 30.2600503, -97.7386239 30.2600299, -97.7387964 30.260077, -97.7388085 30.2600439, -97.7385133 30.2599633, -97.7385069 30.2599808, -97.7384641 30.2599692, -97.7384283 30.260067, -97.7384698 30.2600783, -97.738479 30.2600531, -97.7385262 30.260066, -97.7385197 30.2600836, -97.7388006 30.2601604))",beer,green
restaurant,IHOP,"POLYGON ((-97.7374809 30.2610547, -97.7375318 30.2609049, -97.737281 30.2608413, -97.7372315 30.2609868, -97.737282 30.2609996, -97.7372727 30.2610269, -97.7374004 30.2610593, -97.7374082 30.2610363, -97.7374809 30.2610547))",cutlery,green
cafe,Jo's Coffee,"POLYGON ((-97.7493644 30.25112, -97.7493828 30.2510729, -97.7494309 30.2510869, -97.7494827 30.2509542, -97.7493844 30.2509256, -97.7493143 30.2511055, -97.7493644 30.25112))",coffee,green
restaurant,Guero's Taco Bar,"POLYGON ((-97.7504763 30.2492731, -97.7505218 30.2491545, -97.7500959 30.2490326, -97.7500731 30.2490918, -97.7500504 30.2491511, -97.7504763 30.2492731))",cutlery,green
restaurant,Kerbey Lane Cafe,"POLYGON ((-97.7416186 30.2911244, -97.7416137 30.2911733, -97.7416719 30.2911777, -97.7416647 30.2912484, -97.7416417 30.2912467, -97.741636 30.2913027, -97.7413885 30.291284, -97.7414063 30.2911083, -97.7414131 30.2911089, -97.7415756 30.2911211, -97.7416186 30.2911244))",cutlery,green
theatre,Zilker Hillside Theater,"POLYGON ((-97.7726054 30.2643243, -97.7726277 30.2644789, -97.7726141 30.2645281, -97.7725457 30.2645455, -97.7723761 30.2645554, -97.7723192 30.2645403, -97.7722641 30.2645195, -97.7722763 30.264348, -97.7726054 30.2643243))",film,red
restaurant,El Arroyo,"POLYGON ((-97.7645574 30.2750695, -97.7646318 30.2749479, -97.7645828 30.2749143, -97.7645379 30.2748361, -97.7645238 30.2747874, -97.7644286 30.2747625, -97.7643669 30.2747382, -97.7642496 30.2749091, -97.7645574 30.2750695))",cutlery,green
place_of_worship,Santa Cruz Catholic School & Church,"POLYGON ((-97.8318123 30.088438, -97.8317847 30.0882898, -97.8319602 30.0882653, -97.8319253 30.088078, -97.8316404 30.0881177, -97.8315568 30.0880668, -97.831513 30.0881207, -97.8313351 30.0880124, -97.8313683 30.0879716, -97.8313085 30.0879352, -97.8313569 30.0878757, -97.8312821 30.0878302, -97.8312821 30.0877542, -97.8311909 30.0876893, -97.8310867 30.0877034, -97.831036 30.0876726, -97.8308546 30.0878964, -97.8309174 30.0879345, -97.8309174 30.0880331, -97.8310118 30.0880867, -97.8311128 30.0880726, -97.8311743 30.0881102, -97.8312407 30.0880288, -97.8313002 30.0880652, -97.8313191 30.0880421, -97.8313847 30.0880821, -97.83131 30.0881736, -97.8312796 30.088155, -97.8312365 30.0882078, -97.8309675 30.0882452, -97.8310337 30.0886014, -97.8313706 30.0885545, -97.8313648 30.0885231, -97.831529 30.0885002, -97.8315593 30.0886627, -97.8319286 30.0886112, -97.8318942 30.0884266, -97.8318123 30.088438))",institution,orange
cafe,Summer Moon Coffee,"POLYGON ((-97.8839822 30.3880886, -97.8839212 30.3880226, -97.8840555 30.3879302, -97.8841166 30.3879962, -97.8839822 30.3880886))",coffee,green
restaurant,Texas Chili Parlor,"POLYGON ((-97.7420086 30.2770422, -97.7418726 30.2770057, -97.7419232 30.2768653, -97.7420591 30.2769018, -97.7420086 30.2770422))",cutlery,green
theatre,Paramount Theatre,"POLYGON ((-97.7420648 30.2695439, -97.7415882 30.2694109, -97.7416617 30.2692143, -97.7421384 30.2693473, -97.7420648 30.2695439))",film,red
cinema,State Theatre,"POLYGON ((-97.7420215 30.2696598, -97.7415448 30.2695269, -97.7415882 30.2694109, -97.7420648 30.2695439, -97.7420215 30.2696598))",film,red
restaurant,Koriente Restaurant,"POLYGON ((-97.7360153 30.2670791, -97.7359315 30.2670557, -97.7359737 30.2669429, -97.7360575 30.2669663, -97.7360304 30.2670386, -97.7360153 30.2670791))",cutlery,green
bar,Swan Dive,"POLYGON ((-97.736823 30.267134, -97.7367883 30.2672267, -97.7366632 30.2671918, -97.736608 30.2671764, -97.7364834 30.2671417, -97.7365174 30.2670508, -97.736823 30.267134))",beer,green
bar,Coyote Ugly,"POLYGON ((-97.7381836 30.2666579, -97.7380939 30.2666329, -97.7382197 30.2662967, -97.7383094 30.2663217, -97.7381836 30.2666579))",beer,green
bar,Old School Bar & Grill,"POLYGON ((-97.7392569 30.2669575, -97.7391773 30.2669353, -97.7393031 30.2665991, -97.7393827 30.2666213, -97.7392569 30.2669575))",beer,green
bar,Flamingo Cantina,"POLYGON ((-97.7377656 30.2665412, -97.7376888 30.2665198, -97.737759 30.2663324, -97.7378357 30.2663538, -97.7378274 30.2663761, -97.7377656 30.2665412))",beer,green
restaurant,Péché,"POLYGON ((-97.7451446 30.2671381, -97.7450722 30.2671179, -97.745195 30.2667895, -97.7452674 30.2668097, -97.7451446 30.2671381))",cutlery,green
pub,The Pub,"POLYGON ((-97.7455506 30.2668887, -97.745462 30.2671256, -97.7453285 30.2670884, -97.7454171 30.2668515, -97.7455506 30.2668887))",beer,green
bar,DuMont's Down Low,"POLYGON ((-97.7454171 30.2668515, -97.7453285 30.2670884, -97.7452943 30.2671798, -97.7452335 30.2671629, -97.7453563 30.2668345, -97.7454171 30.2668515))",beer,green
bar,Estelle's Social Lounge,"POLYGON ((-97.745195 30.2667895, -97.7451344 30.2669514, -97.7450582 30.2669302, -97.7449908 30.2669114, -97.7448416 30.2668698, -97.7449022 30.2667078, -97.745195 30.2667895))",beer,green
bar,Mort Subite,"POLYGON ((-97.7438795 30.2657309, -97.7439078 30.2656562, -97.7440873 30.2657069, -97.7440589 30.2657817, -97.7438795 30.2657309))",beer,green
bar,The Roosevelt Room,"POLYGON ((-97.7462142 30.2678682, -97.7463396 30.267537, -97.7464104 30.2675571, -97.746285 30.2678882, -97.7462142 30.2678682))",beer,green
place_of_worship,Central Presbyterian Church,"POLYGON ((-97.7405584 30.2697604, -97.7405865 30.2697683, -97.7405128 30.2699654, -97.7403631 30.2699236, -97.7403652 30.2699179, -97.7399935 30.2698143, -97.7400808 30.2695805, -97.7402039 30.2696147, -97.7401505 30.2697576, -97.7403601 30.269816, -97.7403976 30.2697156, -97.740436 30.2697263, -97.7404895 30.2695832, -97.7406118 30.2696173, -97.7405584 30.2697604))",institution,orange
place_of_worship,First Baptist Church of Austin,"POLYGON ((-97.7378231 30.2705014, -97.7378419 30.2705325, -97.7377432 30.2705769, -97.7377245 30.2705459, -97.737679 30.2705664, -97.7376177 30.27055, -97.7375849 30.2704958, -97.7374468 30.2704568, -97.7372705 30.2701647, -97.7372884 30.2700874, -97.7373872 30.2700429, -97.7373992 30.2699724, -97.7374209 30.2699626, -97.7374121 30.269948, -97.7374465 30.2699325, -97.7374553 30.2699471, -97.7374807 30.2699357, -97.7375515 30.2699689, -97.7376355 30.2699311, -97.7377302 30.2699577, -97.7379066 30.2702497, -97.7378597 30.270373, -97.737892 30.2704265, -97.737873 30.270479, -97.7378231 30.2705014))",institution,orange
place_of_worship,Saint Davids Episcopal Church,"POLYGON ((-97.7399034 30.2684006, -97.7398828 30.2684557, -97.7398637 30.2684504, -97.7398035 30.2686115, -97.7398226 30.2686169, -97.7398001 30.2686771, -97.7397637 30.2686669, -97.739746 30.2687142, -97.7392274 30.2685696, -97.7392113 30.2686127, -97.7390775 30.2685754, -97.7390936 30.2685323, -97.7389545 30.2684936, -97.7390769 30.268166, -97.7394655 30.2682743, -97.7394222 30.2683904, -97.7393262 30.2683637, -97.739301 30.2684311, -97.7396681 30.2685334, -97.7397353 30.2683537, -97.7399034 30.2684006))",institution,orange
place_of_worship,Saint Elias Antiochan Orthodox Church - Downtown Campus,"POLYGON ((-97.7367685 30.2717279, -97.736637 30.2720799, -97.7365208 30.2720476, -97.7366263 30.271765, -97.7365575 30.2717458, -97.7365703 30.2717113, -97.7366256 30.2717267, -97.7366409 30.2716856, -97.7366622 30.2716915, -97.7366782 30.271696, -97.7366759 30.2717021, -97.7367685 30.2717279))",institution,orange
bar,Cheer Up Charlie's,"POLYGON ((-97.7363995 30.2696718, -97.7363807 30.2697219, -97.7363014 30.2696997, -97.7363646 30.2695306, -97.736444 30.2695527, -97.7364323 30.2695839, -97.7364639 30.2695927, -97.7364311 30.2696806, -97.7363995 30.2696718))",beer,green
place_of_worship,Saint Mary Cathedral,"POLYGON ((-97.7400917 30.2709839, -97.7401291 30.2709943, -97.7400247 30.2712736, -97.7399466 30.2712518, -97.7398902 30.2712361, -97.7398399 30.271222, -97.7398563 30.2711781, -97.739882 30.2711853, -97.73997 30.2709499, -97.7400012 30.2709586, -97.740012 30.2709299, -97.7400431 30.2709176, -97.7400862 30.2709296, -97.7401024 30.2709552, -97.7400917 30.2709839))",institution,orange
restaurant,Stubb's BBQ,"POLYGON ((-97.7363428 30.2684294, -97.7362792 30.2685995, -97.736096 30.2685484, -97.7361596 30.2683783, -97.7363428 30.2684294))",cutlery,green
bar,Wanderlust Wine Co.,"POLYGON ((-97.7351129 30.2664318, -97.7349688 30.2663916, -97.7350146 30.2662693, -97.7351587 30.2663095, -97.7351129 30.2664318))",beer,green
cafe,Westlake High School Ninth Grade Cafeteria,"POLYGON ((-97.8129632 30.2757481, -97.8129987 30.275766, -97.8129966 30.2757861, -97.8129849 30.2757849, -97.8129525 30.276014, -97.8129349 30.2760053, -97.812929 30.2760558, -97.8126083 30.2760253, -97.8125313 30.2759419, -97.8124479 30.2759326, -97.8124561 30.275853, -97.8124252 30.275847, -97.8124422 30.2756982, -97.812869 30.2757369, -97.81288 30.2757176, -97.8129632 30.2757481))",coffee,green
music_venue,Plaza Mexico de Austin,"POLYGON ((-97.6974866 30.1603505, -97.6974424 30.1604913, -97.6975237 30.1605104, -97.6974156 30.1608547, -97.6973363 30.1608361, -97.6973096 30.1609213, -97.6967281 30.1607849, -97.6967561 30.1606957, -97.6964562 30.1606254, -97.6965575 30.1603025, -97.6968672 30.1603751, -97.6968951 30.1602863, -97.6973708 30.1603979, -97.6973926 30.1603284, -97.6974866 30.1603505))",music,red
restaurant,Green Mesquite BBQ,"POLYGON ((-97.7593371 30.2614783, -97.7592995 30.2615402, -97.759205 30.2614985, -97.7591641 30.2615686, -97.7590782 30.2615281, -97.7591527 30.2613972, -97.7593371 30.2614783))",cutlery,green
place_of_worship,Saint William Catholic Church,"POLYGON ((-97.6890021 30.5017124, -97.6890003 30.5016119, -97.6890762 30.501611, -97.6890746 30.5015182, -97.6891721 30.501517, -97.68917 30.5013947, -97.6890713 30.5013959, -97.6890695 30.5012946, -97.6889964 30.5012956, -97.6889948 30.501204, -97.6887779 30.5012068, -97.6887782 30.5012241, -97.6887428 30.5012246, -97.6887434 30.5012583, -97.6886743 30.5012592, -97.688676 30.5013516, -97.6884876 30.5013542, -97.6884865 30.5012917, -97.6884633 30.501292, -97.6884625 30.5012503, -97.6883673 30.5012516, -97.688368 30.5012912, -97.6883414 30.5012915, -97.6883425 30.501351, -97.6883303 30.5013512, -97.6883308 30.5013753, -97.6883166 30.5013755, -97.6883172 30.5014056, -97.6882693 30.5014063, -97.6882715 30.5015239, -97.6883233 30.5015232, -97.6883238 30.5015546, -97.6883337 30.5015545, -97.6883343 30.5015861, -97.6883477 30.5015859, -97.6883487 30.5016403, -97.6883931 30.5016397, -97.6883937 30.5016796, -97.6884553 30.5016789, -97.6884547 30.5016394, -97.688522 30.5016385, -97.688521 30.5015778, -97.688677 30.5015759, -97.6886784 30.5016611, -97.6887465 30.5016603, -97.688747 30.5016911, -97.6887868 30.5016906, -97.6887872 30.5017151, -97.6890021 30.5017124))",institution,orange
place_of_worship,Grace Lutheran Church,"POLYGON ((-97.6896722 30.5027258, -97.6896275 30.5026029, -97.6896092 30.5026079, -97.6895968 30.5025738, -97.6896138 30.5025692, -97.6896014 30.5025353, -97.6897712 30.5024893, -97.6897841 30.502525, -97.689925 30.5024868, -97.6899972 30.5026848, -97.6898933 30.5027129, -97.6898334 30.5025483, -97.6897963 30.5025584, -97.6898407 30.5026802, -97.6896722 30.5027258))",institution,orange
place_of_worship,The Holy Cross Coptic Orthodox Church,"POLYGON ((-97.6832307 30.5013239, -97.6831964 30.501296, -97.6831747 30.5013159, -97.6831401 30.5012879, -97.6831613 30.5012685, -97.6831346 30.5012468, -97.6832422 30.5011484, -97.683171 30.5010907, -97.6832576 30.5010114, -97.6834244 30.5011468, -97.6832307 30.5013239))",institution,orange
place_of_worship,Lake Hills Church,"POLYGON ((-97.9141762 30.3081335, -97.9141011 30.3080872, -97.9140314 30.3080293, -97.9140528 30.3080247, -97.9140099 30.3079552, -97.9139831 30.3078695, -97.9139804 30.3077839, -97.9139911 30.3077028, -97.9140233 30.3076357, -97.9140688 30.3075779, -97.9140874 30.3075596, -97.9140497 30.3075316, -97.9141097 30.307468, -97.9143169 30.3076469, -97.9143333 30.3076352, -97.9144942 30.3077764, -97.9144614 30.3078048, -97.9145 30.3078333, -97.9143346 30.3079786, -97.9143015 30.3079524, -97.9141762 30.3081335))",institution,orange
cafe,Starbucks,"POLYGON ((-97.7425887 30.2878346, -97.7425748 30.2878362, -97.7425653 30.2878407, -97.742558 30.2878502, -97.7425552 30.287861, -97.7425345 30.2880684, -97.7426358 30.2880759, -97.7426606 30.2878399, -97.7425887 30.2878346))",coffee,green
restaurant,The Diner at Victory Lap,"POLYGON ((-97.7429183 30.2881704, -97.7428376 30.2881645, -97.7428312 30.2882534, -97.7429322 30.2882574, -97.7429325 30.2882482, -97.7429327 30.2882504, -97.7429336 30.2882524, -97.7429353 30.2882541, -97.7429375 30.2882552, -97.74294 30.2882557, -97.7429427 30.2882555, -97.7429452 30.2882545, -97.7429471 30.2882527, -97.7429483 30.2882506, -97.7429485 30.2882482, -97.7429478 30.2882459, -97.7429462 30.2882439, -97.742944 30.2882425, -97.7429413 30.2882419, -97.7429522 30.288242, -97.7429548 30.2882062, -97.7429311 30.2882052, -97.7429462 30.2881923, -97.7429279 30.2881779, -97.7429162 30.2881883, -97.7429183 30.2881704))",cutlery,green
place_of_worship,Faith Baptist Church,"POLYGON ((-97.6187221 30.4965677, -97.6188512 30.4968646, -97.6186874 30.4969175, -97.6184976 30.4964807, -97.618714 30.4964109, -97.6187748 30.4965507, -97.6187221 30.4965677))",institution,orange
cafe,Bird Bird Biscuit,"POLYGON ((-97.732083 30.3308809, -97.7318893 30.3307858, -97.7319347 30.3307169, -97.7321284 30.330812, -97.732083 30.3308809))",coffee,green
restaurant,El Chile Cafe Y Cantina,"POLYGON ((-97.7226465 30.2836276, -97.722529 30.2836454, -97.72249 30.2834533, -97.7226075 30.2834355, -97.7226465 30.2836276))",cutlery,green
cafe,Apothecary Cafe & Wine Bar,"POLYGON ((-97.7395309 30.3189329, -97.7395151 30.3189603, -97.7394991 30.3189534, -97.7394136 30.3191022, -97.7395487 30.31916, -97.7395888 30.3190902, -97.739573 30.3190791, -97.7396321 30.3189762, -97.7395309 30.3189329))",coffee,green
cafe,Starbucks,"POLYGON ((-97.7588863 30.2422159, -97.7588025 30.2421795, -97.7588438 30.2421085, -97.7589276 30.242145, -97.7589351 30.2421322, -97.7590668 30.2421895, -97.7590126 30.2422825, -97.7588809 30.2422252, -97.7588863 30.2422159))",coffee,green
restaurant,Hops & Thyme,"POLYGON ((-97.9704014 30.3427719, -97.9705654 30.3428567, -97.970429 30.3430531, -97.9702651 30.3429683, -97.9704014 30.3427719))",cutlery,green
place_of_worship,The Church of Jesus Christ of Latter-day Saints,"POLYGON ((-97.6925634 30.3426059, -97.6924333 30.3425434, -97.6924952 30.3424474, -97.6925641 30.3424805, -97.6926264 30.3423839, -97.6925354 30.3423402, -97.6925973 30.3422442, -97.6928298 30.3423557, -97.6929269 30.3422436, -97.6930542 30.3423036, -97.6929959 30.3424355, -97.6932072 30.3425369, -97.6931453 30.342633, -97.6930796 30.3426014, -97.6930174 30.342698, -97.6930652 30.342721, -97.6930033 30.342817, -97.6928853 30.3427604, -97.692865 30.342792, -97.6925431 30.3426374, -97.6925634 30.3426059))",institution,orange
restaurant,Roppolo's Pizzeria,"POLYGON ((-97.7416193 30.290952, -97.7416155 30.2909899, -97.7415893 30.290988, -97.7415823 30.2910569, -97.7414977 30.2910505, -97.7415046 30.2909813, -97.7414759 30.2909791, -97.7414797 30.2909415, -97.7416193 30.290952))",cutlery,green
place_of_worship,Church of Scientology Texas,"POLYGON ((-97.7423725 30.2851164, -97.7423411 30.2854179, -97.7423161 30.2854159, -97.7423139 30.2854369, -97.7419818 30.2854111, -97.7420153 30.2850887, -97.7423725 30.2851164))",institution,orange
restaurant,CAVA,"POLYGON ((-97.741851 30.2886184, -97.7416391 30.2886043, -97.7416516 30.2884641, -97.7416844 30.2884665, -97.741873 30.2884789, -97.7418665 30.2885521, -97.741927 30.2885561, -97.7419222 30.2886103, -97.7418521 30.2886057, -97.741851 30.2886184))",cutlery,green
place_of_worship,Iglesia Vida Nueva of Austin,"POLYGON ((-97.7080986 30.3348863, -97.7081785 30.334927, -97.7081945 30.334929, -97.7083836 30.3350261, -97.7082529 30.3352158, -97.7079723 30.3350717, -97.7080012 30.3350297, -97.7079954 30.3350267, -97.7080371 30.3349659, -97.7080424 30.3349685, -97.7080986 30.3348863))",institution,orange
restaurant,Buffalo Wild Wings,"POLYGON ((-97.701884 30.33807, -97.701888 30.338064, -97.7019 30.33807, -97.701914 30.338049, -97.702059 30.33812, -97.702046 30.33814, -97.702131 30.338181, -97.702098 30.338231, -97.702132 30.338248, -97.702107 30.338286, -97.702073 30.338269, -97.702068 30.338278, -97.70209 30.338288, -97.702046 30.338356, -97.701782 30.338227, -97.701884 30.33807))",cutlery,green
restaurant,Mario's Seafood,"POLYGON ((-97.701937 30.337827, -97.701917 30.337826, -97.701922 30.337744, -97.701906 30.337743, -97.701917 30.337548, -97.702038 30.337553, -97.70204 30.337528, -97.702082 30.33753, -97.702081 30.337549, -97.702111 30.33755, -97.702108 30.337591, -97.702122 30.337592, -97.702117 30.337676, -97.702139 30.337677, -97.702137 30.337718, -97.702115 30.337717, -97.70211 30.337805, -97.702084 30.337804, -97.702081 30.337857, -97.701966 30.337852, -97.701968 30.337828, -97.701937 30.337827))",cutlery,green
restaurant,Ojos Locos Sports Cantina,"POLYGON ((-97.702404 30.337251, -97.702338 30.33722, -97.702325 30.33724, -97.702256 30.337207, -97.702263 30.337197, -97.702249 30.33719, -97.702252 30.337186, -97.702235 30.337177, -97.702232 30.337182, -97.702217 30.337189, -97.702128 30.337146, -97.702126 30.337131, -97.702128 30.337128, -97.70212 30.337124, -97.702117 30.337128, -97.702093 30.337116, -97.702108 30.337092, -97.702093 30.337084, -97.702088 30.33707, -97.702149 30.336975, -97.702165 30.336971, -97.702186 30.336981, -97.702221 30.336927, -97.702227 30.336931, -97.702263 30.336874, -97.702259 30.336872, -97.702272 30.336851, -97.702483 30.336954, -97.70247 30.336974, -97.702465 30.336971, -97.702429 30.337027, -97.702437 30.337031, -97.702402 30.337084, -97.702407 30.337087, -97.70236 30.33716, -97.702362 30.337161, -97.702353 30.337176, -97.702363 30.337181, -97.702357 30.337191, -97.702426 30.337224, -97.702407 30.337253, -97.702404 30.337251))",cutlery,green
restaurant,Amaya’s Taco Village,"POLYGON ((-97.708065 30.319473, -97.708082 30.319446, -97.707926 30.319373, -97.708016 30.319229, -97.708001 30.319222, -97.708047 30.319149, -97.708076 30.319132, -97.708321 30.319246, -97.708284 30.319306, -97.708296 30.319311, -97.708197 30.319471, -97.708183 30.319464, -97.708168 30.319488, -97.708111 30.319461, -97.708095 30.319487, -97.708065 30.319473))",cutlery,green
restaurant,IHOP,"POLYGON ((-97.709699 30.32062, -97.709852 30.320374, -97.709925 30.320408, -97.709877 30.320485, -97.709891 30.320492, -97.709811 30.32062, -97.709797 30.320613, -97.709772 30.320654, -97.709699 30.32062))",cutlery,green
restaurant,Capt. Benny's,"POLYGON ((-97.708058 30.317885, -97.708023 30.317882, -97.708034 30.317806, -97.707981 30.3178, -97.707987 30.317748, -97.707938 30.317743, -97.707939 30.31773, -97.707929 30.317729, -97.707944 30.317616, -97.707977 30.317592, -97.708009 30.317622, -97.708001 30.317679, -97.708052 30.317684, -97.708052 30.31769, -97.708117 30.317696, -97.708093 30.317889, -97.708058 30.317885))",cutlery,green
place_of_worship,Central Christian Church,"POLYGON ((-97.744554 30.274797, -97.744565 30.274767, -97.744362 30.27471, -97.744351 30.274738, -97.744319 30.274729, -97.744387 30.274543, -97.744421 30.274553, -97.744412 30.274578, -97.744591 30.274628, -97.744642 30.27449, -97.744515 30.274455, -97.744558 30.27434, -97.74484 30.274419, -97.744817 30.27448, -97.744843 30.274488, -97.744833 30.274515, -97.744806 30.274507, -97.744796 30.274535, -97.744791 30.274534, -97.744757 30.274625, -97.744716 30.274614, -97.744702 30.274649, -97.744709 30.274651, -97.7447 30.274675, -97.744706 30.274677, -97.744666 30.274786, -97.744652 30.274782, -97.744637 30.274821, -97.744554 30.274797))",institution,orange
restaurant,Taquero Mucho,"POLYGON ((-97.751007 30.270092, -97.75104 30.270019, -97.751263 30.270094, -97.751226 30.270174, -97.75115 30.270148, -97.751146 30.270156, -97.751093 30.270138, -97.751098 30.270128, -97.751005 30.270097, -97.751007 30.270092))",cutlery,green
restaurant,Iron Works Barbecue,"POLYGON ((-97.739015 30.2623554, -97.738991 30.2623484, -97.738999 30.2623284, -97.738971 30.2623194, -97.738972 30.2623174, -97.738889 30.2622914, -97.738954 30.2621294, -97.739064 30.2621624, -97.739079 30.2621254, -97.739114 30.2621364, -97.739067 30.2622534, -97.739103 30.2622644, -97.739061 30.2623694, -97.739015 30.2623554))",cutlery,green
bar,Key Bar,"POLYGON ((-97.7493226 30.2697309, -97.7493338 30.2697007, -97.7492679 30.2696825, -97.7492884 30.2696271, -97.7494452 30.2696704, -97.7494434 30.2696753, -97.7494918 30.2696886, -97.7494886 30.2696973, -97.7494963 30.2696994, -97.7494748 30.2697574, -97.7494696 30.2697715, -97.7493226 30.2697309))",beer,green
bar,Bar 508 Mezcalerita,"POLYGON ((-97.736574 30.268572, -97.736582 30.268552, -97.736627 30.268565, -97.736633 30.268549, -97.736691 30.268566, -97.736685 30.268581, -97.736732 30.268594, -97.736711 30.26865, -97.736656 30.268634, -97.736639 30.268681, -97.736543 30.268654, -97.736574 30.268572))",beer,green
restaurant,Favorite Pizza,"POLYGON ((-97.750796 30.270091, -97.750887 30.270126, -97.750841 30.270218, -97.750749 30.270182, -97.750796 30.270091))",cutlery,green
restaurant,Pelons Tex Mex,"POLYGON ((-97.736437 30.268829, -97.736435 30.268829, -97.736484 30.268693, -97.736604 30.268726, -97.736583 30.268784, -97.736681 30.268811, -97.736651 30.268892, -97.736561 30.268868, -97.736562 30.268863, -97.736437 30.268829))",cutlery,green
restaurant,Launderette,"POLYGON ((-97.722658 30.251888, -97.722695 30.251808, -97.722844 30.25186, -97.722805 30.251947, -97.722655 30.251895, -97.722658 30.251888))",cutlery,green
place_of_worship,Gateway Baptist Church,"POLYGON ((-97.7120641 30.3427181, -97.7120476 30.3425714, -97.7118128 30.3425912, -97.7118118 30.3425822, -97.7117801 30.3425849, -97.7117767 30.3425548, -97.7118091 30.3425521, -97.7118009 30.34248, -97.7121637 30.3424493, -97.7121738 30.3425392, -97.7122001 30.3425369, -97.712204 30.342571, -97.7121764 30.3425733, -97.7122007 30.3427885, -97.711862 30.342817, -97.7118528 30.3427359, -97.7120641 30.3427181))",institution,orange
place_of_worship,Lord's Church of Austin,"POLYGON ((-97.707802 30.344424, -97.707876 30.344329, -97.707736 30.344248, -97.707578 30.344454, -97.70743 30.344368, -97.707638 30.344098, -97.707777 30.344178, -97.70779 30.344161, -97.707831 30.344185, -97.707819 30.3442, -97.708088 30.344355, -97.708038 30.344421, -97.707998 30.344398, -97.707885 30.344545, -97.707763 30.344474, -97.707782 30.344449, -97.707764 30.344439, -97.707774 30.344425, -97.707793 30.344436, -97.707802 30.344424))",institution,orange
restaurant,Mr. Natural,"POLYGON ((-97.724575 30.256955, -97.724483 30.2569214, -97.7244874 30.2569125, -97.7243863 30.2568756, -97.7244871 30.2566694, -97.7245896 30.2567068, -97.7245764 30.2567336, -97.7246862 30.2567737, -97.7246628 30.2568215, -97.7246978 30.2568343, -97.7246347 30.2569634, -97.7246026 30.2569517, -97.724597 30.256963, -97.724575 30.256955))",cutlery,green
restaurant,Bufalina,"POLYGON ((-97.719669 30.255219, -97.7196 30.255195, -97.719659 30.255068, -97.719738 30.255095, -97.719678 30.255223, -97.719669 30.255219))",cutlery,green
bar,Dainty Dillo,"POLYGON ((-97.7086694 30.2514703, -97.7085955 30.2514713, -97.7085969 30.2514818, -97.7084599 30.2514839, -97.708436 30.2515748, -97.7083774 30.2515656, -97.7083923 30.2514689, -97.7083896 30.2514189, -97.7086861 30.2514188, -97.7086989 30.2513636, -97.708824 30.2513872, -97.7087937 30.2515076, -97.7086656 30.2514851, -97.7086694 30.2514703))",beer,green
restaurant,Jacoby's Restaurant & Mercantile,"POLYGON ((-97.7072308 30.2515548, -97.7072208 30.2514747, -97.7075305 30.2514534, -97.7075375 30.2515348, -97.7074335 30.251542, -97.707441 30.2516073, -97.707356 30.251612, -97.7073484 30.2515471, -97.7072308 30.2515548))",cutlery,green
restaurant,Counter Culture,"POLYGON ((-97.7179665 30.2544203, -97.7179989 30.2544314, -97.7179892 30.2544524, -97.7180181 30.2544623, -97.7180381 30.2544185, -97.7180844 30.2544343, -97.7180638 30.2544793, -97.718058 30.2544773, -97.7180283 30.2545421, -97.7180148 30.2545375, -97.7180052 30.2545584, -97.7179873 30.2545523, -97.717932 30.2546732, -97.7178618 30.2546493, -97.7179665 30.2544203))",cutlery,green
restaurant,Sweet Chive,"POLYGON ((-97.7155704 30.2538728, -97.7156357 30.2537274, -97.7156868 30.2537445, -97.7156936 30.2537293, -97.7157546 30.2537497, -97.7156825 30.2539103, -97.7155704 30.2538728))",cutlery,green
bar,Drinks Lounge,"POLYGON ((-97.7231837 30.2564988, -97.7231797 30.2564968, -97.7232627 30.2563338, -97.7233407 30.2563638, -97.7233557 30.2563358, -97.7233947 30.2563508, -97.7233817 30.2563778, -97.7234037 30.2563868, -97.7233197 30.2565508, -97.7231837 30.2564988))",beer,green
library,Austin Public Library - Terrazas Branch,"POLYGON ((-97.733287 30.259747, -97.733411 30.25979, -97.73343 30.259749, -97.733558 30.259794, -97.73354 30.259833, -97.733691 30.259886, -97.733624 30.260029, -97.733614 30.260025, -97.73359 30.260076, -97.73345 30.260027, -97.733437 30.260055, -97.733343 30.260022, -97.733345 30.260016, -97.733304 30.260002, -97.733315 30.259979, -97.733198 30.259938, -97.733287 30.259747))",book,orange
place_of_worship,El Buen Pastor Presbyterian Church,"POLYGON ((-97.7325996 30.2592589, -97.7326528 30.2592773, -97.7327208 30.2591312, -97.7328167 30.2591645, -97.7328245 30.2591477, -97.732871 30.2591639, -97.7328526 30.2592034, -97.7328315 30.2591961, -97.7327741 30.2593194, -97.7327966 30.2593273, -97.7327581 30.25941, -97.7327286 30.2593998, -97.73271 30.2594399, -97.7326512 30.2594195, -97.7326678 30.2593838, -97.732559 30.259346, -97.7325726 30.2593167, -97.7325996 30.2592589))",institution,orange
place_of_worship,Tribe of Light CC,"POLYGON ((-97.71689 30.314418, -97.716901 30.314424, -97.716964 30.314326, -97.717198 30.314438, -97.717187 30.314455, -97.717199 30.31446, -97.71715 30.314538, -97.717138 30.314532, -97.717129 30.314545, -97.717012 30.314489, -97.71695 30.314585, -97.716823 30.314523, -97.71689 30.314418))",institution,orange
place_of_worship,Ridgetop Church,"POLYGON ((-97.716825 30.312833, -97.716827 30.312834, -97.716832 30.312827, -97.71686 30.312841, -97.716856 30.312846, -97.716916 30.312876, -97.7168 30.313055, -97.716961 30.313133, -97.716888 30.313245, -97.716714 30.313161, -97.716642 30.313272, -97.716742 30.313321, -97.716678 30.313419, -97.716463 30.313315, -97.7166 30.313103, -97.716593 30.3131, -97.716664 30.312989, -97.716661 30.312988, -97.716776 30.31281, -97.716825 30.312833))",institution,orange
bar,Ah Sing Den,"POLYGON ((-97.731282 30.264969, -97.731255 30.264959, -97.731273 30.26492, -97.731236 30.264907, -97.731228 30.264923, -97.731206 30.264915, -97.731255 30.264809, -97.731249 30.264807, -97.731273 30.264756, -97.731391 30.264798, -97.731381 30.26482, -97.731378 30.264819, -97.731335 30.264911, -97.73134 30.264912, -97.731327 30.26494, -97.731324 30.26494, -97.731307 30.264978, -97.731282 30.264969))",beer,green
place_of_worship,Templo Bethel Pentecostes,"POLYGON ((-97.717099 30.2577, -97.716946 30.257647, -97.716982 30.25757, -97.716988 30.257572, -97.717036 30.257468, -97.717161 30.257512, -97.717112 30.257617, -97.717213 30.257652, -97.717178 30.257728, -97.717099 30.2577))",institution,orange
bar,Violet Crown Social Club,"POLYGON ((-97.7306827 30.2642938, -97.730669 30.264289, -97.7307438 30.2641267, -97.7309079 30.2641832, -97.7308859 30.2642309, -97.7308569 30.264221, -97.7308185 30.2643042, -97.7308045 30.2643082, -97.7307947 30.2643305, -97.7306827 30.2642938))",beer,green
cafe,Buzz Mill,"POLYGON ((-97.7293874 30.2649422, -97.7294774 30.2647372, -97.7294734 30.2647362, -97.7294964 30.2646822, -97.7295864 30.2647112, -97.7294834 30.2649482, -97.7295044 30.2649552, -97.7294874 30.2649932, -97.7293804 30.2649582, -97.7293874 30.2649422))",coffee,green
restaurant,Kebabalicious,"POLYGON ((-97.728256 30.264457, -97.728327 30.264478, -97.728294 30.264563, -97.728273 30.264557, -97.728269 30.264568, -97.728236 30.264558, -97.728239 30.26455, -97.728208 30.264541, -97.728242 30.264453, -97.728256 30.264457))",cutlery,green
restaurant,Takoba,"POLYGON ((-97.7272831 30.2642327, -97.7272891 30.2642097, -97.7272921 30.2642117, -97.7273511 30.2640847, -97.7273391 30.2640807, -97.7274011 30.2639477, -97.7274071 30.2639497, -97.7274221 30.2639187, -97.7274751 30.2639367, -97.7274611 30.2639677, -97.7275361 30.2639937, -97.7275161 30.2640377, -97.7275291 30.2640417, -97.7275181 30.2640657, -97.7275021 30.2640607, -97.7274731 30.2641227, -97.7274771 30.2641247, -97.7274611 30.2641577, -97.7274671 30.2641597, -97.7274268 30.2642555, -97.7273859 30.2642406, -97.7273671 30.2642867, -97.7272781 30.2642557, -97.7272831 30.2642327))",cutlery,green
restaurant,Bento Picnic,"POLYGON ((-97.7151653 30.2540764, -97.7151363 30.2540663, -97.715179 30.2539747, -97.7152002 30.2539821, -97.7152089 30.2539634, -97.7152547 30.2539793, -97.7152476 30.2539947, -97.715269 30.2540021, -97.7151857 30.2541813, -97.7151261 30.2541606, -97.7151653 30.2540764))",cutlery,green
restaurant,Historic Scoot Inn,"POLYGON ((-97.729311 30.262216, -97.729304 30.262214, -97.729318 30.262182, -97.729306 30.262178, -97.72938 30.262012, -97.729478 30.262045, -97.729449 30.262111, -97.729456 30.262113, -97.729445 30.262137, -97.729441 30.262136, -97.729406 30.262214, -97.729376 30.262204, -97.729363 30.262233, -97.729311 30.262216))",cutlery,green
bar,White Horse,"POLYGON ((-97.726916 30.26261, -97.726992 30.262457, -97.727078 30.262489, -97.727084 30.262477, -97.727204 30.262522, -97.727124 30.262686, -97.726916 30.26261))",beer,green
restaurant,Intero,"POLYGON ((-97.7142953 30.2540269, -97.7142225 30.2540023, -97.7142669 30.2539043, -97.7143445 30.2539305, -97.7143574 30.2539019, -97.7142718 30.253873, -97.7143006 30.2538093, -97.714312 30.2538131, -97.7143826 30.253837, -97.7143883 30.2538389, -97.7144186 30.253772, -97.7144531 30.2536957, -97.71456 30.2537318, -97.7145467 30.2537613, -97.7146262 30.2537882, -97.7145265 30.2540086, -97.7144992 30.2539994, -97.7144849 30.2540308, -97.7143189 30.2539747, -97.7142953 30.2540269))",cutlery,green
bar,Whistler's,"POLYGON ((-97.7226907 30.2621929, -97.7226462 30.2621776, -97.7226706 30.2621244, -97.7225998 30.2621001, -97.7226522 30.2619863, -97.7227182 30.262009, -97.7227625 30.261913, -97.7228118 30.2619299, -97.7228069 30.2619405, -97.7227822 30.2619943, -97.7226907 30.2621929))",beer,green
restaurant,Suerte,"POLYGON ((-97.723128 30.2623928, -97.7232696 30.2620851, -97.7233752 30.2621214, -97.723251 30.2623912, -97.7232881 30.2624039, -97.7232707 30.2624417, -97.723128 30.2623928))",cutlery,green
restaurant,Southside Flying Pizza,"POLYGON ((-97.7138496 30.2536901, -97.7138557 30.2536771, -97.7138374 30.2536708, -97.7138565 30.2536296, -97.7138983 30.253644, -97.713904 30.2536316, -97.7138683 30.2536193, -97.7138758 30.2536032, -97.7138516 30.2535949, -97.7138911 30.2535095, -97.7139135 30.2535172, -97.7139173 30.2535089, -97.7139807 30.2535307, -97.7139831 30.2535254, -97.7139976 30.2535304, -97.7139135 30.2537122, -97.7138496 30.2536901))",cutlery,green
restaurant,Pitchfork Pretty,"POLYGON ((-97.713493 30.253379, -97.7135 30.253362, -97.713581 30.253389, -97.713525 30.253518, -97.713506 30.253512, -97.713503 30.253517, -97.713484 30.25351, -97.713486 30.253505, -97.713445 30.253491, -97.713493 30.253379))",cutlery,green
restaurant,Kemuri Tatsu-Ya,"POLYGON ((-97.7129334 30.2538863, -97.7128534 30.2538583, -97.7129114 30.2537363, -97.7130034 30.2537683, -97.7129904 30.2537983, -97.7130284 30.2538113, -97.7129844 30.2539043, -97.7129334 30.2538863))",cutlery,green
bar,Weather Up,"POLYGON ((-97.7249288 30.2573479, -97.7250142 30.2573759, -97.7249973 30.2574143, -97.7250262 30.2574237, -97.7250304 30.2574141, -97.7250891 30.2574334, -97.7250563 30.257508, -97.7249714 30.2574801, -97.7249697 30.2574839, -97.724882 30.257455, -97.7249088 30.2573941, -97.7248918 30.2573885, -97.7249027 30.2573637, -97.7249194 30.2573692, -97.7249288 30.2573479))",beer,green
bar,The Liberty,"POLYGON ((-97.7250578 30.2626239, -97.7251279 30.2626479, -97.7250696 30.2627749, -97.7250211 30.2627583, -97.7250298 30.2627393, -97.7250082 30.2627319, -97.7250578 30.2626239))",beer,green
restaurant,Juan in a Million,"POLYGON ((-97.718971 30.255416, -97.718965 30.255414, -97.718981 30.25538, -97.718985 30.255381, -97.718988 30.255375, -97.71897 30.255369, -97.718978 30.255352, -97.718969 30.255348, -97.718941 30.255408, -97.718845 30.255374, -97.718844 30.255376, -97.718818 30.255367, -97.718817 30.255369, -97.718725 30.255337, -97.718778 30.255221, -97.718865 30.255252, -97.718878 30.255223, -97.718925 30.255239, -97.718932 30.255223, -97.719006 30.255249, -97.71901 30.25524, -97.719042 30.255251, -97.719046 30.255241, -97.719186 30.25529, -97.719144 30.255379, -97.71913 30.255374, -97.719104 30.255431, -97.719057 30.255415, -97.71904 30.255452, -97.718998 30.255437, -97.719003 30.255427, -97.718971 30.255416))",cutlery,green
pub,Easy Tiger,"POLYGON ((-97.7271408 30.2639913, -97.7270728 30.2641386, -97.7270104 30.2641171, -97.7270159 30.2641053, -97.7269959 30.2640985, -97.7269904 30.2641106, -97.7269263 30.2640886, -97.7269322 30.2640757, -97.726912 30.2640688, -97.7269061 30.2640815, -97.7268496 30.2640621, -97.7269177 30.2639145, -97.7271408 30.2639913))",beer,green
restaurant,Buenos Aires Café,"POLYGON ((-97.7303309 30.2642537, -97.7303859 30.2641287, -97.7305309 30.2641777, -97.7304689 30.2643157, -97.7303249 30.2642677, -97.7303309 30.2642537))",cutlery,green
bar,daydreamer,"POLYGON ((-97.723541 30.262358, -97.723466 30.262333, -97.723522 30.262209, -97.723619 30.262242, -97.723621 30.262238, -97.723648 30.262247, -97.72359 30.262375, -97.723541 30.262358))",beer,green
restaurant,Ramen Tatsu-Ya,"POLYGON ((-97.7261467 30.2632007, -97.726226 30.2630282, -97.7263566 30.263073, -97.7263458 30.2630965, -97.7264345 30.2631269, -97.726366 30.263276, -97.7261467 30.2632007))",cutlery,green
restaurant,Grizzelda's,"POLYGON ((-97.7080607 30.2520494, -97.708411 30.2521716, -97.7083734 30.2522519, -97.7082678 30.2522151, -97.7082727 30.2522048, -97.708028 30.2521194, -97.7080607 30.2520494))",cutlery,green
bar,La Holly,"POLYGON ((-97.7145043 30.2590651, -97.7144317 30.2590404, -97.7144711 30.2589515, -97.7145463 30.2589758, -97.7145043 30.2590651))",beer,green
place_of_worship,Kingdom Hall of Jehovah's Witnesses,"POLYGON ((-97.711451 30.253878, -97.711444 30.253875, -97.711506 30.253737, -97.711632 30.25378, -97.711624 30.253798, -97.711742 30.253838, -97.711688 30.253958, -97.711451 30.253878))",institution,orange
bar,St Roch's,"POLYGON ((-97.714757 30.25848, -97.714722 30.258552, -97.714587 30.258502, -97.714629 30.258417, -97.714764 30.258467, -97.714757 30.25848))",beer,green
restaurant,Kinda Tropical,"POLYGON ((-97.702952 30.256535, -97.702993 30.256439, -97.703142 30.256487, -97.703087 30.256616, -97.703036 30.256599, -97.703038 30.256594, -97.702993 30.256579, -97.702991 30.256584, -97.702938 30.256567, -97.702952 30.256535))",cutlery,green
library,Austin Public Library - Cepeda Branch,"POLYGON ((-97.708901 30.258942, -97.70893 30.258946, -97.708932 30.258935, -97.709104 30.258957, -97.709089 30.259045, -97.709057 30.259041, -97.709054 30.259061, -97.708989 30.259052, -97.708978 30.259112, -97.709003 30.259115, -97.708995 30.259158, -97.708875 30.259142, -97.708849 30.259158, -97.70883 30.259137, -97.708821 30.259136, -97.708768 30.259169, -97.70867 30.259156, -97.708697 30.258996, -97.708772 30.259006, -97.708785 30.258927, -97.708901 30.258942))",book,orange
restaurant,La Capital Del Marisco,"POLYGON ((-97.7037467 30.3437035, -97.7037927 30.3436215, -97.7037857 30.3436185, -97.7038097 30.3435745, -97.7038187 30.3435785, -97.7038577 30.3435075, -97.7038617 30.3435095, -97.7038787 30.3434785, -97.7039857 30.3435225, -97.7039277 30.3436265, -97.7039357 30.3436305, -97.7039107 30.3436775, -97.7038987 30.3436725, -97.7038557 30.3437495, -97.7037467 30.3437035))",cutlery,green
place_of_worship,Onion Creek Baptist Church,"POLYGON ((-97.6840959 30.2187358, -97.6841 30.2185898, -97.6844194 30.2185964, -97.684415 30.2187568, -97.6843728 30.2187559, -97.6843732 30.2187416, -97.6840959 30.2187358))",institution,orange
restaurant,Denny's,"POLYGON ((-97.691619 30.217203, -97.691618 30.217198, -97.691626 30.217195, -97.691616 30.217172, -97.691624 30.217169, -97.69162 30.217161, -97.69171 30.217132, -97.691713 30.21714, -97.691759 30.217126, -97.69175 30.217104, -97.691854 30.21707, -97.691863 30.217091, -97.691875 30.217087, -97.691935 30.217227, -97.691863 30.217251, -97.691867 30.217259, -97.691763 30.217292, -97.69176 30.217284, -97.691727 30.217295, -97.691738 30.217321, -97.691695 30.217335, -97.691683 30.217309, -97.691675 30.217311, -97.691666 30.21729, -97.691658 30.217293, -97.691646 30.217265, -97.691654 30.217263, -97.691653 30.217259, -97.691645 30.217262, -97.691633 30.217235, -97.691641 30.217232, -97.691637 30.217223, -97.691629 30.217225, -97.691619 30.217203))",cutlery,green
bar,Kitty Cohen's,"POLYGON ((-97.7163557 30.2618101, -97.7163641 30.2617921, -97.7163461 30.2617858, -97.7163661 30.261743, -97.7163849 30.2617496, -97.7163895 30.2617399, -97.7165157 30.261784, -97.7164826 30.2618545, -97.7163557 30.2618101))",beer,green
restaurant,Taqueria Morelos,"POLYGON ((-97.6837982 30.2049561, -97.6836872 30.2048871, -97.6836662 30.2048511, -97.6837042 30.2048031, -97.6838512 30.2048941, -97.6837982 30.2049561))",cutlery,green
restaurant,DeSano Pizzeria Napoletana,"POLYGON ((-97.730631 30.358638, -97.730629 30.358638, -97.730632 30.358627, -97.730619 30.358624, -97.730675 30.358406, -97.7307 30.358411, -97.730703 30.3584, -97.730873 30.358432, -97.730811 30.358673, -97.730631 30.358638))",cutlery,green
library,Austin Public Library - North Village Branch,"POLYGON ((-97.7305792 30.3622835, -97.7306166 30.3622262, -97.7305885 30.3622125, -97.7305537 30.3622657, -97.7305617 30.3622696, -97.7305335 30.3623127, -97.7304635 30.3622785, -97.7304685 30.3622708, -97.7303087 30.3621929, -97.7303012 30.3622045, -97.730212 30.3621611, -97.7302817 30.3620546, -97.7302996 30.3620633, -97.7303246 30.3620251, -97.7303419 30.3620335, -97.7303558 30.3620123, -97.7304473 30.3620568, -97.7305058 30.3619672, -97.730728 30.3620753, -97.7307154 30.3620944, -97.730754 30.3621132, -97.7307442 30.3621283, -97.7307958 30.3621534, -97.730741 30.3622374, -97.7307633 30.3622483, -97.7307014 30.362343, -97.7305792 30.3622835))",book,orange
place_of_worship,Ebenezer Baptist Church,"POLYGON ((-97.730552 30.269175, -97.730619 30.269033, -97.730556 30.26901, -97.73057 30.268981, -97.730563 30.268978, -97.730552 30.269, -97.730416 30.268952, -97.730451 30.268879, -97.730431 30.268871, -97.73042 30.268894, -97.730382 30.268881, -97.730393 30.268859, -97.730271 30.268815, -97.730317 30.268719, -97.730433 30.26876, -97.730437 30.26875, -97.730461 30.268759, -97.730457 30.268768, -97.73064 30.268833, -97.730623 30.268867, -97.730686 30.26889, -97.730703 30.268855, -97.73071 30.268857, -97.730713 30.268852, -97.73086 30.268905, -97.730843 30.268941, -97.730849 30.268943, -97.730737 30.269179, -97.73077 30.269191, -97.730776 30.269179, -97.730804 30.269189, -97.730799 30.269199, -97.730816 30.269205, -97.730796 30.269247, -97.730716 30.269219, -97.73071 30.269231, -97.730552 30.269175))",institution,orange
social_centre,M. W. St. Joseph Grand Lodge of Texas,"POLYGON ((-97.729755 30.269248, -97.729716 30.26924, -97.729718 30.269232, -97.729686 30.269226, -97.729695 30.269195, -97.7297 30.269196, -97.729733 30.269079, -97.729892 30.269112, -97.7299 30.269084, -97.72993 30.26909, -97.729922 30.269117, -97.729926 30.269118, -97.729892 30.26924, -97.729898 30.269241, -97.72989 30.269269, -97.729855 30.269262, -97.729853 30.269269, -97.729755 30.269248))",institution,orange
cafe,Try Hard Coffee Roastere,"POLYGON ((-97.728738 30.268734, -97.728816 30.268748, -97.728783 30.26888, -97.728685 30.268861, -97.728718 30.26873, -97.728738 30.268734))",coffee,green
place_of_worship,Our Lady of Guadalupe Catholic Church,"POLYGON ((-97.7278471 30.2668617, -97.7278111 30.2668497, -97.7278231 30.2668227, -97.7278341 30.2668267, -97.7278421 30.2668087, -97.7278651 30.2668167, -97.7279141 30.2667087, -97.7280041 30.2667387, -97.7280001 30.2667477, -97.7282471 30.2668297, -97.7282361 30.2668557, -97.7282801 30.2668707, -97.7282791 30.2668747, -97.7283012 30.2668852, -97.72831 30.2669072, -97.7282978 30.2669297, -97.7282765 30.2669386, -97.7282519 30.2669322, -97.7282451 30.2669487, -97.7282021 30.2669347, -97.7281891 30.2669627, -97.7279421 30.2668807, -97.7279391 30.2668877, -97.7278541 30.2668597, -97.7278521 30.2668627, -97.7278471 30.2668617))",institution,orange
place_of_worship,Red Rocks Church,"POLYGON ((-97.6981504 30.3371528, -97.6981064 30.3371328, -97.6981084 30.3371288, -97.6977264 30.3369518, -97.6978824 30.3366988, -97.6979394 30.3365998, -97.6979894 30.3365188, -97.6984254 30.3367208, -97.6982694 30.3369748, -97.6982824 30.3369808, -97.6982554 30.3370248, -97.6982514 30.3370218, -97.6982354 30.3370478, -97.6982314 30.3370458, -97.6982154 30.3370718, -97.6982114 30.3370698, -97.6981944 30.3370958, -97.6981914 30.3370948, -97.6981764 30.3371188, -97.6981734 30.3371178, -97.6981504 30.3371528))",institution,orange
place_of_worship,Betania Baptist Church,"POLYGON ((-97.701039 30.266677, -97.701031 30.266674, -97.701044 30.266646, -97.700964 30.266618, -97.701004 30.266531, -97.701091 30.266561, -97.701086 30.266571, -97.70122 30.266617, -97.701235 30.266585, -97.701309 30.266611, -97.701339 30.266548, -97.701355 30.266553, -97.701394 30.266468, -97.701504 30.266506, -97.701489 30.266539, -97.701513 30.266547, -97.701452 30.26668, -97.701504 30.266698, -97.701494 30.266719, -97.701568 30.266745, -97.701522 30.266845, -97.701039 30.266677))",institution,orange
place_of_worship,Saint Julia Catholic Church,"POLYGON ((-97.704227 30.262949, -97.704109 30.262906, -97.704121 30.262881, -97.703891 30.262797, -97.703912 30.262755, -97.703896 30.262749, -97.703914 30.262713, -97.70393 30.262719, -97.703949 30.262678, -97.704275 30.262797, -97.704221 30.262909, -97.704253 30.262921, -97.704237 30.262953, -97.704227 30.262949))",institution,orange
restaurant,Marcelino's,"POLYGON ((-97.703459 30.262592, -97.703514 30.262483, -97.703617 30.262522, -97.703561 30.262632, -97.703459 30.262592))",cutlery,green
bar,Lustre Pearl,"POLYGON ((-97.7382111 30.260697, -97.7382384 30.2606206, -97.7383677 30.2606551, -97.7383592 30.2606789, -97.7383781 30.260684, -97.7383704 30.2607056, -97.7383258 30.2606937, -97.7383148 30.2607246, -97.7382111 30.260697))",beer,green
cafe,Arab Cowboy,"POLYGON ((-97.7470255 30.287827, -97.7470235 30.287856, -97.7470485 30.287858, -97.7470365 30.288024, -97.7469155 30.288016, -97.7469295 30.287851, -97.7469205 30.28785, -97.7469235 30.287821, -97.7470255 30.287827))",coffee,green
bar,Cain & Abel's,"POLYGON ((-97.7472945 30.2879, -97.7472875 30.2879, -97.7472925 30.287807, -97.7473695 30.28781, -97.7473705 30.287804, -97.7474545 30.287808, -97.7474475 30.287911, -97.7474185 30.28791, -97.7473735 30.288012, -97.7473205 30.288009, -97.7472945 30.2879))",beer,green
place_of_worship,Congregational Church of Austin,"POLYGON ((-97.742259 30.286752, -97.742274 30.286583, -97.742379 30.28659, -97.742372 30.286672, -97.742454 30.286677, -97.742456 30.286654, -97.742582 30.286662, -97.742573 30.28676, -97.742444 30.286752, -97.742443 30.286764, -97.742259 30.286752))",institution,orange
cafe,Tapioca House,"POLYGON ((-97.7424722 30.2824609, -97.7422378 30.2824466, -97.7422419 30.2823877, -97.7424767 30.282405, -97.7424722 30.2824609))",coffee,green
restaurant,Look Noodles & More,"POLYGON ((-97.7422691 30.28259, -97.7424066 30.2825986, -97.7424 30.2826722, -97.7422627 30.282663, -97.7422637 30.2826544, -97.7422691 30.28259))",cutlery,green
place_of_worship,The Church of Jesus Christ of Latter-day Saints,"POLYGON ((-97.743273 30.283455, -97.743475 30.283471, -97.743444 30.283779, -97.743242 30.283764, -97.743273 30.283455))",institution,orange
place_of_worship,Chabad House,"POLYGON ((-97.743743 30.284179, -97.743673 30.284174, -97.743677 30.284123, -97.743645 30.284121, -97.74365 30.284069, -97.743684 30.284071, -97.743685 30.284059, -97.743843 30.284069, -97.743832 30.284186, -97.743799 30.284183, -97.743798 30.284203, -97.743741 30.284199, -97.743743 30.284179))",institution,orange
place_of_worship,Intervarsity Christian Church,"POLYGON ((-97.743216 30.285203, -97.743369 30.285212, -97.743364 30.285283, -97.743313 30.28528, -97.74331 30.285324, -97.743207 30.285318, -97.743216 30.285203))",institution,orange
place_of_worship,Nueces Mosque,"POLYGON ((-97.744237 30.283206, -97.744238 30.283187, -97.744258 30.283188, -97.744261 30.283151, -97.744299 30.283153, -97.7443 30.283148, -97.744317 30.283149, -97.744319 30.283126, -97.744388 30.28313, -97.744386 30.283154, -97.744414 30.283156, -97.744413 30.283164, -97.744453 30.283167, -97.744444 30.28327, -97.744252 30.283256, -97.744256 30.283208, -97.744237 30.283206))",institution,orange
place_of_worship,Saint Austin Catholic Church,"POLYGON ((-97.742451 30.2833601, -97.742457 30.2832955, -97.7424197 30.2832927, -97.7424139 30.2833487, -97.7421754 30.2833304, -97.7421862 30.2832253, -97.7423108 30.2832349, -97.7423148 30.2831954, -97.7421749 30.2831847, -97.7421797 30.2831383, -97.7421736 30.2831378, -97.742175 30.2831243, -97.7421706 30.2831239, -97.742181 30.2830224, -97.7421846 30.2830227, -97.742186 30.2830083, -97.7421928 30.2830088, -97.7421968 30.2829695, -97.7422001 30.2829697, -97.7422005 30.2829657, -97.7422367 30.2829685, -97.7422358 30.282977, -97.7423942 30.2829892, -97.7423955 30.2829764, -97.7424379 30.2829797, -97.7424367 30.2829916, -97.7425662 30.2830016, -97.7425354 30.2833006, -97.7425221 30.2832996, -97.7425145 30.2833647, -97.742451 30.2833601))",institution,orange
place_of_worship,Texas Hillel Foundation,"POLYGON ((-97.7425148 30.2843589, -97.742531 30.2841759, -97.7427161 30.2841881, -97.742717 30.2841778, -97.7427063 30.2841771, -97.7427088 30.2841487, -97.7427211 30.2841495, -97.7427238 30.2841193, -97.7427118 30.2841185, -97.7427143 30.2840907, -97.7427272 30.2840915, -97.7427338 30.284017, -97.7427211 30.2840161, -97.7427239 30.2839836, -97.7427329 30.2839842, -97.7427341 30.2839706, -97.7429117 30.2839823, -97.7428833 30.2843033, -97.7428296 30.2842998, -97.7428225 30.2843792, -97.7425148 30.2843589))",institution,orange
place_of_worship,University Baptist Church,"POLYGON ((-97.7424392 30.284941, -97.7424538 30.2847749, -97.7425008 30.284778, -97.7424982 30.2848068, -97.742641 30.2848162, -97.742647 30.2847472, -97.7427179 30.2847518, -97.7427191 30.2847388, -97.742556 30.2847282, -97.7425539 30.2847521, -97.7424599 30.2847459, -97.7424772 30.2845489, -97.7426488 30.2845601, -97.7426382 30.2846817, -97.7425573 30.2846764, -97.7425557 30.284694, -97.742769 30.284708, -97.742766 30.2847423, -97.7427571 30.2847417, -97.7427559 30.2847544, -97.74276 30.2847546, -97.742754 30.2848224, -97.7428181 30.2848266, -97.7428129 30.2848851, -97.742809 30.2848849, -97.7428019 30.2849659, -97.7424995 30.2849461, -97.7424996 30.284945, -97.7424392 30.284941))",institution,orange
place_of_worship,University Presbyterian Church,"POLYGON ((-97.742363 30.285807, -97.742391 30.285416, -97.7424 30.285416, -97.742405 30.285369, -97.742395 30.285369, -97.742413 30.285199, -97.742728 30.285223, -97.742731 30.285192, -97.74279 30.285196, -97.742771 30.285398, -97.742511 30.285379, -97.742504 30.285446, -97.742564 30.285451, -97.742541 30.285682, -97.742558 30.285683, -97.742562 30.285655, -97.742724 30.285667, -97.742723 30.285696, -97.742728 30.285696, -97.742715 30.285831, -97.742363 30.285807))",institution,orange
cafe,Möge Tee,"POLYGON ((-97.7422079 30.2828457, -97.7422119 30.2827894, -97.7422183 30.2827898, -97.7422194 30.2827736, -97.742446 30.2827856, -97.7424787 30.2827874, -97.7424735 30.2828598, -97.7422079 30.2828457))",coffee,green
place_of_worship,Violet Crown City Church,"POLYGON ((-97.723107 30.347869, -97.723099 30.347865, -97.723078 30.347897, -97.723038 30.347877, -97.723037 30.34788, -97.722839 30.347782, -97.722813 30.347659, -97.722848 30.347608, -97.723159 30.347762, -97.723185 30.347721, -97.722853 30.347559, -97.722838 30.347581, -97.722794 30.347558, -97.722808 30.347537, -97.722804 30.347535, -97.722827 30.347501, -97.722818 30.347496, -97.722829 30.34748, -97.722837 30.347484, -97.722889 30.347404, -97.7229 30.347409, -97.722917 30.347383, -97.722996 30.347422, -97.72298 30.347446, -97.722993 30.347453, -97.722973 30.347483, -97.723051 30.347522, -97.723049 30.347525, -97.723131 30.347566, -97.723135 30.34756, -97.723312 30.347647, -97.723302 30.347662, -97.723333 30.347678, -97.723408 30.347565, -97.723398 30.347561, -97.723403 30.347553, -97.723561 30.347631, -97.723508 30.347711, -97.723468 30.347691, -97.723328 30.347903, -97.723296 30.347887, -97.723286 30.347903, -97.723151 30.347835, -97.723123 30.347877, -97.723107 30.347869))",institution,orange
restaurant,Seven Spice,"POLYGON ((-97.750356 30.365621, -97.750263 30.365549, -97.750382 30.365434, -97.750479 30.36551, -97.75036 30.365624, -97.750356 30.365621))",cutlery,green
place_of_worship,Celebration Church Central Austin,"POLYGON ((-97.727189 30.329538, -97.727253 30.329434, -97.727352 30.329479, -97.72739 30.329417, -97.727431 30.329436, -97.727442 30.329418, -97.727297 30.329351, -97.727361 30.329249, -97.727385 30.32926, -97.727491 30.329089, -97.727619 30.329149, -97.727541 30.329274, -97.727597 30.3293, -97.727649 30.329217, -97.727719 30.32925, -97.727668 30.329332, -97.727681 30.329339, -97.727816 30.329306, -97.727928 30.329358, -97.727945 30.329416, -97.727827 30.329605, -97.727759 30.329618, -97.727651 30.329568, -97.727613 30.329453, -97.727589 30.329492, -97.72747 30.329436, -97.72746 30.329451, -97.727493 30.329467, -97.727391 30.329632, -97.727189 30.329538))",institution,orange
place_of_worship,Grace + Peace Austin,"POLYGON ((-97.72977 30.334842, -97.729116 30.33453, -97.729285 30.334264, -97.729567 30.334398, -97.729584 30.334372, -97.729613 30.334386, -97.729678 30.334284, -97.729623 30.334257, -97.729654 30.334209, -97.729708 30.334234, -97.729764 30.334146, -97.729897 30.33421, -97.729861 30.334267, -97.729885 30.334279, -97.729869 30.334304, -97.72998 30.334357, -97.729972 30.334369, -97.729984 30.334375, -97.729932 30.334456, -97.729924 30.334453, -97.729916 30.334465, -97.729802 30.33441, -97.729683 30.334598, -97.729895 30.334699, -97.729796 30.334854, -97.72977 30.334842))",institution,orange
place_of_worship,Koenig Lane Christian Church,"POLYGON ((-97.726551 30.329376, -97.726497 30.329351, -97.726489 30.329364, -97.726462 30.329351, -97.726471 30.329337, -97.726427 30.329317, -97.726569 30.329077, -97.726518 30.329054, -97.726562 30.328978, -97.726588 30.32899, -97.726707 30.328788, -97.72689 30.32887, -97.726837 30.328959, -97.726825 30.328954, -97.726812 30.328977, -97.726846 30.328992, -97.72686 30.328968, -97.727056 30.329055, -97.726981 30.329182, -97.726785 30.329094, -97.726805 30.329061, -97.726777 30.329048, -97.726719 30.329146, -97.726697 30.329136, -97.726554 30.329377, -97.726551 30.329376))",institution,orange
pub,Lazarus Brewing Company,"POLYGON ((-97.7154792 30.3079528, -97.7153651 30.3081328, -97.7151986 30.3080541, -97.7153128 30.3078741, -97.7154792 30.3079528))",beer,green
restaurant,JewBoy Burgers,"POLYGON ((-97.7149823 30.3126249, -97.71508 30.312633, -97.7150601 30.3128111, -97.7149624 30.312803, -97.7149823 30.3126249))",cutlery,green
restaurant,Rosé Gosé,"POLYGON ((-97.714649 30.313148, -97.714676 30.313104, -97.714664 30.313098, -97.71469 30.313056, -97.714706 30.313063, -97.714742 30.313005, -97.714891 30.313075, -97.714802 30.313219, -97.71476 30.313199, -97.714743 30.313227, -97.714708 30.31321, -97.714725 30.313183, -97.714649 30.313148))",cutlery,green
place_of_worship,Palri Pema Od Ling Buddhist Temple,"POLYGON ((-97.72338 30.306256, -97.723302 30.306218, -97.723377 30.306103, -97.723509 30.306168, -97.723434 30.306283, -97.72338 30.306256))",institution,orange
place_of_worship,Hyde Park Baptist Church,"POLYGON ((-97.73181 30.302855, -97.731596 30.302753, -97.731614 30.302713, -97.731241 30.302534, -97.731373 30.302327, -97.731368 30.302324, -97.73146 30.302179, -97.731444 30.302172, -97.731472 30.302128, -97.731487 30.302135, -97.731592 30.30197, -97.731617 30.301982, -97.731634 30.301955, -97.731609 30.301942, -97.731737 30.30174, -97.731765 30.301754, -97.73178 30.301729, -97.731752 30.301715, -97.731789 30.301657, -97.731775 30.301651, -97.731811 30.301594, -97.731826 30.301601, -97.731839 30.301581, -97.73218 30.301745, -97.732209 30.301698, -97.732444 30.30181, -97.732398 30.301883, -97.732503 30.301933, -97.732418 30.302067, -97.732425 30.302071, -97.732326 30.302226, -97.732132 30.302133, -97.732113 30.302163, -97.732208 30.302209, -97.732056 30.302449, -97.731962 30.302404, -97.731898 30.302506, -97.732023 30.302566, -97.732011 30.302585, -97.732081 30.302618, -97.731922 30.302869, -97.731851 30.302835, -97.731832 30.302866, -97.73181 30.302855))",institution,orange
place_of_worship,Trinity Church of Austin,"POLYGON ((-97.731413 30.302936, -97.731536 30.302995, -97.731523 30.303017, -97.731674 30.303089, -97.731682 30.303076, -97.731747 30.303107, -97.73165 30.303259, -97.731657 30.303262, -97.731625 30.303312, -97.731561 30.30328, -97.731577 30.303256, -97.731429 30.303185, -97.731336 30.303331, -97.731553 30.303436, -97.731478 30.303552, -97.731135 30.303386, -97.731171 30.303331, -97.731163 30.303327, -97.731413 30.302936))",institution,orange
place_of_worship,Red River Church,"POLYGON ((-97.719115 30.304415, -97.719204 30.304274, -97.719232 30.304287, -97.719267 30.304231, -97.71931 30.304252, -97.719338 30.304209, -97.719391 30.304234, -97.719364 30.304277, -97.719642 30.30441, -97.719487 30.304652, -97.719115 30.304474, -97.71914 30.304435, -97.719111 30.304421, -97.719115 30.304415))",institution,orange
restaurant,Luby's,"POLYGON ((-97.743955 30.368573, -97.743944 30.368568, -97.744017 30.368449, -97.743912 30.3684, -97.743967 30.368311, -97.744072 30.368361, -97.744147 30.368241, -97.744385 30.368353, -97.744183 30.368676, -97.743955 30.368573))",cutlery,green
place_of_worship,Cameron Road Church of Christ,"POLYGON ((-97.698728 30.318407, -97.69887 30.318276, -97.699065 30.318435, -97.699129 30.318376, -97.698902 30.318191, -97.699067 30.318039, -97.69961 30.318481, -97.699556 30.318531, -97.69957 30.318542, -97.699533 30.318576, -97.699545 30.318586, -97.699489 30.318637, -97.6995 30.318645, -97.699417 30.318722, -97.699437 30.318738, -97.699413 30.31876, -97.699458 30.318796, -97.699365 30.318883, -97.699318 30.318844, -97.699296 30.318864, -97.699019 30.318638, -97.698934 30.318717, -97.698831 30.318633, -97.698912 30.318558, -97.698728 30.318407))",institution,orange
place_of_worship,Iglesia de Cristo,"POLYGON ((-97.7106412 30.2999501, -97.7106521 30.2998961, -97.7106083 30.2998886, -97.7106194 30.2998356, -97.7106598 30.2998415, -97.7106757 30.2997636, -97.7107796 30.2997796, -97.7107315 30.3000163, -97.7106317 30.3000008, -97.7106412 30.2999501))",institution,orange
place_of_worship,Islamic Center of Greater Austin,"POLYGON ((-97.6867057 30.2994972, -97.6867207 30.2994832, -97.6870057 30.2997112, -97.6868537 30.2998542, -97.6865687 30.2996262, -97.6867057 30.2994972))",institution,orange
restaurant,Haymaker,"POLYGON ((-97.7175743 30.2848558, -97.7174762 30.2848713, -97.7174296 30.2846515, -97.7175958 30.2846252, -97.7175929 30.2846119, -97.7176193 30.2846078, -97.7176296 30.2846564, -97.7176911 30.2846466, -97.7177529 30.2849384, -97.717597 30.284963, -97.7175743 30.2848558))",cutlery,green
cafe,Civil Goat,"POLYGON ((-97.714566 30.285249, -97.714562 30.285226, -97.714688 30.285209, -97.714701 30.285284, -97.714576 30.285301, -97.714566 30.285249))",coffee,green
social_centre,Louis IX Hall,"POLYGON ((-97.7308262 30.3532902, -97.7306492 30.3532072, -97.7306192 30.3532552, -97.7305622 30.3532292, -97.7305932 30.3531802, -97.7305192 30.3531452, -97.7306642 30.3529122, -97.7310852 30.3531082, -97.7308942 30.3534162, -97.7307912 30.3533692, -97.7308372 30.3532952, -97.7308262 30.3532902))",institution,orange
place_of_worship,Crestview Baptist Church,"POLYGON ((-97.723523 30.348366, -97.723457 30.348335, -97.723474 30.34831, -97.723459 30.348302, -97.723607 30.34807, -97.723889 30.348206, -97.7238965 30.3481952, -97.723904 30.348182, -97.723652 30.34806, -97.723817 30.347805, -97.72389 30.347822, -97.723905 30.347799, -97.72405 30.347869, -97.724033 30.347894, -97.724071 30.347926, -97.723966 30.348089, -97.724092 30.34815, -97.724186 30.348006, -97.724256 30.348039, -97.724264 30.348027, -97.724291 30.34804, -97.724284 30.348051, -97.724296 30.348057, -97.724155 30.348271, -97.724047 30.348218, -97.724072 30.348181, -97.723975 30.348132, -97.7239271 30.3482073, -97.723919 30.34822, -97.724032 30.348274, -97.724034 30.34827, -97.724323 30.348409, -97.724304 30.348438, -97.724262 30.348417, -97.724244 30.348444, -97.724267 30.348455, -97.724228 30.348516, -97.723972 30.348393, -97.72398 30.348381, -97.72397 30.348377, -97.723871 30.348533, -97.723523 30.348366))",institution,orange
place_of_worship,Joshua Presbyterian Church,"POLYGON ((-97.734177 30.344782, -97.734188 30.344764, -97.734058 30.344704, -97.734068 30.344687, -97.734015 30.344662, -97.733998 30.344611, -97.734027 30.344563, -97.73402 30.344537, -97.734068 30.34446, -97.734099 30.344474, -97.734113 30.344452, -97.734397 30.344584, -97.734444 30.344508, -97.73422 30.344404, -97.734279 30.344309, -97.734475 30.3444, -97.734487 30.34438, -97.734517 30.344394, -97.734552 30.344336, -97.734647 30.34438, -97.734404 30.344773, -97.734274 30.344712, -97.73421 30.344816, -97.734168 30.344796, -97.734177 30.344782))",institution,orange
place_of_worship,Episcopal Church of the Resurrection,"POLYGON ((-97.735751 30.345183, -97.735748 30.345182, -97.735853 30.345017, -97.735895 30.345037, -97.735909 30.34503, -97.735935 30.344989, -97.736182 30.345108, -97.736156 30.345148, -97.736239 30.345189, -97.736209 30.345236, -97.736219 30.345266, -97.736188 30.345314, -97.736152 30.345324, -97.736119 30.345376, -97.736034 30.345336, -97.736009 30.345375, -97.735763 30.345257, -97.735788 30.345218, -97.73579 30.345201, -97.735751 30.345183))",institution,orange
restaurant,Tumble22,"POLYGON ((-97.7352786 30.3480718, -97.7352456 30.3480563, -97.7352676 30.3480213, -97.7351774 30.3479791, -97.7352001 30.3479429, -97.7351935 30.3479398, -97.7352426 30.3478617, -97.7353895 30.3479305, -97.7353982 30.3479166, -97.735461 30.347946, -97.7354498 30.3479638, -97.7354711 30.3479737, -97.7354006 30.3480858, -97.7352995 30.3480385, -97.7352786 30.3480718))",cutlery,green
place_of_worship,Church at East,"POLYGON ((-97.714192 30.29186, -97.714207 30.291838, -97.713998 30.291734, -97.714028 30.291687, -97.713987 30.291667, -97.714003 30.291642, -97.713971 30.291626, -97.713969 30.29163, -97.713965 30.291628, -97.713949 30.291651, -97.713869 30.291611, -97.713977 30.291449, -97.713982 30.291451, -97.714038 30.291366, -97.714026 30.291359, -97.714063 30.291303, -97.714155 30.291349, -97.714135 30.291379, -97.714188 30.291406, -97.714195 30.291396, -97.714211 30.291404, -97.714205 30.291414, -97.714235 30.291429, -97.714242 30.291418, -97.714264 30.291429, -97.714257 30.29144, -97.714291 30.291457, -97.714299 30.291444, -97.714321 30.291455, -97.714312 30.291468, -97.714336 30.29148, -97.714344 30.291468, -97.714368 30.29148, -97.71436 30.291492, -97.714392 30.291508, -97.714401 30.291495, -97.71442 30.291505, -97.714411 30.291518, -97.714439 30.291532, -97.714402 30.291588, -97.714423 30.291599, -97.714409 30.291621, -97.714151 30.291493, -97.714069 30.291618, -97.714277 30.291721, -97.714289 30.291702, -97.714361 30.291738, -97.714259 30.291893, -97.714192 30.29186))",institution,orange
cafe,Brentwood Social House,"POLYGON ((-97.735171 30.332395, -97.735069 30.332345, -97.735079 30.33233, -97.73502 30.3323, -97.735094 30.332188, -97.735163 30.332222, -97.73517 30.332211, -97.735261 30.332256, -97.735243 30.332284, -97.73525 30.332287, -97.735177 30.332398, -97.735171 30.332395))",coffee,green
bar,Little Woodrows,"POLYGON ((-97.739467 30.328982, -97.739555 30.328978, -97.739557 30.329, -97.739631 30.328996, -97.739634 30.329056, -97.739699 30.329053, -97.73971 30.32922, -97.739483 30.329231, -97.739467 30.328982))",beer,green
cafe,Avenue B Grocery,"POLYGON ((-97.731349 30.308949, -97.731486 30.309019, -97.731479 30.30903, -97.731555 30.30907, -97.73152 30.309122, -97.731306 30.309012, -97.731349 30.308949))",coffee,green
place_of_worship,Church of Christ in Hyde Park,"POLYGON ((-97.731998 30.307989, -97.731927 30.307955, -97.731886 30.308019, -97.731806 30.307981, -97.731847 30.307917, -97.731836 30.307912, -97.731866 30.307865, -97.731858 30.307861, -97.732024 30.307602, -97.732368 30.307768, -97.732173 30.308073, -97.731998 30.307989))",institution,orange
place_of_worship,Church of Glad Tidings,"POLYGON ((-97.74703 30.335112, -97.746972 30.334994, -97.747261 30.334887, -97.747277 30.334919, -97.747307 30.334908, -97.747287 30.334868, -97.747287 30.334848, -97.747262 30.334798, -97.747498 30.33471, -97.747522 30.334758, -97.747538 30.334752, -97.74755 30.334777, -97.747599 30.334758, -97.747641 30.334624, -97.747919 30.334521, -97.74844 30.334645, -97.748441 30.334705, -97.747944 30.334889, -97.747875 30.334748, -97.747856 30.334755, -97.74786 30.334764, -97.747798 30.334787, -97.747795 30.334781, -97.747788 30.334784, -97.747864 30.33494, -97.747692 30.335004, -97.747626 30.334868, -97.747334 30.334976, -97.747347 30.335002, -97.747315 30.335014, -97.747358 30.335101, -97.747076 30.335206, -97.74703 30.335112))",institution,orange
place_of_worship,Northside Church of Christ,"POLYGON ((-97.731775 30.307614, -97.731626 30.307546, -97.731674 30.307467, -97.731822 30.307535, -97.7318 30.307573, -97.731812 30.307578, -97.731789 30.307616, -97.731777 30.307611, -97.731775 30.307614))",institution,orange
restaurant,Happy Chicks,"POLYGON ((-97.7387104 30.3400507, -97.7386205 30.3400195, -97.7386683 30.3399165, -97.7387583 30.3399476, -97.7387104 30.3400507))",cutlery,green
cafe,Terrible Love,"POLYGON ((-97.7357784 30.3046097, -97.7357534 30.3045977, -97.7357574 30.3045917, -97.7356874 30.3045577, -97.7357544 30.3044527, -97.7358254 30.3044867, -97.7358304 30.3044807, -97.7358564 30.3044927, -97.7358524 30.3044987, -97.7358754 30.3045097, -97.7358084 30.3046157, -97.7357824 30.3046037, -97.7357784 30.3046097))",coffee,green
restaurant,Aster's Ethiopian Restaurant,"POLYGON ((-97.724968 30.2871777, -97.724992 30.2871887, -97.724998 30.2871797, -97.725011 30.2871857, -97.725005 30.2871947, -97.725109 30.2872457, -97.72512 30.2872297, -97.725159 30.2872487, -97.72515 30.2872637, -97.725156 30.2872667, -97.7251 30.2873527, -97.724938 30.2872737, -97.724942 30.2872667, -97.724907 30.2872497, -97.724915 30.2872367, -97.724926 30.2872417, -97.724968 30.2871777))",cutlery,green
cafe,Épicerie,"POLYGON ((-97.7436493 30.3244243, -97.7437468 30.3244191, -97.743751 30.324478, -97.7437444 30.3244783, -97.7437528 30.3245966, -97.743693 30.3245998, -97.7436939 30.3246127, -97.7436236 30.3246164, -97.7436209 30.3245791, -97.7436167 30.3245793, -97.7436122 30.3245164, -97.7436557 30.3245141, -97.7436493 30.3244243))",coffee,green
library,Austin Public Library - Old Quarry Branch,"POLYGON ((-97.754967 30.35292, -97.755023 30.352833, -97.755418 30.353023, -97.755402 30.353047, -97.755408 30.35305, -97.755365 30.353116, -97.755336 30.353102, -97.7553 30.353159, -97.754929 30.352979, -97.754967 30.35292))",book,orange
restaurant,Lone Star Kolaches,"POLYGON ((-97.729591 30.355931, -97.729588 30.355931, -97.729612 30.355836, -97.729594 30.355833, -97.729609 30.355773, -97.729747 30.3558, -97.729707 30.355954, -97.729591 30.355931))",cutlery,green
restaurant,Chili's,"POLYGON ((-97.738367 30.313215, -97.738478 30.313207, -97.738487 30.313298, -97.738562 30.313293, -97.738566 30.313331, -97.738559 30.313351, -97.738504 30.313355, -97.738503 30.313352, -97.738493 30.313353, -97.738501 30.313429, -97.73828 30.313446, -97.738269 30.313337, -97.738262 30.313338, -97.738261 30.313331, -97.738228 30.313333, -97.738224 30.31329, -97.738257 30.313287, -97.738256 30.313278, -97.738264 30.313278, -97.738259 30.313225, -97.738276 30.313224, -97.738275 30.313211, -97.738307 30.313208, -97.738308 30.313219, -97.73832 30.313219, -97.738319 30.313208, -97.73835 30.313206, -97.738351 30.313216, -97.738367 30.313215))",cutlery,green
place_of_worship,Nandgam Haveli,"POLYGON ((-97.765548 30.488646, -97.765438 30.488636, -97.765468 30.488402, -97.765634 30.488418, -97.765604 30.488652, -97.765548 30.488646))",institution,orange
place_of_worship,First United Methodist Church of Austin,"POLYGON ((-97.7427995 30.2749027, -97.742437 30.2747949, -97.7424852 30.2746702, -97.7425187 30.2745733, -97.742524 30.2745726, -97.7425628 30.2745823, -97.742566 30.2745781, -97.7428383 30.2746559, -97.7428366 30.2746631, -97.7428819 30.2746762, -97.7427995 30.2749027))",institution,orange
place_of_worship,St. Martin's Ev. Lutheran Church,"POLYGON ((-97.745361 30.279431, -97.745384 30.279369, -97.745248 30.279331, -97.745235 30.279365, -97.745111 30.279331, -97.745102 30.279357, -97.745025 30.279336, -97.745109 30.279104, -97.745135 30.279111, -97.745145 30.279083, -97.745336 30.279135, -97.745369 30.279124, -97.7454 30.279037, -97.745463 30.279055, -97.7454983 30.2790427, -97.7453168 30.2789932, -97.745307 30.2790158, -97.745187 30.2789845, -97.7451981 30.2789565, -97.7451375 30.2789418, -97.7452081 30.2787492, -97.7452703 30.2787677, -97.7452791 30.2787433, -97.7453944 30.2787723, -97.7453842 30.278798, -97.745679 30.2788808, -97.7456292 30.2790191, -97.745723 30.279042, -97.745698 30.279112, -97.74572 30.279118, -97.745699 30.279175, -97.745677 30.279169, -97.745667 30.279198, -97.745643 30.279191, -97.745611 30.27928, -97.745727 30.279312, -97.745676 30.279451, -97.745437 30.279386, -97.745411 30.279455, -97.745358 30.27944, -97.745361 30.279431))",institution,orange
cafe,Starbucks,"POLYGON ((-97.7443627 30.2780221, -97.7445349 30.278071, -97.7445042 30.2781512, -97.7444516 30.2781362, -97.7443323 30.2781022, -97.7443627 30.2780221))",coffee,green
restaurant,Azul Tequila,"POLYGON ((-97.763948 30.342723, -97.763973 30.34267, -97.764007 30.342681, -97.76402 30.342651, -97.764061 30.342665, -97.764047 30.342697, -97.76412 30.342722, -97.764064 30.342844, -97.763916 30.342793, -97.763948 30.342723))",cutlery,green
place_of_worship,The Church at Highland Park,"POLYGON ((-97.7600214 30.3353193, -97.7600061 30.3353451, -97.759866 30.3352834, -97.7598972 30.3352306, -97.7596978 30.3351428, -97.7596823 30.3351691, -97.7595759 30.3351222, -97.7596666 30.3349688, -97.7596859 30.3349773, -97.7597022 30.3349497, -97.7597737 30.3349812, -97.7597895 30.3349544, -97.7599619 30.3350304, -97.7599289 30.3350863, -97.759975 30.3351066, -97.7600113 30.3350452, -97.7600716 30.3350718, -97.7601886 30.334874, -97.7604382 30.3349839, -97.7603657 30.3351066, -97.7604769 30.3351556, -97.760306 30.3354446, -97.7600214 30.3353193))",institution,orange
place_of_worship,Transfiguration Greek Orthodox Church,"POLYGON ((-97.839137 30.304662, -97.839094 30.304662, -97.839094 30.304628, -97.839055 30.304629, -97.839015 30.304593, -97.839014 30.304546, -97.839048 30.304513, -97.839053 30.304513, -97.839053 30.304498, -97.839073 30.304478, -97.839267 30.304476, -97.839267 30.304487, -97.839361 30.304486, -97.839361 30.304496, -97.839374 30.304495, -97.839428 30.304549, -97.839429 30.304615, -97.839363 30.304671, -97.839305 30.304672, -97.839305 30.304665, -97.839269 30.304666, -97.839269 30.30468, -97.839141 30.304681, -97.839141 30.304662, -97.839137 30.304662))",institution,orange
place_of_worship,Riverbend Church,"POLYGON ((-97.804182 30.341755, -97.80416 30.341701, -97.803851 30.341552, -97.803869 30.341523, -97.803818 30.341499, -97.803799 30.341527, -97.803669 30.341464, -97.803798 30.341262, -97.803779 30.341253, -97.803857 30.341131, -97.804024 30.341212, -97.803945 30.341335, -97.803877 30.341303, -97.803859 30.341331, -97.803849 30.341326, -97.803819 30.341372, -97.803837 30.341381, -97.803842 30.341373, -97.803911 30.341406, -97.80394 30.34136, -97.804014 30.341396, -97.804046 30.341347, -97.804005 30.341327, -97.804056 30.341247, -97.80413 30.341282, -97.80414 30.341266, -97.804197 30.341293, -97.804209 30.341274, -97.804239 30.341289, -97.804255 30.341264, -97.804309 30.34129, -97.804295 30.341313, -97.804298 30.341315, -97.804287 30.341333, -97.804354 30.341365, -97.804342 30.341385, -97.804367 30.341397, -97.804525 30.341151, -97.804505 30.341141, -97.804547 30.341075, -97.804621 30.34111, -97.804578 30.341178, -97.80457 30.341174, -97.804412 30.34142, -97.804426 30.341426, -97.804402 30.341464, -97.804491 30.341507, -97.804517 30.341467, -97.804522 30.341469, -97.804542 30.341439, -97.804536 30.341436, -97.804569 30.341385, -97.804876 30.341533, -97.804865 30.341549, -97.804874 30.341553, -97.804854 30.341584, -97.804843 30.341579, -97.804818 30.341617, -97.804828 30.341622, -97.80481 30.341651, -97.8048 30.341646, -97.804774 30.341686, -97.804381 30.341496, -97.804374 30.341507, -97.804352 30.341497, -97.804239 30.341673, -97.804274 30.34169, -97.804286 30.341729, -97.804265 30.341762, -97.804218 30.341773, -97.804182 30.341755))",institution,orange
events_venue,Riverbend Centre,"POLYGON ((-97.80414 30.3423, -97.804142 30.342274, -97.80415 30.342232, -97.804115 30.342227, -97.804124 30.342178, -97.80414 30.342143, -97.804147 30.342129, -97.804162 30.342131, -97.804177 30.342111, -97.804164 30.342102, -97.804178 30.342077, -97.804214 30.342034, -97.804233 30.342022, -97.804256 30.342042, -97.804276 30.342022, -97.804303 30.341999, -97.804283 30.341978, -97.804292 30.341971, -97.804259 30.341921, -97.804317 30.341892, -97.804343 30.341937, -97.804375 30.341919, -97.804437 30.341899, -97.804476 30.341891, -97.804555 30.341883, -97.804593 30.341882, -97.804605 30.341846, -97.804676 30.341856, -97.804677 30.341849, -97.804761 30.341862, -97.804737 30.341928, -97.804789 30.341948, -97.804804 30.341928, -97.804891 30.341986, -97.804915 30.34201, -97.804943 30.342046, -97.804972 30.342089, -97.805005 30.342093, -97.805031 30.342153, -97.805044 30.342199, -97.805048 30.342221, -97.804971 30.342229, -97.804972 30.342249, -97.804101 30.342388, -97.8041 30.342331, -97.804138 30.342325, -97.80414 30.3423))",institution,orange
place_of_worship,Saint Michael's Episcopal Church,"POLYGON ((-97.822895 30.318901, -97.822799 30.318732, -97.822845 30.318711, -97.822819 30.318659, -97.822923 30.318614, -97.822919 30.3186, -97.82307 30.318537, -97.823073 30.318549, -97.82322 30.318486, -97.823237 30.318516, -97.823399 30.318446, -97.823386 30.318389, -97.823397 30.318387, -97.823394 30.318377, -97.82354 30.318346, -97.823543 30.318357, -97.823556 30.318355, -97.823568 30.31841, -97.823554 30.318413, -97.823562 30.318449, -97.823577 30.318446, -97.823584 30.318476, -97.823567 30.318479, -97.823577 30.318524, -97.823591 30.318522, -97.823603 30.318574, -97.823589 30.318576, -97.823598 30.318614, -97.823607 30.318613, -97.823618 30.318665, -97.823607 30.318667, -97.823615 30.318701, -97.823628 30.318699, -97.823635 30.318729, -97.823624 30.31873, -97.823628 30.31875, -97.823484 30.318774, -97.823482 30.318764, -97.823471 30.318765, -97.823416 30.318517, -97.823409 30.318519, -97.823412 30.318532, -97.823374 30.318548, -97.823371 30.318536, -97.823334 30.318554, -97.823336 30.318565, -97.823297 30.318582, -97.823295 30.31857, -97.82327 30.318581, -97.823274 30.318588, -97.823285 30.318583, -97.82331 30.318629, -97.823298 30.318635, -97.82335 30.318713, -97.823196 30.318778, -97.823195 30.318771, -97.823045 30.318836, -97.823047 30.318845, -97.822899 30.318908, -97.822895 30.318901))",institution,orange
restaurant,Tumble22,"POLYGON ((-97.7715795 30.2781112, -97.7716375 30.2780132, -97.7717815 30.2780772, -97.7717785 30.2780822, -97.7717955 30.2780902, -97.7717375 30.2781852, -97.7717065 30.2781712, -97.7717165 30.2781552, -97.7716985 30.2781472, -97.7716895 30.2781612, -97.7715795 30.2781112))",cutlery,green
place_of_worship,St. Philips United Methodist Church,"POLYGON ((-97.735135 30.49443, -97.735138 30.494409, -97.73509 30.494403, -97.735132 30.494139, -97.735179 30.494145, -97.735182 30.494124, -97.735265 30.494134, -97.735262 30.494155, -97.735308 30.49416, -97.735294 30.494253, -97.735345 30.494259, -97.735332 30.49434, -97.735278 30.494333, -97.735264 30.494423, -97.735217 30.494418, -97.735214 30.494439, -97.735135 30.49443))",institution,orange
place_of_worship,The Church of Jesus Christ of Latter-day Saints,"POLYGON ((-97.735691 30.4933631, -97.735616 30.4933562, -97.735618 30.49334, -97.7355861 30.493337, -97.7355909 30.4932978, -97.735498 30.4932892, -97.735542 30.4929347, -97.7354938 30.4929303, -97.7355102 30.4927983, -97.7355576 30.4928027, -97.7355705 30.4926988, -97.7356718 30.4927082, -97.7356791 30.4926493, -97.7358239 30.4926627, -97.7358161 30.4927256, -97.7359116 30.4927344, -97.7358984 30.492841, -97.735953 30.492846, -97.735937 30.4929752, -97.7358789 30.4929698, -97.7358351 30.4933221, -97.7357359 30.4933129, -97.7357311 30.493351, -97.735699 30.493348, -97.735697 30.4933637, -97.735691 30.4933631))",institution,orange
place_of_worship,Hill Country Bible Church Austin,"POLYGON ((-97.8196181 30.4641603, -97.8196938 30.464139, -97.8197111 30.4641848, -97.8197737 30.4641672, -97.8198022 30.4641592, -97.8198279 30.464227, -97.8198017 30.4642343, -97.8197053 30.4642614, -97.8196799 30.4643052, -97.8197232 30.4643239, -97.8196936 30.4643748, -97.8198562 30.464445, -97.819853 30.4644504, -97.8199015 30.4644713, -97.8196404 30.4649209, -97.8193377 30.4647903, -97.8192867 30.4648781, -97.8192591 30.4648662, -97.8192475 30.4648861, -97.8192133 30.4649451, -97.8191144 30.4649024, -97.819148 30.4648446, -97.8191601 30.4648237, -97.8191347 30.4648128, -97.8191829 30.4647297, -97.8188056 30.4645669, -97.8187946 30.464586, -97.8186489 30.4645232, -97.8187728 30.4643097, -97.8186968 30.4641295, -97.8190158 30.4640296, -97.8190618 30.4640507, -97.8190908 30.4640036, -97.8193001 30.4640994, -97.8192859 30.4641226, -97.819482 30.4642123, -97.8195369 30.4641232, -97.8196181 30.4641603))",institution,orange
place_of_worship,Lakeview Church,"POLYGON ((-97.894189 30.434648, -97.894218 30.434472, -97.894238 30.434474, -97.894245 30.434436, -97.894225 30.434434, -97.894264 30.434206, -97.894276 30.434207, -97.894285 30.434158, -97.894347 30.434166, -97.894338 30.434217, -97.894353 30.434219, -97.894336 30.434316, -97.894371 30.43432, -97.894348 30.434453, -97.894334 30.434451, -97.894328 30.434488, -97.894359 30.434492, -97.89433 30.434666, -97.894189 30.434648))",institution,orange
restaurant,"Carnitas ""El Güero""","POLYGON ((-97.7036073 30.3552987, -97.7037715 30.3554688, -97.7036256 30.3555736, -97.703524 30.3554683, -97.7035749 30.3554317, -97.7035124 30.3553669, -97.7036073 30.3552987))",cutlery,green
place_of_worship,Highland Village Church of Christ,"POLYGON ((-97.751374 30.324811, -97.751421 30.324735, -97.751463 30.324755, -97.751535 30.32464, -97.751505 30.324626, -97.751523 30.324596, -97.75132 30.324502, -97.751388 30.32439, -97.751724 30.324547, -97.7516592 30.3246521, -97.751529 30.324863, -97.751504 30.324851, -97.751495 30.324866, -97.751469 30.324854, -97.751452 30.324882, -97.751357 30.324838, -97.751374 30.324811))",institution,orange
place_of_worship,Principe De Paz,"POLYGON ((-97.707905 30.362218, -97.707954 30.362034, -97.707908 30.362025, -97.707915 30.361999, -97.708048 30.362025, -97.708053 30.362006, -97.707956 30.361986, -97.708005 30.361804, -97.708124 30.361828, -97.708097 30.361927, -97.708466 30.362001, -97.70842 30.362172, -97.708284 30.362144, -97.70831 30.362044, -97.708299 30.362042, -97.70829 30.362077, -97.708124 30.362044, -97.708118 30.362068, -97.708113 30.362067, -97.708064 30.36225, -97.707905 30.362218))",institution,orange
library,Austin Public Library - Little Walnut Creek Branch,"POLYGON ((-97.698399 30.3635385, -97.698262 30.3634795, -97.698548 30.3629775, -97.698701 30.3630425, -97.698654 30.3631245, -97.69867 30.3631315, -97.698476 30.3634715, -97.698461 30.3634655, -97.698416 30.3635455, -97.698399 30.3635385))",book,orange
place_of_worship,Highland Crest Baptist Church,"POLYGON ((-97.7208511 30.3671142, -97.720859 30.367118, -97.720872 30.367098, -97.7209269 30.3671246, -97.721029 30.3669675, -97.7209197 30.3669145, -97.7209437 30.3668776, -97.7209207 30.3668665, -97.7209452 30.3668289, -97.7209712 30.3668415, -97.7209917 30.3668099, -97.7211992 30.3669104, -97.7211318 30.3670142, -97.7211119 30.3670045, -97.721012 30.367158, -97.7209961 30.3671503, -97.7209472 30.3672255, -97.7208269 30.3671672, -97.7208393 30.3671481, -97.7208315 30.3671443, -97.7208511 30.3671142))",institution,orange
restaurant,Taco More,"POLYGON ((-97.706148 30.367883, -97.706145 30.367882, -97.706203 30.36779, -97.706225 30.367801, -97.706232 30.36779, -97.706345 30.367843, -97.706337 30.367855, -97.706502 30.367934, -97.706439 30.368033, -97.706384 30.368047, -97.706238 30.367977, -97.706263 30.367938, -97.706148 30.367883))",cutlery,green
restaurant,Fujian Grand China Buffet,"POLYGON ((-97.692174 30.350278, -97.692143 30.350326, -97.692207 30.350357, -97.692192 30.350382, -97.692201 30.350386, -97.692137 30.350486, -97.692126 30.350481, -97.692081 30.350551, -97.691718 30.350377, -97.691848 30.350173, -97.691911 30.350203, -97.691888 30.350239, -97.691905 30.350247, -97.691952 30.350172, -97.692174 30.350278))",cutlery,green
cafe,Stinson's,"POLYGON ((-97.7419 30.315272, -97.741972 30.315165, -97.742042 30.3152, -97.74197 30.315307, -97.7419 30.315272))",coffee,green
place_of_worship,One Chapel Austin,"POLYGON ((-97.81238 30.263387, -97.812442 30.263312, -97.812544 30.263376, -97.812662 30.263235, -97.812691 30.263253, -97.812703 30.263239, -97.812742 30.263264, -97.812732 30.263276, -97.812926 30.263397, -97.812664 30.263712, -97.812401 30.263547, -97.812481 30.26345, -97.81238 30.263387))",institution,orange
restaurant,Vaqueros Cafe & Cantina,"POLYGON ((-97.816907 30.270984, -97.817179 30.27112, -97.817137 30.271183, -97.817157 30.271193, -97.817124 30.271243, -97.817104 30.271233, -97.817074 30.271278, -97.816802 30.271143, -97.816907 30.270984))",cutlery,green
place_of_worship,St Peter's United Methodist Church,"POLYGON ((-97.680155 30.287877, -97.680035 30.287818, -97.680008 30.287859, -97.679786 30.287749, -97.679914 30.287555, -97.680134 30.287664, -97.680109 30.287703, -97.680244 30.28777, -97.68036 30.287742, -97.680419 30.287931, -97.680203 30.287986, -97.68017 30.287885, -97.680155 30.287877))",institution,orange
place_of_worship,Greater Mount Moriah Primitive Baptist Church,"POLYGON ((-97.6773925 30.2929485, -97.6773845 30.2928596, -97.6774071 30.2928581, -97.6774027 30.2928093, -97.6773791 30.2928109, -97.6773726 30.2927387, -97.6774475 30.2927337, -97.6774441 30.2926953, -97.6775123 30.2926907, -97.6775158 30.2927292, -97.6776187 30.2927223, -97.6776272 30.2928161, -97.6775773 30.2928195, -97.6775798 30.2928472, -97.6776045 30.2928455, -97.6776126 30.2929344, -97.6775881 30.2929361, -97.6775886 30.2929417, -97.6774167 30.2929533, -97.6774161 30.2929469, -97.6773925 30.2929485))",institution,orange
place_of_worship,Hope Lutheran Church,"POLYGON ((-97.681724 30.314757, -97.681775 30.314682, -97.681713 30.31465, -97.68173 30.314625, -97.681709 30.314614, -97.681726 30.31459, -97.681683 30.314567, -97.681666 30.314592, -97.681647 30.314582, -97.68156 30.314708, -97.681525 30.31469, -97.681413 30.314853, -97.681303 30.314796, -97.681321 30.314769, -97.681169 30.314691, -97.681433 30.314307, -97.681756 30.314474, -97.681787 30.314429, -97.681623 30.314344, -97.681603 30.314375, -97.681502 30.314323, -97.681521 30.314296, -97.681491 30.314281, -97.681639 30.314065, -97.681959 30.314231, -97.681785 30.314485, -97.682026 30.314609, -97.681992 30.314659, -97.682038 30.314682, -97.681906 30.314874, -97.681854 30.314847, -97.681811 30.314857, -97.681773 30.314805, -97.681713 30.314774, -97.681724 30.314757))",institution,orange
library,Austin Public Library - University Hills Branch,"POLYGON ((-97.666402 30.3088, -97.666386 30.308749, -97.666296 30.30877, -97.666256 30.308644, -97.666756 30.308524, -97.666797 30.308653, -97.666723 30.30867, -97.666749 30.308754, -97.666602 30.308789, -97.666592 30.308757, -97.666403 30.308802, -97.666402 30.3088))",book,orange
place_of_worship,Pleasant Grove Baptist Church,"POLYGON ((-97.686787 30.277436, -97.686817 30.277408, -97.686806 30.2774, -97.686827 30.27738, -97.686837 30.277388, -97.686864 30.277362, -97.686973 30.277448, -97.687 30.277423, -97.687085 30.277489, -97.686958 30.277611, -97.686873 30.277545, -97.686897 30.277522, -97.686787 30.277436))",institution,orange
restaurant,Olive & June,"POLYGON ((-97.750993 30.307264, -97.751048 30.307201, -97.751031 30.307193, -97.751147 30.307007, -97.751238 30.30705, -97.751141 30.307206, -97.75121 30.307251, -97.751158 30.307311, -97.751182 30.307327, -97.751158 30.307355, -97.751132 30.307339, -97.751127 30.307345, -97.751115 30.307338, -97.751111 30.307342, -97.750993 30.307264))",cutlery,green
events_venue,Shady Springs Party Barn,"POLYGON ((-97.666809 30.226193, -97.666677 30.226147, -97.666688 30.226123, -97.666621 30.2261, -97.66661 30.226124, -97.666567 30.226109, -97.666593 30.226052, -97.666703 30.22609, -97.666715 30.226063, -97.666582 30.226017, -97.666611 30.225955, -97.666716 30.225992, -97.666735 30.225952, -97.66693 30.226019, -97.666917 30.226049, -97.666962 30.226065, -97.666916 30.226165, -97.666877 30.226151, -97.666851 30.226208, -97.666809 30.226193))",institution,orange
place_of_worship,Austin Zen Center,"POLYGON ((-97.7433564 30.2988309, -97.7434164 30.2987329, -97.7436033 30.2988178, -97.7435444 30.2989169, -97.7434954 30.2988949, -97.7434894 30.2989049, -97.7434294 30.2988769, -97.7434354 30.2988679, -97.7433564 30.2988309))",institution,orange
cafe,Starbucks,"POLYGON ((-97.738428 30.302628, -97.7384 30.302615, -97.738434 30.302561, -97.738421 30.302554, -97.738444 30.302518, -97.738458 30.302525, -97.738502 30.302458, -97.738568 30.302491, -97.738572 30.302485, -97.738625 30.302511, -97.73862 30.30252, -97.738628 30.302524, -97.738634 30.302516, -97.738687 30.302541, -97.738682 30.302549, -97.738689 30.302552, -97.738693 30.302545, -97.738745 30.30257, -97.73874 30.302578, -97.738751 30.302583, -97.738651 30.302737, -97.738428 30.302628))",coffee,green
bar,Back Lot,"POLYGON ((-97.739307 30.301794, -97.739315 30.301781, -97.739474 30.301856, -97.739392 30.301987, -97.739319 30.301952, -97.739316 30.301958, -97.739299 30.30195, -97.739315 30.301924, -97.73929 30.301912, -97.739277 30.301934, -97.739235 30.301915, -97.739271 30.301857, -97.739298 30.301869, -97.739327 30.301822, -97.739298 30.301808, -97.739307 30.301794))",beer,green
place_of_worship,Faith and Trust Community Bible Church,"POLYGON ((-97.62658 30.264815, -97.62656 30.264783, -97.626583 30.264772, -97.62656 30.264736, -97.626636 30.2647, -97.626588 30.264624, -97.626701 30.264571, -97.626813 30.264748, -97.626626 30.264838, -97.626604 30.264803, -97.62658 30.264815))",institution,orange
restaurant,Smokey Moes Barbecue,"POLYGON ((-97.8332581 30.4791529, -97.8329892 30.4790506, -97.8330409 30.4789496, -97.8333163 30.4790544, -97.8332646 30.4791554, -97.8332581 30.4791529))",cutlery,green
place_of_worship,Hornsby Bend Assembly of God,"POLYGON ((-97.586678 30.24854, -97.586575 30.248494, -97.586723 30.248245, -97.586758 30.248261, -97.586812 30.248171, -97.586825 30.248177, -97.586952 30.247964, -97.587069 30.248017, -97.58698 30.248166, -97.586985 30.248168, -97.586888 30.248332, -97.586866 30.248322, -97.586718 30.248558, -97.586678 30.24854))",institution,orange
place_of_worship,First English Lutheran Church,"POLYGON ((-97.738706 30.295344, -97.738693 30.295338, -97.738777 30.295203, -97.738808 30.295218, -97.738865 30.295127, -97.738929 30.295159, -97.738947 30.295133, -97.739066 30.295192, -97.739035 30.295243, -97.739149 30.295297, -97.739087 30.295395, -97.738939 30.295325, -97.738922 30.295353, -97.73892 30.295352, -97.738905 30.295375, -97.738919 30.295381, -97.738813 30.295549, -97.738946 30.295612, -97.738875 30.295726, -97.738792 30.295687, -97.738788 30.295694, -97.738757 30.295679, -97.738764 30.295668, -97.738578 30.29558, -97.738607 30.295534, -97.738601 30.295531, -97.738717 30.295349, -97.738706 30.295344))",institution,orange
place_of_worship,Santa Barbara Catholic Church,"POLYGON ((-97.588194 30.249279, -97.588163 30.249262, -97.588166 30.249257, -97.588146 30.249246, -97.588132 30.249266, -97.58811 30.249254, -97.588108 30.249256, -97.588067 30.249235, -97.588055 30.249253, -97.587995 30.249222, -97.588007 30.249205, -97.587961 30.249181, -97.588068 30.249028, -97.588346 30.249174, -97.588257 30.249301, -97.588209 30.249276, -97.588203 30.249284, -97.588194 30.249279))",institution,orange
restaurant,Bikkle,"POLYGON ((-97.7413452 30.2970629, -97.7413752 30.2970145, -97.7413634 30.297009, -97.7413911 30.2969644, -97.7415603 30.2970427, -97.7415128 30.2971193, -97.7415068 30.2971166, -97.7414966 30.297133, -97.7414847 30.2971275, -97.7413452 30.2970629))",cutlery,green
place_of_worship,St. Elmo Baptist Church,"POLYGON ((-97.585467 30.247927, -97.585394 30.247888, -97.585507 30.247728, -97.585493 30.24772, -97.585549 30.24764, -97.58566 30.247699, -97.585616 30.247763, -97.585634 30.247772, -97.58551 30.247949, -97.585467 30.247927))",institution,orange
place_of_worship,Episcopal Diocese of Austin,"POLYGON ((-97.7329174 30.2925127, -97.7328429 30.2926358, -97.732647 30.2925475, -97.7327215 30.2924243, -97.7329174 30.2925127))",institution,orange
library,Harrison Library,"POLYGON ((-97.732032 30.292528, -97.731973 30.292501, -97.73196 30.292522, -97.731902 30.292494, -97.731914 30.292475, -97.731855 30.292447, -97.731893 30.292386, -97.731875 30.292377, -97.731897 30.292341, -97.731916 30.29235, -97.732064 30.292113, -97.732239 30.292194, -97.732182 30.292287, -97.732573 30.29247, -97.732516 30.292563, -97.732467 30.29254, -97.732461 30.29255, -97.73216 30.292409, -97.732164 30.292401, -97.732123 30.292382, -97.732032 30.292528))",book,orange
bar,Grapes & Grain,"POLYGON ((-97.9664671 30.1453874, -97.9664231 30.1453934, -97.9664151 30.1453514, -97.9664591 30.1453444, -97.9664591 30.1453364, -97.9664651 30.1453294, -97.9664741 30.1453254, -97.9664841 30.1453254, -97.9664931 30.1453304, -97.9664971 30.1453364, -97.9665051 30.1453874, -97.9664991 30.1453964, -97.9664861 30.1454004, -97.9664731 30.1453964, -97.9664671 30.1453874))",beer,green
events_venue,Tuscan Hall,"POLYGON ((-97.9652878 30.1451989, -97.9653048 30.1451929, -97.9652678 30.1451139, -97.9653028 30.1451009, -97.9652938 30.1450819, -97.9653158 30.1450749, -97.9653248 30.1450949, -97.9653538 30.1450849, -97.9653488 30.1450739, -97.9653618 30.1450699, -97.9653658 30.1450789, -97.9654548 30.1450469, -97.9654918 30.1451259, -97.9655118 30.1451189, -97.9655298 30.1451559, -97.9653058 30.1452359, -97.9652878 30.1451989))",institution,orange
place_of_worship,Radha Madhav Dham,"POLYGON ((-97.957834 30.156032, -97.957834 30.155981, -97.957631 30.155983, -97.95763 30.155945, -97.957609 30.155945, -97.957609 30.155926, -97.957519 30.155927, -97.957519 30.155907, -97.957456 30.155907, -97.957454 30.155786, -97.957497 30.155786, -97.957497 30.155771, -97.957383 30.155771, -97.957382 30.155603, -97.957523 30.155602, -97.957523 30.15566, -97.957557 30.15566, -97.957557 30.155645, -97.957618 30.155645, -97.957618 30.155661, -97.957674 30.155661, -97.957674 30.155665, -97.957683 30.155665, -97.957683 30.155678, -97.957705 30.155678, -97.957705 30.155716, -97.95773 30.155716, -97.957729 30.155691, -97.957814 30.155691, -97.957814 30.155715, -97.957847 30.155715, -97.957845 30.15569, -97.95784 30.15569, -97.95784 30.155636, -97.95786 30.155616, -97.957927 30.155614, -97.957956 30.155634, -97.957956 30.155687, -97.957951 30.155687, -97.957949 30.155712, -97.957984 30.155712, -97.957984 30.155688, -97.958052 30.155688, -97.958052 30.155661, -97.958063 30.155661, -97.958063 30.155657, -97.958124 30.155657, -97.958124 30.155674, -97.958135 30.155674, -97.958135 30.155654, -97.958157 30.155654, -97.958157 30.155636, -97.958217 30.155636, -97.958217 30.155653, -97.958238 30.155653, -97.958238 30.15567, -97.958257 30.15567, -97.958257 30.155722, -97.958239 30.155722, -97.958239 30.15576, -97.95822 30.15576, -97.95822 30.155919, -97.958132 30.155919, -97.958132 30.15594, -97.95811 30.15594, -97.95811 30.155979, -97.957921 30.155981, -97.957921 30.156038, -97.957834 30.156038, -97.957834 30.156032))",institution,orange
place_of_worship,Live Oak Unitarian Universalist Church,"POLYGON ((-97.827381 30.460558, -97.8274 30.460538, -97.827364 30.460511, -97.827427 30.460447, -97.827474 30.460482, -97.827593 30.460362, -97.827518 30.460307, -97.827689 30.460135, -97.827707 30.460148, -97.827729 30.460126, -97.827746 30.460139, -97.827787 30.460097, -97.827841 30.460138, -97.827799 30.46018, -97.827823 30.460198, -97.827803 30.460218, -97.827818 30.460229, -97.827711 30.460336, -97.827854 30.460443, -97.827746 30.460552, -97.827687 30.460508, -97.827548 30.460648, -97.827511 30.460621, -97.827476 30.460656, -97.827365 30.460573, -97.827381 30.460558))",institution,orange
place_of_worship,Texas Interfaith Disaster Response Christian Church,"POLYGON ((-97.806116 30.359858, -97.806139 30.359891, -97.806096 30.359913, -97.80616 30.360009, -97.806113 30.360032, -97.806138 30.36007, -97.806174 30.360052, -97.80627 30.360197, -97.806146 30.360259, -97.806051 30.360115, -97.806107 30.360086, -97.806083 30.360049, -97.806037 30.360072, -97.805945 30.359933, -97.805931 30.359941, -97.805925 30.359932, -97.805915 30.359937, -97.805799 30.359761, -97.805976 30.359674, -97.806009 30.359723, -97.806035 30.35971, -97.806061 30.35975, -97.806089 30.359736, -97.806152 30.359831, -97.806112 30.359851, -97.806116 30.359858))",institution,orange
theatre,Curtain Theatre,"POLYGON ((-97.809865 30.351554, -97.809831 30.351576, -97.809849 30.351597, -97.809763 30.351653, -97.809744 30.351631, -97.809684 30.35167, -97.809655 30.351635, -97.809711 30.351599, -97.80968 30.351563, -97.809747 30.35152, -97.809778 30.351556, -97.809835 30.351519, -97.809865 30.351554))",film,red
restaurant,Ski Shores Cafe,"POLYGON ((-97.82276 30.333485, -97.822758 30.333479, -97.822789 30.333443, -97.822796 30.333447, -97.822844 30.333427, -97.823014 30.333535, -97.822979 30.333576, -97.822991 30.333584, -97.822937 30.333648, -97.822883 30.333614, -97.822899 30.333595, -97.822887 30.333587, -97.822872 30.333606, -97.822845 30.333588, -97.822848 30.333585, -97.822773 30.333537, -97.82276 30.333485))",cutlery,green
pub,Crown and Anchor Pub,"POLYGON ((-97.7355277 30.2925668, -97.7356327 30.2924648, -97.7357187 30.2925308, -97.7356127 30.2926328, -97.7355277 30.2925668))",beer,green
place_of_worship,Shelton Chapel,"POLYGON ((-97.737671 30.292069, -97.737674 30.292028, -97.737694 30.292029, -97.7377 30.291938, -97.737722 30.29194, -97.737725 30.291882, -97.737793 30.291885, -97.737791 30.291943, -97.737818 30.291944, -97.737812 30.292039, -97.737818 30.29204, -97.737813 30.29211, -97.737777 30.292109, -97.737774 30.292141, -97.737707 30.292138, -97.737709 30.292101, -97.737669 30.292099, -97.737671 30.292069))",institution,orange
events_venue,The Ballroom @ Spiderhouse,"POLYGON ((-97.741865 30.295434, -97.7418683 30.2954288, -97.742015 30.295193, -97.742195 30.295277, -97.742105 30.295421, -97.742096 30.295417, -97.742016 30.295545, -97.741931 30.295505, -97.741985 30.29542, -97.741961 30.295408, -97.741979 30.29538, -97.74201 30.295395, -97.74202 30.295379, -97.741982 30.295362, -97.741921 30.29546, -97.741865 30.295434))",institution,orange
pub,Tweedy's Bar,"POLYGON ((-97.7416751 30.2954805, -97.7416841 30.2954665, -97.7416881 30.2954685, -97.7417091 30.2954345, -97.7418571 30.2955025, -97.7418101 30.2955795, -97.7418051 30.2955775, -97.7417811 30.2956185, -97.7416401 30.2955535, -97.7416681 30.2955085, -97.7416601 30.2955055, -97.7416751 30.2954805))",beer,green
place_of_worship,All Saints' Episcopal Church,"POLYGON ((-97.739851 30.291755, -97.739832 30.291754, -97.739834 30.291719, -97.739758 30.291715, -97.739756 30.291739, -97.739672 30.291735, -97.739672 30.291727, -97.739561 30.291722, -97.739569 30.291583, -97.739767 30.291592, -97.739766 30.29162, -97.739894 30.291626, -97.739892 30.291655, -97.739906 30.291656, -97.739904 30.291696, -97.739885 30.291696, -97.739882 30.291756, -97.739851 30.291755))",institution,orange
place_of_worship,University Avenue Church of Christ,"POLYGON ((-97.7394131 30.2816535, -97.7393991 30.2816525, -97.7394081 30.2815695, -97.7392581 30.2815565, -97.7393041 30.2811305, -97.7393151 30.2811315, -97.7393151 30.2811265, -97.7394961 30.2811405, -97.7394951 30.2811435, -97.7395151 30.2811455, -97.7395141 30.2811525, -97.7395251 30.2811535, -97.7395181 30.2812205, -97.7395051 30.2812195, -97.7394795 30.2814289, -97.7395391 30.2814319, -97.7395421 30.2813905, -97.7396651 30.2814005, -97.7396441 30.2815875, -97.7395261 30.2815785, -97.7395181 30.2816535, -97.7394641 30.2816485, -97.7394631 30.2816575, -97.7394131 30.2816535))",institution,orange
place_of_worship,University United Methodist Church,"POLYGON ((-97.741101 30.288065, -97.741105 30.288027, -97.741048 30.288023, -97.741052 30.287982, -97.741021 30.287979, -97.741037 30.287823, -97.741067 30.287826, -97.74107 30.287793, -97.741133 30.287798, -97.741135 30.287781, -97.741236 30.287789, -97.741234 30.287803, -97.741377 30.287814, -97.741376 30.287821, -97.741412 30.287824, -97.741409 30.287854, -97.741418 30.287854, -97.741403 30.288011, -97.741359 30.288008, -97.741355 30.288043, -97.741213 30.288033, -97.741208 30.288082, -97.74114 30.288077, -97.741141 30.288068, -97.741101 30.288065))",institution,orange
place_of_worship,University Christian Church,"POLYGON ((-97.73909 30.283121, -97.739339 30.283138, -97.739339 30.283142, -97.73949 30.283153, -97.739476 30.283304, -97.739471 30.283304, -97.739462 30.283398, -97.739401 30.283394, -97.739401 30.283389, -97.73938 30.283388, -97.739381 30.2833784, -97.739386 30.283328, -97.739263 30.283319, -97.73925 30.283454, -97.739263 30.283455, -97.739258 30.283503, -97.739196 30.283499, -97.739196 30.283506, -97.739065 30.283497, -97.739066 30.283489, -97.739056 30.283489, -97.739061 30.283435, -97.73907 30.283435, -97.739087 30.283259, -97.739073 30.283258, -97.739081 30.283176, -97.739085 30.283176, -97.73909 30.283121))",institution,orange
events_venue,Lakeview Event Center,"POLYGON ((-97.7711271 30.5039677, -97.7711301 30.5039327, -97.7710871 30.50393, -97.7710906 30.5038883, -97.7710605 30.5038864, -97.771065 30.503833, -97.7710949 30.5038349, -97.7710985 30.5037935, -97.7711614 30.5037974, -97.7711625 30.5037855, -97.7712396 30.5037903, -97.7712386 30.5038013, -97.7713016 30.5038053, -97.7712999 30.5038248, -97.7713734 30.5038295, -97.7713725 30.5038393, -97.7714122 30.5038419, -97.7714057 30.5039177, -97.7713694 30.5039154, -97.7713683 30.5039273, -97.7712957 30.5039227, -97.771294 30.503943, -97.7712524 30.5039404, -97.7712494 30.5039754, -97.7711271 30.5039677))",institution,orange
events_venue,Monarca Ballroom,"POLYGON ((-97.6967842 30.1592973, -97.696765 30.1593124, -97.6967121 30.1592619, -97.6968718 30.1591366, -97.6970443 30.1593009, -97.6970021 30.1593341, -97.6970988 30.1594261, -97.6970925 30.159431, -97.6970316 30.1594788, -97.6969354 30.1593872, -97.6969043 30.1594116, -97.6967842 30.1592973))",institution,orange
place_of_worship,San Francisco Javier Catholic Church,"POLYGON ((-97.695809 30.119678, -97.695807 30.119556, -97.695637 30.119558, -97.695636 30.119486, -97.695789 30.119484, -97.695788 30.119423, -97.695887 30.119422, -97.695888 30.119495, -97.695923 30.119494, -97.695924 30.119547, -97.695889 30.119547, -97.695892 30.119676, -97.695866 30.119677, -97.695867 30.119702, -97.695831 30.119702, -97.695831 30.119678, -97.695809 30.119678))",institution,orange
place_of_worship,Sanctuary of Deliverance,"POLYGON ((-97.721394 30.275477, -97.721372 30.275375, -97.721434 30.275365, -97.721431 30.27535, -97.72145 30.275347, -97.721441 30.275308, -97.721515 30.275296, -97.721512 30.275283, -97.721534 30.27528, -97.721572 30.275455, -97.721395 30.275484, -97.721394 30.275477))",institution,orange
restaurant,Denny's,"POLYGON ((-97.729531 30.276623, -97.729542 30.276605, -97.729567 30.276617, -97.729608 30.276547, -97.729748 30.276609, -97.729689 30.276709, -97.729713 30.27672, -97.729694 30.276751, -97.729671 30.27674, -97.729614 30.276836, -97.729474 30.276773, -97.729508 30.276717, -97.729482 30.276705, -97.729531 30.276623))",cutlery,green
place_of_worship,Corinth Baptist Church,"POLYGON ((-97.721922 30.276877, -97.721982 30.276866, -97.721979 30.276856, -97.722043 30.276844, -97.722037 30.276818, -97.722171 30.276793, -97.722167 30.276775, -97.722298 30.27675, -97.72227 30.276641, -97.7223 30.276635, -97.722296 30.276619, -97.722343 30.27661, -97.722347 30.276624, -97.722382 30.276617, -97.722433 30.276818, -97.722223 30.276858, -97.722214 30.276824, -97.722096 30.276847, -97.722103 30.276878, -97.721929 30.276911, -97.721922 30.276877))",institution,orange
restaurant,IHOP,"POLYGON ((-97.7814047 30.2652519, -97.7813267 30.2651245, -97.7813313 30.2651224, -97.7813231 30.2651091, -97.7814217 30.265064, -97.7814277 30.2650739, -97.7815445 30.2650205, -97.7816329 30.2651646, -97.7815696 30.2651935, -97.7815817 30.2652133, -97.7815316 30.2652362, -97.7815372 30.2652454, -97.7814798 30.2652716, -97.7814539 30.2652294, -97.7814047 30.2652519))",cutlery,green
restaurant,Salt Traders Coastal Cooking,"POLYGON ((-97.780913 30.265489, -97.780786 30.265283, -97.780798 30.265277, -97.780794 30.265271, -97.780882 30.26523, -97.780884 30.265233, -97.781049 30.265157, -97.781189 30.265385, -97.781156 30.265401, -97.781159 30.265407, -97.781137 30.265417, -97.781134 30.265412, -97.781023 30.265463, -97.78101 30.265442, -97.780997 30.265449, -97.781002 30.265457, -97.78093 30.26549, -97.780926 30.265483, -97.780913 30.265489))",cutlery,green
place_of_worship,St. Mark's Episcopal Church,"POLYGON ((-97.785746 30.253271, -97.78577 30.253281, -97.78589 30.253216, -97.785948 30.253243, -97.785853 30.253401, -97.785864 30.253406, -97.785782 30.253541, -97.785787 30.253543, -97.785747 30.253609, -97.785808 30.253636, -97.785766 30.253706, -97.785605 30.253633, -97.785634 30.253586, -97.785536 30.253542, -97.785672 30.253317, -97.785698 30.253329, -97.785736 30.253266, -97.785746 30.253271))",institution,orange
restaurant,Olive Garden,"POLYGON ((-97.792221 30.237307, -97.792241 30.237293, -97.792255 30.237309, -97.792263 30.237303, -97.792061 30.237083, -97.792067 30.237079, -97.792031 30.23704, -97.792075 30.23701, -97.792072 30.237007, -97.792174 30.236936, -97.792219 30.236985, -97.792231 30.236977, -97.792243 30.236989, -97.792319 30.236936, -97.792359 30.236979, -97.792321 30.237006, -97.792482 30.23718, -97.792414 30.237228, -97.792471 30.237289, -97.792355 30.237369, -97.792339 30.237355, -97.792306 30.237379, -97.792258 30.237327, -97.792236 30.237341, -97.792211 30.237314, -97.792221 30.237307))",cutlery,green
pub,Pinthouse Pizza,"POLYGON ((-97.795883 30.236206, -97.795737 30.236187, -97.79578 30.235941, -97.795869 30.235953, -97.795871 30.235941, -97.795912 30.235947, -97.795909 30.235959, -97.795996 30.235971, -97.795953 30.236215, -97.795883 30.236206))",beer,green
cafe,Starbucks,"POLYGON ((-97.743589 30.444888, -97.743562 30.444835, -97.743605 30.444819, -97.743601 30.444812, -97.743636 30.444799, -97.743639 30.444805, -97.743753 30.444763, -97.743786 30.444829, -97.743594 30.4449, -97.743589 30.444888))",coffee,green
restaurant,Emerald Point Bar & Grill,"POLYGON ((-97.9431825 30.4325926, -97.9429675 30.4323516, -97.9431835 30.4321876, -97.9431915 30.4321956, -97.9432155 30.4321776, -97.9432935 30.4322736, -97.9432565 30.4323026, -97.9432595 30.4323056, -97.9432755 30.4322946, -97.9433225 30.4323406, -97.9433415 30.4323246, -97.9434725 30.4324736, -97.9433665 30.4325546, -97.9433275 30.4325156, -97.9431995 30.4326126, -97.9431825 30.4325926))",cutlery,green
restaurant,Good Luck Grill,"POLYGON ((-97.528138 30.3740599, -97.528041 30.374014, -97.528048 30.374003, -97.527994 30.3739775, -97.5281264 30.3737691, -97.5282774 30.3738405, -97.528138 30.3740599))",cutlery,green
place_of_worship,Park Springs Baptist Church,"POLYGON ((-97.52597 30.30349, -97.525889 30.303437, -97.52589 30.303435, -97.525881 30.303429, -97.525888 30.303421, -97.525897 30.303428, -97.526017 30.30329, -97.52604 30.303304, -97.526047 30.303296, -97.526077 30.303315, -97.52607 30.303324, -97.526102 30.303345, -97.526046 30.303407, -97.526133 30.303464, -97.526088 30.303515, -97.526006 30.303461, -97.52599 30.30348, -97.525982 30.303475, -97.52597 30.30349))",institution,orange
restaurant,The Grille at Highland Lakes,"POLYGON ((-98.001307 30.425645, -98.001289 30.425631, -98.001305 30.425616, -98.001213 30.425544, -98.001211 30.425547, -98.001189 30.425547, -98.001188 30.425541, -98.001119 30.425543, -98.001114 30.425449, -98.001034 30.425383, -98.001022 30.425323, -98.001165 30.425441, -98.001177 30.425432, -98.001186 30.42543, -98.001192 30.425432, -98.001222 30.425457, -98.001252 30.425458, -98.001251 30.425431, -98.00128 30.42543, -98.001285 30.425405, -98.001281 30.425383, -98.001321 30.425383, -98.00131 30.42524, -98.001368 30.425278, -98.00154 30.425423, -98.001384 30.425569, -98.001415 30.425595, -98.001336 30.425669, -98.001307 30.425645))",cutlery,green
place_of_worship,Pleasant Valley Baptist Church,"POLYGON ((-97.746703 30.114515, -97.746646 30.114486, -97.746751 30.114328, -97.746806 30.114356, -97.746783 30.114389, -97.746811 30.114403, -97.746792 30.114431, -97.746807 30.114438, -97.746797 30.114452, -97.746883 30.114496, -97.746876 30.114506, -97.746894 30.114515, -97.746872 30.114548, -97.746854 30.114539, -97.746846 30.114552, -97.746746 30.114502, -97.746729 30.114528, -97.746703 30.114515))",institution,orange
place_of_worship,Apostolic Life Center,"POLYGON ((-97.8228161 30.137668, -97.8228187 30.1376949, -97.8228554 30.1376924, -97.8228602 30.137744, -97.8228235 30.1377466, -97.8228259 30.1377721, -97.8225539 30.1377912, -97.8225441 30.1376872, -97.8228161 30.137668))",institution,orange
restaurant,Juiceland,"POLYGON ((-97.7210115 30.2800636, -97.7209955 30.2799816, -97.7210965 30.2799656, -97.7211245 30.2799816, -97.7211375 30.2800446, -97.7210115 30.2800636))",cutlery,green
bar,School House Pub,"POLYGON ((-97.718757 30.2842166, -97.7187306 30.2840985, -97.7188312 30.2840818, -97.718862 30.2842197, -97.7187614 30.2842365, -97.718757 30.2842166))",beer,green
restaurant,Sour Duck Market,"POLYGON ((-97.7214033 30.2798939, -97.721733 30.2798319, -97.7217579 30.2799307, -97.7217385 30.2799343, -97.7217601 30.2800202, -97.7215598 30.2800578, -97.7215329 30.2799512, -97.7214229 30.2799719, -97.7214033 30.2798939))",cutlery,green
bar,The Wheel,"POLYGON ((-97.7208139 30.2801959, -97.7209019 30.2801813, -97.7209228 30.2802756, -97.7209547 30.2802703, -97.7209661 30.280322, -97.7208462 30.2803418, -97.7208139 30.2801959))",beer,green
restaurant,Austin Daily Press,"POLYGON ((-97.721097 30.2801888, -97.7211593 30.2801792, -97.7211596 30.2801808, -97.7211733 30.2801787, -97.7211778 30.2802004, -97.7212084 30.2801957, -97.7212174 30.2802395, -97.7211689 30.280247, -97.7211747 30.280275, -97.7211229 30.280283, -97.7211172 30.2802549, -97.7211109 30.2802559, -97.721097 30.2801888))",cutlery,green
restaurant,Elaine's Pork and Pie,"POLYGON ((-97.7193252 30.2839588, -97.7193444 30.2840441, -97.7192215 30.2840648, -97.7192023 30.2839795, -97.7193252 30.2839588))",cutlery,green
restaurant,Roland's Soul Food,"POLYGON ((-97.716202 30.2761726, -97.7162216 30.2762624, -97.7161067 30.276281, -97.7161041 30.2762761, -97.7160329 30.2762876, -97.7160159 30.2762095, -97.7160862 30.2761981, -97.7160848 30.2761916, -97.716202 30.2761726))",cutlery,green
place_of_worship,Zion Hill Missionary Baptist Church,"POLYGON ((-97.7164821 30.278451, -97.7165183 30.2784446, -97.7165156 30.2784332, -97.7166507 30.2784092, -97.7166869 30.2785609, -97.7167247 30.2785542, -97.7167339 30.2785929, -97.7166979 30.2785993, -97.7167048 30.2786283, -97.7165001 30.2786647, -97.7164579 30.2784879, -97.7164896 30.2784823, -97.7164821 30.278451))",institution,orange
place_of_worship,Church of the New Testament,"POLYGON ((-97.705155 30.279571, -97.705149 30.279541, -97.705169 30.279538, -97.705161 30.279499, -97.705351 30.27947, -97.705339 30.279412, -97.705418 30.279399, -97.705442 30.279517, -97.705538 30.279502, -97.705537 30.2795, -97.705562 30.279496, -97.705578 30.27957, -97.705391 30.279599, -97.705389 30.27959, -97.705186 30.279621, -97.705178 30.279582, -97.705158 30.279585, -97.705155 30.279571))",institution,orange
restaurant,Jasmine's Restaurant,"POLYGON ((-97.659324 30.213959, -97.659207 30.213903, -97.65926 30.213819, -97.659272 30.213824, -97.659283 30.213806, -97.659255 30.213792, -97.659307 30.213711, -97.659333 30.213724, -97.659343 30.213709, -97.659458 30.213764, -97.659331 30.213963, -97.659324 30.213959))",cutlery,green
restaurant,Henry's Barbecue,"POLYGON ((-97.660741 30.214704, -97.660605 30.214634, -97.660684 30.214519, -97.660895 30.214627, -97.660816 30.214743, -97.660741 30.214704))",cutlery,green
restaurant,Cele Store,"POLYGON ((-97.523095 30.441006, -97.523116 30.440975, -97.523068 30.44095, -97.52311 30.44089, -97.523154 30.440913, -97.523177 30.440879, -97.523316 30.440951, -97.523218 30.441092, -97.523177 30.441071, -97.523147 30.441114, -97.523054 30.441065, -97.523095 30.441006))",cutlery,green
place_of_worship,Eastside Community Church,"POLYGON ((-97.7198666 30.2730839, -97.7198464 30.2729954, -97.7198516 30.2729946, -97.7198388 30.2729388, -97.7198324 30.2729398, -97.7198245 30.2729051, -97.7201117 30.2728561, -97.720139 30.2729757, -97.7201643 30.2729714, -97.7201802 30.2730409, -97.720128 30.2730498, -97.7201312 30.273064, -97.720105 30.2730684, -97.7201222 30.2731435, -97.7199206 30.2731779, -97.7198979 30.2730786, -97.7198666 30.2730839))",institution,orange
restaurant,Rosewood,"POLYGON ((-97.726223 30.268332, -97.726293 30.268322, -97.726284 30.268278, -97.726351 30.268269, -97.726359 30.268309, -97.726373 30.268307, -97.726382 30.268353, -97.726374 30.268354, -97.726383 30.268405, -97.726237 30.268426, -97.726219 30.268333, -97.726223 30.268332))",cutlery,green
restaurant,Anything's Baked Potato,"POLYGON ((-97.724686 30.268987, -97.724727 30.268981, -97.724739 30.269042, -97.724584 30.269066, -97.724571 30.269004, -97.724686 30.268987))",cutlery,green
place_of_worship,Simpson United Methodist Church,"POLYGON ((-97.721668 30.273301, -97.7216314 30.2731228, -97.7215769 30.2731311, -97.7215735 30.2731144, -97.7215582 30.2731168, -97.7215529 30.2730909, -97.7215688 30.2730885, -97.721552 30.2730066, -97.7217438 30.2729773, -97.7217528 30.2730212, -97.721787 30.273016, -97.7217939 30.2730495, -97.7217609 30.2730546, -97.7217702 30.2730997, -97.7217527 30.2731024, -97.7217897 30.2732824, -97.7217806 30.2732838, -97.7217856 30.2733077, -97.7216823 30.2733236, -97.7216774 30.2732995, -97.721668 30.273301))",institution,orange
place_of_worship,South Austin Community Church,"POLYGON ((-97.720008 30.271449, -97.719996 30.271392, -97.720112 30.271375, -97.720099 30.271309, -97.720299 30.27128, -97.720344 30.271509, -97.720029 30.271556, -97.720008 30.271449))",institution,orange
place_of_worship,Rosewood Avenue Baptist Church,"POLYGON ((-97.71922 30.270096, -97.719208 30.270044, -97.719213 30.270043, -97.719163 30.26982, -97.719307 30.269795, -97.719359 30.270022, -97.719353 30.270023, -97.719359 30.270047, -97.719367 30.270045, -97.719371 30.27006, -97.719361 30.270062, -97.719367 30.270087, -97.719223 30.270112, -97.71922 30.270096))",institution,orange
restaurant,Franklin Barbecue,"POLYGON ((-97.7311285 30.2702804, -97.7312591 30.2700145, -97.7314124 30.2700674, -97.7313359 30.2702291, -97.7313274 30.2702251, -97.7312852 30.2703122, -97.7311285 30.2702804))",cutlery,green
place_of_worship,Church of God in Christ #1,"POLYGON ((-97.724816 30.270481, -97.724809 30.27045, -97.724832 30.270446, -97.724824 30.27041, -97.72498 30.270384, -97.724975 30.270365, -97.725005 30.27036, -97.725004 30.270356, -97.725083 30.270343, -97.725114 30.270483, -97.724847 30.270528, -97.724838 30.270491, -97.724819 30.270494, -97.724816 30.270481))",institution,orange
place_of_worship,Olivet Baptist Church,"POLYGON ((-97.725567 30.271122, -97.725625 30.271113, -97.725631 30.271141, -97.725917 30.271095, -97.725913 30.271074, -97.725956 30.271068, -97.725993 30.271242, -97.725948 30.271249, -97.725945 30.271231, -97.72566 30.271277, -97.725668 30.271316, -97.725536 30.271337, -97.725528 30.271301, -97.725537 30.2713, -97.725501 30.271132, -97.725567 30.271122))",institution,orange
place_of_worship,Holy Cross Catholic Church,"POLYGON ((-97.723375 30.267582, -97.723374 30.267584, -97.723267 30.267548, -97.723407 30.267235, -97.723434 30.267244, -97.723444 30.267223, -97.723586 30.267271, -97.723567 30.267312, -97.723668 30.267346, -97.72364 30.267409, -97.723678 30.267422, -97.723646 30.267494, -97.723595 30.267477, -97.723584 30.2675, -97.723482 30.267465, -97.723467 30.267498, -97.723449 30.267492, -97.723405 30.267591, -97.723375 30.267582))",institution,orange
place_of_worship,Wesley United Methodist Church,"POLYGON ((-97.726053 30.269724, -97.726039 30.269655, -97.726156 30.269636, -97.726155 30.269631, -97.726242 30.269618, -97.726243 30.269623, -97.726315 30.269612, -97.726313 30.269603, -97.726372 30.269594, -97.726379 30.269626, -97.726391 30.269624, -97.726408 30.269633, -97.726418 30.269682, -97.726403 30.269699, -97.726398 30.2697, -97.7264 30.26971, -97.726395 30.269711, -97.726401 30.26974, -97.726345 30.269749, -97.726341 30.269729, -97.726269 30.269741, -97.72627 30.269745, -97.726181 30.269758, -97.72618 30.269755, -97.726131 30.269762, -97.726135 30.269779, -97.726072 30.269789, -97.726061 30.269735, -97.726056 30.269736, -97.726053 30.269724))",institution,orange
library,Austin Public Library - Carver Branch,"POLYGON ((-97.7240103 30.2696716, -97.7240089 30.2696718, -97.7240108 30.2696808, -97.72396 30.2696887, -97.7239527 30.2696539, -97.7239104 30.2696605, -97.7238932 30.2695784, -97.7238374 30.2695871, -97.7238314 30.2695588, -97.7238578 30.2695546, -97.7238308 30.2694256, -97.7238603 30.269421, -97.7238594 30.2694167, -97.7238842 30.2694128, -97.7238746 30.2693668, -97.7239463 30.2693556, -97.7239554 30.2693989, -97.7239773 30.2693955, -97.7239723 30.2693715, -97.7241873 30.269338, -97.7242255 30.2695207, -97.7241992 30.2695248, -97.7242025 30.2695406, -97.7242393 30.2695349, -97.7242565 30.2696169, -97.7242205 30.2696225, -97.7242462 30.2697457, -97.7241885 30.2697548, -97.7241833 30.2697298, -97.7241077 30.2697416, -97.724113 30.2697668, -97.7240557 30.2697757, -97.7240331 30.269668, -97.7240103 30.2696716))",book,orange
place_of_worship,New Testament Christian Church,"POLYGON ((-97.720237 30.271763, -97.720389 30.271739, -97.720406 30.271826, -97.720204 30.271857, -97.720186 30.27177, -97.720237 30.271763))",institution,orange
social_centre,Mt. Bonnell Lodge #2,"POLYGON ((-97.724611 30.269153, -97.724511 30.269169, -97.724493 30.269085, -97.724685 30.269054, -97.724712 30.269182, -97.724636 30.269194, -97.724627 30.26915, -97.724611 30.269153))",institution,orange
place_of_worship,St. Paul Primitive Baptist Church,"POLYGON ((-97.7165754 30.2759326, -97.7165923 30.2760127, -97.7165761 30.2760152, -97.7166215 30.2762298, -97.7165906 30.2762347, -97.7165916 30.2762396, -97.7165214 30.2762507, -97.7165207 30.2762473, -97.7164977 30.2762509, -97.7164527 30.2760363, -97.716456 30.2760358, -97.7164525 30.2760196, -97.7164467 30.2760205, -97.7164427 30.2760014, -97.7164481 30.2760005, -97.7164383 30.2759542, -97.7165754 30.2759326))",institution,orange
place_of_worship,David Chapel Missionary Baptist Church,"POLYGON ((-97.717464 30.2802512, -97.7174572 30.2802191, -97.7173181 30.2802412, -97.7172399 30.2798751, -97.7173486 30.2798578, -97.7173767 30.2799896, -97.7174219 30.2799824, -97.7174279 30.2800105, -97.7176994 30.2799673, -97.7177097 30.2799657, -97.7177573 30.2801888, -97.7175683 30.2802188, -97.717572 30.2802362, -97.717519 30.2802662, -97.717464 30.2802512))",institution,orange
place_of_worship,First United Methodist Church,"POLYGON ((-97.616739 30.438742, -97.616686 30.438717, -97.616729 30.438647, -97.616659 30.438615, -97.616685 30.438574, -97.616656 30.438561, -97.61681 30.438312, -97.616897 30.438352, -97.616911 30.438329, -97.616955 30.438349, -97.616976 30.438316, -97.617027 30.438339, -97.617004 30.438376, -97.617038 30.438392, -97.617027 30.438409, -97.617086 30.438436, -97.617082 30.438443, -97.617103 30.438453, -97.616952 30.438698, -97.616919 30.438683, -97.616893 30.438726, -97.616819 30.438692, -97.616777 30.43876, -97.616739 30.438742))",institution,orange
place_of_worship,Providence Presbyterian Church,"POLYGON ((-97.630263 30.468322, -97.6301 30.468245, -97.630097 30.46825, -97.629825 30.468121, -97.629891 30.468018, -97.630091 30.468113, -97.630141 30.468033, -97.630195 30.46802, -97.630405 30.46812, -97.630274 30.468327, -97.630263 30.468322))",institution,orange
place_of_worship,Way of Life Church,"POLYGON ((-97.626275 30.465287, -97.626256 30.465267, -97.62628 30.46525, -97.626211 30.465178, -97.62631 30.465106, -97.626468 30.465268, -97.626369 30.46534, -97.626308 30.465277, -97.626283 30.465295, -97.626275 30.465287))",institution,orange
place_of_worship,Saint Luke United Methodist Church,"POLYGON ((-97.758915 30.281497, -97.758852 30.281467, -97.758917 30.281365, -97.758779 30.281299, -97.758775 30.281304, -97.758714 30.281275, -97.758717 30.281269, -97.7587 30.281261, -97.758754 30.281175, -97.758779 30.281187, -97.758787 30.281175, -97.758843 30.281202, -97.758841 30.281205, -97.758969 30.281266, -97.758962 30.281278, -97.758993 30.281293, -97.759008 30.28127, -97.759112 30.28132, -97.75898 30.281528, -97.758915 30.281497))",institution,orange
place_of_worship,Shield of Faith Assembly of God Church,"POLYGON ((-97.6520513 30.4543364, -97.6522407 30.4544183, -97.6521027 30.4546552, -97.6520295 30.4546235, -97.6520659 30.454561, -97.6520298 30.4545454, -97.6520532 30.4545053, -97.6520885 30.4545206, -97.6521225 30.4544622, -97.6520072 30.4544123, -97.6520513 30.4543364))",institution,orange
place_of_worship,Our Lady's Maronite Catholic Church,"POLYGON ((-97.7045726 30.307179, -97.7045666 30.307161, -97.7045366 30.307169, -97.7045116 30.307093, -97.7046016 30.30707, -97.7046126 30.307102, -97.7046526 30.307092, -97.7046676 30.307068, -97.7046466 30.307058, -97.7046416 30.307035, -97.7046516 30.307014, -97.7046816 30.307009, -97.7046986 30.307017, -97.7047166 30.306988, -97.7047046 30.306952, -97.7047526 30.30694, -97.7047676 30.306983, -97.7048806 30.307037, -97.7048806 30.307035, -97.7049296 30.307025, -97.7049416 30.307067, -97.7048926 30.307077, -97.7048916 30.307074, -97.7048256 30.30718, -97.7048326 30.307179, -97.7048456 30.307219, -97.7047956 30.307232, -97.7048136 30.30727, -97.7047956 30.307273, -97.7047856 30.307288, -97.7047966 30.307294, -97.7047116 30.307429, -97.7046749 30.307411, -97.7046536 30.3074008, -97.7046062 30.3073773, -97.7046764 30.307264, -97.7045792 30.3072171, -97.7045757 30.3072015, -97.7045507 30.3072121, -97.7045277 30.3072261, -97.7045047 30.3072582, -97.7044968 30.3073119, -97.7044679 30.3073216, -97.7044427 30.3073095, -97.7044449 30.3072928, -97.7044723 30.3072839, -97.7044784 30.3072492, -97.7044276 30.307228, -97.7044516 30.30719, -97.7045046 30.307215, -97.7045396 30.307189, -97.7045726 30.307179))",institution,orange
cafe,Patika,"POLYGON ((-97.77256 30.247371, -97.772649 30.247346, -97.772695 30.247468, -97.772666 30.247476, -97.77267 30.247487, -97.772654 30.247492, -97.772658 30.247503, -97.772602 30.247519, -97.772571 30.247438, -97.772584 30.247434, -97.77256 30.247371))",coffee,green
cafe,The Buzz Mill,"POLYGON ((-97.726888 30.241798, -97.726768 30.241639, -97.726853 30.24159, -97.726909 30.241663, -97.726931 30.241654, -97.72699 30.241751, -97.726981 30.241756, -97.726984 30.241761, -97.726901 30.241799, -97.726897 30.241793, -97.726888 30.241798))",coffee,green
place_of_worship,Kinney Avenue Christian Fellowship,"POLYGON ((-97.767913 30.251696, -97.767902 30.251712, -97.76789 30.251707, -97.767865 30.251746, -97.767785 30.251708, -97.767811 30.251668, -97.767764 30.251645, -97.767738 30.251684, -97.767476 30.251557, -97.767238 30.251708, -97.767183 30.251643, -97.767434 30.251484, -97.767263 30.251281, -97.767345 30.251229, -97.767539 30.251463, -97.767545 30.251465, -97.767562 30.251438, -97.767645 30.251475, -97.767698 30.251393, -97.767675 30.251382, -97.76769 30.251359, -97.767713 30.25137, -97.767735 30.251335, -97.767906 30.251418, -97.76788 30.251459, -97.768066 30.251549, -97.768056 30.251566, -97.768348 30.251707, -97.768329 30.251737, -97.768337 30.251741, -97.768277 30.251835, -97.76827 30.251832, -97.768252 30.25186, -97.767913 30.251696))",institution,orange
bar,Corner Bar,"POLYGON ((-97.766769 30.249458, -97.766802 30.249438, -97.766798 30.249432, -97.766927 30.249354, -97.766951 30.249385, -97.766966 30.249375, -97.766984 30.249397, -97.766987 30.249406, -97.766986 30.249423, -97.766977 30.249435, -97.766935 30.24946, -97.766925 30.249451, -97.766917 30.249455, -97.766938 30.249482, -97.766876 30.249519, -97.766855 30.249492, -97.766809 30.24952, -97.766763 30.249462, -97.766769 30.249458))",beer,green
bar,Bouldin Acres,"POLYGON ((-97.768553 30.248273, -97.768531 30.248221, -97.768639 30.248188, -97.768631 30.248168, -97.768666 30.248157, -97.768671 30.248169, -97.768803 30.248129, -97.768825 30.248183, -97.768807 30.248188, -97.768814 30.248206, -97.76878 30.248216, -97.768786 30.248232, -97.768738 30.248247, -97.768747 30.248268, -97.768682 30.248287, -97.768672 30.248261, -97.768629 30.248274, -97.768627 30.248271, -97.768599 30.24828, -97.768603 30.248291, -97.768575 30.2483, -97.768566 30.248279, -97.768556 30.248282, -97.768553 30.248273))",beer,green
cafe,Proud Mary,"POLYGON ((-97.769267 30.248198, -97.769266 30.248195, -97.769287 30.248188, -97.769261 30.248121, -97.769321 30.248104, -97.769345 30.248167, -97.769385 30.248155, -97.769485 30.248416, -97.769364 30.248451, -97.769267 30.248198))",coffee,green
cafe,OPA! Greek Cafe,"POLYGON ((-97.76943 30.24885, -97.769424 30.248834, -97.769516 30.248809, -97.769588 30.249005, -97.769482 30.249034, -97.769453 30.248954, -97.769466 30.24895, -97.76943 30.24885))",coffee,green
place_of_worship,Impact Family Church,"POLYGON ((-97.819039 30.208051, -97.819035 30.208049, -97.819176 30.20783, -97.81917 30.207827, -97.819322 30.207593, -97.819586 30.207724, -97.81945 30.207935, -97.81948 30.208021, -97.819417 30.208037, -97.819388 30.207936, -97.819303 30.207894, -97.819163 30.208111, -97.819039 30.208051))",institution,orange
restaurant,El Alma,"POLYGON ((-97.755538 30.260077, -97.755532 30.260075, -97.755592 30.259941, -97.755649 30.25996, -97.755659 30.259939, -97.755734 30.259914, -97.755759 30.259951, -97.755743 30.259986, -97.755749 30.260006, -97.755722 30.260014, -97.755673 30.260123, -97.755538 30.260077))",cutlery,green
place_of_worship,Austin Shambhala Meditation Center,"POLYGON ((-97.76104 30.250473, -97.761064 30.250437, -97.760941 30.250377, -97.760953 30.250358, -97.760931 30.250347, -97.760975 30.250281, -97.761186 30.250384, -97.761092 30.250528, -97.761026 30.250495, -97.76104 30.250473))",institution,orange
social_centre,Elks Lodge,"POLYGON ((-97.7568323 30.2582433, -97.7568423 30.2581453, -97.7567143 30.2581363, -97.7567243 30.2580323, -97.7568383 30.2580403, -97.7568433 30.2579863, -97.7568913 30.2579903, -97.7568863 30.2580413, -97.7571273 30.2580583, -97.7571193 30.2581383, -97.7570983 30.2581363, -97.7570953 30.2581583, -97.7571703 30.2581633, -97.7571663 30.2582103, -97.7570823 30.2582033, -97.7570813 30.2582093, -97.7570523 30.2582073, -97.7570493 30.2582383, -97.7569763 30.2582333, -97.7569703 30.2582983, -97.7568283 30.2582873, -97.7568323 30.2582433))",institution,orange
cafe,Vegan Yacht,"POLYGON ((-97.7957288 30.218832, -97.7957371 30.2188189, -97.7958013 30.2188492, -97.7957153 30.2189854, -97.795651 30.2189551, -97.7957288 30.218832))",coffee,green
restaurant,Conan's Pizza South,"POLYGON ((-97.7981623 30.216295, -97.7982403 30.216178, -97.7983523 30.216234, -97.7982723 30.216353, -97.7981613 30.216297, -97.7981623 30.216295))",cutlery,green
restaurant,Taqueria Arandas #2,"POLYGON ((-97.7989351 30.2165374, -97.7989141 30.2165614, -97.7989051 30.2165554, -97.7988311 30.2166414, -97.7988231 30.2166354, -97.7988011 30.2166604, -97.7987381 30.2166204, -97.7987601 30.2165944, -97.7987321 30.2165754, -97.7988051 30.2164914, -97.7987931 30.2164834, -97.7988131 30.2164594, -97.7989351 30.2165374))",cutlery,green
restaurant,El Marisquero Seafood,"POLYGON ((-97.7994874 30.2169026, -97.7993374 30.2170796, -97.7992084 30.2169976, -97.7993244 30.2168596, -97.7993184 30.2168556, -97.7993514 30.2168166, -97.7994874 30.2169026))",cutlery,green
library,Austin Public Library - Manchaca Road Branch,"POLYGON ((-97.7971765 30.2165044, -97.7971925 30.2164784, -97.7972975 30.2164534, -97.7972935 30.2164424, -97.7973415 30.2164314, -97.7973475 30.2164504, -97.7973825 30.2164614, -97.7974085 30.2164984, -97.7976035 30.2164514, -97.7976155 30.2164534, -97.7976225 30.2164634, -97.7976225 30.2164674, -97.7975725 30.2165444, -97.7975265 30.2165554, -97.7974985 30.2166004, -97.7975485 30.2165884, -97.7975545 30.2166214, -97.7975475 30.2166594, -97.7975315 30.2166884, -97.7975015 30.2167184, -97.7974785 30.2167324, -97.7974495 30.2167394, -97.7973895 30.2168294, -97.7971315 30.2167054, -97.7971415 30.2166904, -97.7970955 30.2166674, -97.7970685 30.2166744, -97.7971765 30.2165044))",book,orange
place_of_worship,Faith Baptist Church,"POLYGON ((-97.802577 30.224454, -97.802648 30.224342, -97.802964 30.224493, -97.802892 30.224606, -97.802701 30.224514, -97.802665 30.224572, -97.802598 30.22454, -97.802635 30.224483, -97.802577 30.224454))",institution,orange
restaurant,Tuk-Tuk Thai Cafe,"POLYGON ((-97.7967915 30.2160005, -97.7965845 30.2158995, -97.7966315 30.2158265, -97.7968395 30.2159265, -97.7967915 30.2160005))",cutlery,green
place_of_worship,Fairview Baptist Church,"POLYGON ((-97.782762 30.207373, -97.782816 30.207275, -97.782914 30.207316, -97.783023 30.207119, -97.782993 30.207106, -97.782972 30.207145, -97.78291 30.207119, -97.782849 30.207229, -97.78282 30.207218, -97.782787 30.207278, -97.78254 30.207175, -97.782569 30.207121, -97.782548 30.207113, -97.782645 30.206938, -97.782935 30.207059, -97.782921 30.207084, -97.782956 30.207099, -97.78298 30.207055, -97.782986 30.207057, -97.782992 30.207046, -97.783014 30.207055, -97.783007 30.207067, -97.78304 30.20708, -97.783193 30.206803, -97.783353 30.206869, -97.783187 30.20717, -97.783275 30.207207, -97.783186 30.20737, -97.783098 30.207333, -97.783106 30.207318, -97.783077 30.207306, -97.782981 30.207481, -97.782754 30.207386, -97.782762 30.207373))",institution,orange
place_of_worship,Mt Olive Lutheran Church,"POLYGON ((-97.94924 30.226431, -97.949262 30.226423, -97.949262 30.226277, -97.949015 30.226277, -97.949015 30.226096, -97.949081 30.226096, -97.949081 30.22609, -97.949206 30.22609, -97.949206 30.225988, -97.949412 30.225987, -97.949413 30.226113, -97.949362 30.226113, -97.949362 30.22625, -97.949496 30.22625, -97.949496 30.22626, -97.949508 30.22626, -97.949509 30.22646, -97.949389 30.22646, -97.94949 30.226667, -97.949291 30.226739, -97.949155 30.226463, -97.94924 30.226431))",institution,orange
events_venue,Ranch Austin,"POLYGON ((-97.930354 30.241241, -97.930369 30.241171, -97.930362 30.241171, -97.930339 30.241185, -97.930313 30.241154, -97.930342 30.241138, -97.930341 30.241134, -97.930282 30.241121, -97.9303 30.241055, -97.930348 30.241065, -97.930352 30.241044, -97.930411 30.241053, -97.930416 30.241037, -97.930529 30.241055, -97.930523 30.241076, -97.930591 30.241088, -97.930583 30.241111, -97.930645 30.241126, -97.930627 30.24119, -97.93052 30.24117, -97.930496 30.241279, -97.930352 30.241249, -97.930354 30.241241))",institution,orange
library,Laura Bush Community Library,"POLYGON ((-97.871162 30.315787, -97.871226 30.315686, -97.871053 30.315603, -97.871071 30.315575, -97.871047 30.315563, -97.871147 30.315407, -97.87131 30.315485, -97.871374 30.315385, -97.87144 30.315416, -97.871457 30.31539, -97.871517 30.315418, -97.871499 30.315448, -97.87155 30.315472, -97.871479 30.315583, -97.871556 30.31562, -97.871562 30.315611, -97.871596 30.315627, -97.87158 30.315652, -97.871595 30.315659, -97.871578 30.315686, -97.871656 30.315723, -97.871647 30.315736, -97.871634 30.31573, -97.871598 30.315786, -97.871535 30.315757, -97.871516 30.315786, -97.871441 30.31575, -97.871428 30.31577, -97.871381 30.315748, -97.871311 30.315858, -97.871162 30.315787))",book,orange
cafe,Baguette et Chocolat,"POLYGON ((-97.927209 30.307258, -97.927179 30.307168, -97.927193 30.307164, -97.927173 30.307103, -97.927267 30.30708, -97.927272 30.307093, -97.927291 30.307089, -97.92734 30.307238, -97.927213 30.30727, -97.927209 30.307258))",coffee,green
theatre,Come And Take It Live,"POLYGON ((-97.728991 30.240787, -97.729056 30.240873, -97.728824 30.241008, -97.728693 30.240838, -97.728743 30.240808, -97.728757 30.240827, -97.72894 30.240721, -97.728991 30.240787))",film,red
theatre,Emo's (Riverside),"POLYGON ((-97.727869 30.23979, -97.72783 30.239738, -97.727858 30.239722, -97.727769 30.239603, -97.727904 30.239527, -97.727864 30.239474, -97.728067 30.23936, -97.728101 30.239405, -97.728091 30.239411, -97.728269 30.23965, -97.728139 30.239723, -97.728094 30.239664, -97.728057 30.239684, -97.728102 30.239744, -97.72796 30.239824, -97.727946 30.239806, -97.727923 30.239819, -97.727892 30.239777, -97.727869 30.23979))",film,red
place_of_worship,St. Edward's Baptist Church,"POLYGON ((-97.695715 30.237631, -97.695722 30.23762, -97.69557 30.237539, -97.695612 30.237481, -97.695592 30.23747, -97.695646 30.237392, -97.69567 30.237405, -97.695723 30.237329, -97.695711 30.237322, -97.69573 30.237296, -97.695822 30.237345, -97.695789 30.237391, -97.69588 30.237439, -97.695895 30.237418, -97.695952 30.237448, -97.695938 30.237467, -97.695945 30.23747, -97.695804 30.23767, -97.695767 30.23765, -97.695749 30.237675, -97.695701 30.23765, -97.695715 30.237631))",institution,orange
place_of_worship,Vision of Hope Church,"POLYGON ((-97.696272 30.236479, -97.696275 30.236474, -97.69623 30.236453, -97.696253 30.236416, -97.696276 30.236427, -97.696286 30.236411, -97.696435 30.236482, -97.69645 30.236458, -97.696536 30.236498, -97.696444 30.236645, -97.696351 30.236602, -97.696381 30.236555, -97.69626 30.236498, -97.696272 30.236479))",institution,orange
restaurant,Dan's Hamburgers,"POLYGON ((-97.788389 30.230903, -97.788209 30.230818, -97.788229 30.230787, -97.788118 30.230735, -97.78812 30.230731, -97.788076 30.23071, -97.78813 30.230623, -97.788175 30.230645, -97.788178 30.230641, -97.788286 30.230692, -97.788279 30.230704, -97.788414 30.230768, -97.7884694 30.2307962, -97.78844 30.230846, -97.788424 30.230872, -97.788412 30.230866, -97.788389 30.230903))",cutlery,green
restaurant,G's Dynamite Deli,"POLYGON ((-97.759262 30.242583, -97.75927 30.242577, -97.759259 30.242568, -97.759279 30.242552, -97.75929 30.242562, -97.759304 30.242551, -97.759359 30.242605, -97.759296 30.242654, -97.75924 30.2426, -97.759262 30.242583))",cutlery,green
restaurant,Green Pastures,"POLYGON ((-97.762177 30.244953, -97.762188 30.244937, -97.762181 30.244934, -97.762211 30.244889, -97.762229 30.244898, -97.762257 30.244856, -97.762368 30.244912, -97.762279 30.245045, -97.762157 30.244984, -97.762177 30.244953))",cutlery,green
library,Austin Public Library - Twin Oaks Branch,"POLYGON ((-97.762336 30.24887, -97.762273 30.248849, -97.762184 30.248793, -97.762239 30.248667, -97.762179 30.248647, -97.76215 30.248684, -97.762065 30.24864, -97.762097 30.248601, -97.762087 30.248594, -97.762126 30.248545, -97.762137 30.248549, -97.762157 30.248523, -97.762251 30.248571, -97.762258 30.248556, -97.76228 30.248563, -97.762313 30.248487, -97.762466 30.248538, -97.762435 30.248607, -97.762441 30.248609, -97.762448 30.248593, -97.762529 30.24862, -97.762555 30.248562, -97.762701 30.248611, -97.762656 30.248713, -97.762597 30.248693, -97.762573 30.248748, -97.762581 30.24875, -97.762566 30.248783, -97.762416 30.248733, -97.762353 30.248876, -97.762336 30.24887))",book,orange
place_of_worship,Emmanuel Baptist Church,"POLYGON ((-97.715762 30.267955, -97.715915 30.26792, -97.715911 30.267906, -97.716039 30.267877, -97.716077 30.268004, -97.715949 30.268033, -97.715943 30.268012, -97.715789 30.268047, -97.715762 30.267955))",institution,orange
place_of_worship,Mount Calvary Missionary Baptist Church,"POLYGON ((-97.716466 30.271005, -97.716445 30.271003, -97.716442 30.270991, -97.716403 30.270997, -97.716373 30.270839, -97.716382 30.270837, -97.71638 30.270826, -97.716367 30.270828, -97.716345 30.270711, -97.716464 30.270694, -97.716487 30.270821, -97.716502 30.270819, -97.716532 30.27098, -97.716502 30.270984, -97.716504 30.270993, -97.716477 30.271005, -97.716466 30.271005))",institution,orange
place_of_worship,Greater Union Baptist Church,"POLYGON ((-97.6823 30.298597, -97.682297 30.29859, -97.682517 30.298513, -97.682511 30.298499, -97.682559 30.298482, -97.682565 30.298494, -97.68259 30.298486, -97.682602 30.298511, -97.682636 30.298499, -97.68266 30.298549, -97.682629 30.29856, -97.682643 30.29859, -97.682727 30.29856, -97.68283 30.29878, -97.6827 30.298826, -97.682604 30.29862, -97.682353 30.298708, -97.682344 30.298689, -97.682317 30.298699, -97.682284 30.29863, -97.682311 30.29862, -97.6823 30.298597))",institution,orange
place_of_worship,Alpha Seventh Day Adventist Church,"POLYGON ((-97.682866 30.296653, -97.682495 30.296473, -97.682544 30.296397, -97.682636 30.296442, -97.682643 30.296432, -97.682669 30.296444, -97.682699 30.296397, -97.682799 30.296446, -97.682779 30.296477, -97.682916 30.296543, -97.682923 30.296532, -97.682953 30.296547, -97.683022 30.296441, -97.683165 30.296511, -97.683052 30.296686, -97.683042 30.296681, -97.683008 30.296734, -97.682876 30.29667, -97.682882 30.296661, -97.682866 30.296653))",institution,orange
place_of_worship,Nineteenth Street Baptist Church,"POLYGON ((-97.6767108 30.3019899, -97.6768029 30.3018522, -97.6767728 30.3018372, -97.676808 30.3017846, -97.6765981 30.3016799, -97.6766286 30.3016344, -97.6766707 30.3015714, -97.6766983 30.3015301, -97.6769059 30.3016336, -97.6769371 30.3015869, -97.6770947 30.3016655, -97.6769721 30.3018488, -97.6769558 30.3018406, -97.6769495 30.30185, -97.6769624 30.3018564, -97.6769515 30.3018728, -97.676984 30.301889, -97.6769579 30.3019282, -97.6769296 30.3019141, -97.6768296 30.3020637, -97.6767035 30.3020008, -97.6767108 30.3019899))",institution,orange
place_of_worship,Wat Siddhattharam,"POLYGON ((-97.693178 30.383561, -97.693244 30.383455, -97.693345 30.383503, -97.693233 30.383681, -97.693136 30.383635, -97.693138 30.383632, -97.693103 30.383616, -97.693137 30.383562, -97.693168 30.383577, -97.693178 30.383561))",institution,orange
restaurant,Tacos Luna,"POLYGON ((-97.694668 30.3827982, -97.6946213 30.3827927, -97.694625 30.3827698, -97.6946717 30.3827753, -97.694668 30.3827982))",cutlery,green
events_venue,Dharma Banquet Hall,"POLYGON ((-97.583603 30.137981, -97.5836 30.137985, -97.583573 30.13797, -97.583589 30.137949, -97.583521 30.137911, -97.583502 30.137937, -97.583426 30.137895, -97.583511 30.137778, -97.58359 30.137822, -97.583604 30.137803, -97.583529 30.137761, -97.583584 30.137686, -97.583659 30.137728, -97.583761 30.137589, -97.583934 30.137685, -97.583695 30.138008, -97.583616 30.137964, -97.583603 30.137981))",institution,orange
place_of_worship,Wat Buddhananachat of Austin,"POLYGON ((-97.583521 30.138237, -97.583439 30.138352, -97.583455 30.138361, -97.583408 30.138426, -97.583438 30.138442, -97.58341 30.13848, -97.583406 30.138478, -97.583373 30.138524, -97.583235 30.138449, -97.583424 30.138185, -97.583521 30.138237))",institution,orange
restaurant,Novas Tex-Mex Fusion BBQ,"POLYGON ((-97.6432861 30.1299252, -97.6433876 30.1299432, -97.6433672 30.1300292, -97.6432657 30.1300112, -97.6432861 30.1299252))",cutlery,green
restaurant,Taco Joint,"POLYGON ((-97.745396 30.256362, -97.745561 30.256248, -97.74559 30.256279, -97.745568 30.256295, -97.745583 30.256311, -97.745585 30.25631, -97.745615 30.256342, -97.745633 30.256329, -97.74566 30.256358, -97.745497 30.256471, -97.745478 30.256469, -97.745394 30.256379, -97.745396 30.256362))",cutlery,green
cafe,Caffe Medici,"POLYGON ((-97.7593358 30.2795321, -97.759382 30.2794542, -97.7594076 30.2794656, -97.7594123 30.2794576, -97.7594984 30.2794957, -97.7594738 30.2795371, -97.7594707 30.2795357, -97.7594443 30.2795802, -97.7594282 30.279573, -97.7594257 30.2795772, -97.7593774 30.2795558, -97.7593799 30.2795517, -97.7593358 30.2795321))",coffee,green
bar,Mean Eyed Cat,"POLYGON ((-97.765034 30.274375, -97.765111 30.274442, -97.764973 30.274559, -97.764881 30.274478, -97.76491 30.274454, -97.764926 30.274468, -97.765034 30.274375))",beer,green
restaurant,40 North,"POLYGON ((-97.751638 30.275046, -97.751619 30.275039, -97.751664 30.274945, -97.751677 30.27495, -97.751694 30.274913, -97.751731 30.274926, -97.751738 30.274911, -97.751779 30.274925, -97.75171 30.275071, -97.751705 30.27507, -97.7517 30.275081, -97.751658 30.275066, -97.751663 30.275055, -97.751638 30.275046))",cutlery,green
place_of_worship,Vietnamese Alliance Church,"POLYGON ((-97.7005357 30.3837575, -97.7006235 30.3836224, -97.7010297 30.383819, -97.700942 30.383954, -97.7005357 30.3837575))",institution,orange
place_of_worship,North Austin Christian Church,"POLYGON ((-97.709779 30.375383, -97.70983 30.375303, -97.709806 30.375292, -97.709873 30.375187, -97.709944 30.375221, -97.709877 30.375326, -97.709925 30.375349, -97.70996 30.375295, -97.71011 30.375368, -97.71019 30.375241, -97.710387 30.375336, -97.710275 30.375511, -97.710312 30.375528, -97.710287 30.375567, -97.710249 30.375549, -97.710238 30.375566, -97.710038 30.37547, -97.710017 30.375501, -97.709777 30.375386, -97.709779 30.375383))",institution,orange
place_of_worship,"Bahá'í Faith of Austin, Texas","POLYGON ((-97.69748 30.288088, -97.697625 30.28804, -97.697622 30.288033, -97.69766 30.28802, -97.697663 30.288027, -97.697779 30.287988, -97.697848 30.288144, -97.697549 30.288244, -97.69748 30.288088))",institution,orange
place_of_worship,Saint Stephens Mission Baptist Church,"POLYGON ((-97.6823494 30.2955582, -97.6824248 30.2954492, -97.6822724 30.2953706, -97.6823345 30.2952808, -97.6823861 30.2953074, -97.6824027 30.2952835, -97.6824438 30.2953047, -97.6824236 30.295334, -97.6825935 30.2954217, -97.6824596 30.2956151, -97.6823494 30.2955582))",institution,orange
place_of_worship,Redeemer Presbyterian Church,"POLYGON ((-97.709376 30.284149, -97.709525 30.284126, -97.709542 30.284212, -97.709774 30.284177, -97.709801 30.28431, -97.709349 30.28438, -97.709321 30.284247, -97.70939 30.284236, -97.709372 30.28415, -97.709376 30.284149))",institution,orange
bar,Howard's Bar and Club,"POLYGON ((-97.7568269 30.2728998, -97.756888 30.2727765, -97.7569601 30.2728031, -97.7569108 30.2729026, -97.7569003 30.2728988, -97.7568885 30.2729226, -97.7568269 30.2728998))",beer,green
restaurant,Taco Flats,"POLYGON ((-97.75952 30.280164, -97.759369 30.28009, -97.759439 30.279981, -97.759591 30.280055, -97.759578 30.280074, -97.759596 30.280083, -97.75961 30.280096, -97.759608 30.280109, -97.759605 30.280117, -97.759592 30.280127, -97.759584 30.28013, -97.759571 30.28013, -97.759554 30.280157, -97.759532 30.280146, -97.75952 30.280164))",cutlery,green
place_of_worship,Sweethome Missionary Baptist Church,"POLYGON ((-97.762658 30.281299, -97.762585 30.281262, -97.762596 30.281247, -97.762575 30.281236, -97.762649 30.281127, -97.762635 30.28112, -97.76267 30.281067, -97.762833 30.281149, -97.762823 30.281164, -97.762835 30.28117, -97.762807 30.281212, -97.762795 30.281206, -97.762724 30.281311, -97.762702 30.2813, -97.762691 30.281316, -97.762658 30.281299))",institution,orange
place_of_worship,True Vine Baptist Church,"POLYGON ((-97.682325 30.268589, -97.682358 30.268539, -97.682469 30.268594, -97.682425 30.268662, -97.682313 30.268607, -97.682325 30.268589))",institution,orange
place_of_worship,Fontaine Memorial Baptist Church,"POLYGON ((-97.6868791 30.2711663, -97.6868111 30.2711333, -97.6868931 30.2710053, -97.6868621 30.2709913, -97.6869091 30.2709183, -97.6870431 30.2709833, -97.6869151 30.2711833, -97.6868791 30.2711663))",institution,orange
restaurant,Micklethwait Barbecue,"POLYGON ((-97.690239 30.273091, -97.690242 30.273093, -97.690172 30.2732, -97.69023 30.273228, -97.690167 30.273325, -97.690029 30.273257, -97.690161 30.273053, -97.690239 30.273091))",cutlery,green
place_of_worship,Austin Stone Curch,"POLYGON ((-97.826532 30.285288, -97.826535 30.285113, -97.826532 30.285113, -97.826533 30.2851, -97.826538 30.2851, -97.826538 30.285095, -97.826558 30.285095, -97.826558 30.285099, -97.826604 30.2851, -97.826606 30.285023, -97.826508 30.285022, -97.826508 30.285024, -97.826494 30.285024, -97.826495 30.285021, -97.826432 30.28502, -97.826432 30.285023, -97.826416 30.285023, -97.826416 30.28502, -97.826354 30.285019, -97.826354 30.285022, -97.826339 30.285022, -97.826339 30.285019, -97.826335 30.285019, -97.826335 30.285005, -97.826337 30.285005, -97.82634 30.284832, -97.826338 30.284832, -97.826339 30.284819, -97.826343 30.284819, -97.826343 30.284815, -97.826358 30.284815, -97.826358 30.284817, -97.82642 30.284818, -97.82642 30.284815, -97.826435 30.284816, -97.826435 30.284818, -97.826495 30.284819, -97.826495 30.284817, -97.826511 30.284817, -97.826511 30.284819, -97.826573 30.28482, -97.826573 30.284818, -97.826588 30.284818, -97.826588 30.284821, -97.826606 30.284821, -97.826608 30.284743, -97.826575 30.284745, -97.826575 30.284741, -97.826569 30.284741, -97.826569 30.284728, -97.826572 30.284728, -97.826576 30.284554, -97.826571 30.284554, -97.826571 30.284542, -97.826576 30.284542, -97.826576 30.284537, -97.826591 30.284537, -97.826591 30.284539, -97.826653 30.28454, -97.826653 30.284537, -97.826671 30.284538, -97.826671 30.28454, -97.82673 30.284541, -97.82673 30.284539, -97.826744 30.284539, -97.826744 30.284541, -97.826805 30.284542, -97.826805 30.28454, -97.826834 30.284542, -97.826898 30.284541, -97.826898 30.284543, -97.826959 30.284544, -97.826959 30.284542, -97.826973 30.284543, -97.826973 30.284546, -97.826978 30.284546, -97.826975 30.284609, -97.826978 30.284609, -97.826978 30.284621, -97.826975 30.284621, -97.826974 30.28467, -97.826977 30.28467, -97.826976 30.284683, -97.826974 30.284683, -97.826973 30.284733, -97.826977 30.284733, -97.826977 30.284745, -97.826971 30.284745, -97.826971 30.284749, -97.826957 30.284749, -97.826957 30.284747, -97.826895 30.284746, -97.826895 30.284749, -97.826879 30.284748, -97.826879 30.284746, -97.826818 30.284745, -97.826818 30.284749, -97.826803 30.284748, -97.826803 30.284745, -97.826741 30.284744, -97.826741 30.284747, -97.826727 30.284747, -97.826727 30.284743, -97.826708 30.284743, -97.826707 30.284819, -97.826712 30.284819, -97.826712 30.284823, -97.826727 30.284823, -97.826727 30.284819, -97.826742 30.28482, -97.826742 30.284823, -97.826747 30.284823, -97.826746 30.284835, -97.826742 30.284835, -97.826741 30.284886, -97.826745 30.284886, -97.826745 30.284898, -97.826741 30.284898, -97.82674 30.284947, -97.826744 30.284948, -97.826744 30.28496, -97.82674 30.28496, -97.826739 30.285011, -97.826743 30.285011, -97.826742 30.285023, -97.826738 30.285023, -97.826738 30.285026, -97.826661 30.285023, -97.826659 30.285101, -97.826692 30.285101, -97.826692 30.285099, -97.826706 30.285099, -97.826706 30.285101, -97.826769 30.285102, -97.826769 30.285099, -97.826783 30.2851, -97.826783 30.285103, -97.826845 30.285104, -97.826845 30.2851, -97.82686 30.2851, -97.82686 30.285104, -97.826921 30.285105, -97.826921 30.285102, -97.826934 30.285102, -97.826934 30.285105, -97.826941 30.285105, -97.826941 30.285117, -97.826938 30.285117, -97.826937 30.285167, -97.82694 30.285167, -97.826939 30.285179, -97.826937 30.285179, -97.826935 30.285231, -97.826938 30.285231, -97.826938 30.285242, -97.826935 30.285242, -97.826934 30.285291, -97.826937 30.285291, -97.826937 30.285303, -97.826934 30.285303, -97.826934 30.285307, -97.826919 30.285307, -97.826919 30.285304, -97.826857 30.285303, -97.826857 30.285307, -97.826842 30.285307, -97.826842 30.285304, -97.82678 30.285303, -97.82678 30.285307, -97.826765 30.285307, -97.826765 30.285304, -97.826702 30.285303, -97.826702 30.285306, -97.826689 30.285306, -97.826689 30.285303, -97.826626 30.285302, -97.826626 30.285306, -97.826612 30.285306, -97.826612 30.285302, -97.826549 30.285301, -97.826549 30.285304, -97.826535 30.285304, -97.826535 30.285299, -97.826529 30.285298, -97.826529 30.285288, -97.826532 30.285288))",institution,orange
place_of_worship,Greater Calvary Bible Church,"POLYGON ((-97.689978 30.318649, -97.689981 30.318644, -97.690005 30.318655, -97.690018 30.318635, -97.690221 30.318734, -97.69016 30.318829, -97.689956 30.318729, -97.68997 30.318707, -97.689948 30.318696, -97.689978 30.318649))",institution,orange
place_of_worship,Austin Mennonite Church,"POLYGON ((-97.6903 30.31231, -97.690301 30.312273, -97.690328 30.312258, -97.690365 30.312278, -97.690364 30.312302, -97.6904 30.312287, -97.690421 30.312296, -97.690429 30.312293, -97.690433 30.312165, -97.690267 30.312078, -97.690269 30.312018, -97.690335 30.311985, -97.690483 30.312063, -97.690481 30.31212, -97.690524 30.312147, -97.690519 30.312297, -97.690553 30.312314, -97.690456 30.312359, -97.690452 30.312456, -97.690431 30.312455, -97.690393 30.312469, -97.690358 30.312454, -97.690338 30.312453, -97.690342 30.312332, -97.6903 30.31231))",institution,orange
library,Austin Public Library - Windsor Park Branch,"POLYGON ((-97.690098 30.311762, -97.690091 30.311729, -97.690058 30.311735, -97.690039 30.31165, -97.690065 30.311646, -97.690045 30.311561, -97.69015 30.311542, -97.690152 30.311552, -97.690303 30.311525, -97.690297 30.311503, -97.69034 30.311496, -97.690373 30.311638, -97.690383 30.311636, -97.690393 30.311678, -97.690383 30.31168, -97.6904 30.311753, -97.690108 30.311804, -97.690098 30.311762))",book,orange
place_of_worship,Wheless Lane Church of Christ,"POLYGON ((-97.6800867 30.3094227, -97.6800587 30.3094674, -97.6800824 30.3094785, -97.6800265 30.3095679, -97.6800048 30.3095578, -97.6799687 30.3096155, -97.6797662 30.309521, -97.6798879 30.3093268, -97.6799163 30.3093401, -97.679958 30.3092735, -97.6799748 30.3092814, -97.6800352 30.309185, -97.6800567 30.309195, -97.680069 30.3091752, -97.6801226 30.3092002, -97.6801106 30.3092193, -97.6801343 30.3092304, -97.6800731 30.3093283, -97.6800855 30.309334, -97.6800428 30.3094022, -97.6800867 30.3094227))",institution,orange
place_of_worship,Antioch Baptist Church,"POLYGON ((-97.673457 30.308385, -97.673428 30.308385, -97.673438 30.308149, -97.673563 30.308153, -97.673556 30.30834, -97.673599 30.308341, -97.673597 30.308379, -97.673554 30.308378, -97.673553 30.308388, -97.673457 30.308385))",institution,orange
restaurant,Mum Foods Smokehouse and Delicatessen,"POLYGON ((-97.679829 30.305766, -97.679896 30.305801, -97.679795 30.305943, -97.679829 30.305961, -97.679806 30.305994, -97.679771 30.305976, -97.67974 30.306021, -97.679716 30.306008, -97.679699 30.306031, -97.679582 30.305969, -97.679758 30.305721, -97.679794 30.30574, -97.679781 30.305759, -97.679819 30.30578, -97.679829 30.305766))",cutlery,green
restaurant,La Yaquesita,"POLYGON ((-97.677346 30.307743, -97.677332 30.307629, -97.677417 30.307621, -97.677433 30.307753, -97.677387 30.307757, -97.677385 30.307739, -97.677346 30.307743))",cutlery,green
place_of_worship,Manor Road Pentecostal Church,"POLYGON ((-97.677128 30.307772, -97.67712 30.307711, -97.677051 30.307718, -97.677036 30.307609, -97.677209 30.307592, -97.677232 30.307766, -97.677128 30.307776, -97.677128 30.307772))",institution,orange
place_of_worship,Sacred Heart Catholic Church,"POLYGON ((-97.6753231 30.3047888, -97.6752661 30.3048748, -97.6752231 30.3048528, -97.6752841 30.3047608, -97.6749001 30.3045708, -97.6750111 30.3044018, -97.6753981 30.3045938, -97.6753691 30.3046378, -97.6754051 30.3046558, -97.6753911 30.3046778, -97.6754321 30.3046978, -97.6755201 30.3045658, -97.6755081 30.3045598, -97.6756331 30.3043708, -97.6754991 30.3043048, -97.6754121 30.3044368, -97.6753001 30.3043818, -97.6754721 30.3041218, -97.6755811 30.3041758, -97.6755131 30.3042788, -97.6756471 30.3043458, -97.6756851 30.3042888, -97.6757171 30.3043038, -97.6757431 30.3042638, -97.6756881 30.3042368, -97.6757091 30.3042048, -97.6756931 30.3041968, -97.6757951 30.3040438, -97.6759471 30.3041188, -97.6759081 30.3041768, -97.6759361 30.3041908, -97.6756421 30.3046368, -97.6757531 30.3046108, -97.6757631 30.3046448, -97.6757931 30.3046388, -97.6758261 30.3047408, -97.6757961 30.3047498, -97.6758051 30.3047828, -97.6757081 30.3048078, -97.6757281 30.3048168, -97.6756521 30.3049328, -97.6753631 30.3047888, -97.6753571 30.3047968, -97.6753271 30.3047818, -97.6753231 30.3047888))",institution,orange
place_of_worship,Kingdom Hall,"POLYGON ((-97.687351 30.318484, -97.687344 30.31848, -97.687412 30.318371, -97.687518 30.318421, -97.687552 30.318367, -97.687646 30.318412, -97.68763 30.318438, -97.687669 30.318456, -97.687572 30.318612, -97.687527 30.318591, -97.687529 30.318587, -97.687512 30.31858, -97.687499 30.318601, -97.687445 30.318576, -97.68746 30.318552, -97.68744 30.318543, -97.687448 30.31853, -97.687351 30.318484))",institution,orange
place_of_worship,Iglesia Restauracion Elim,"POLYGON ((-97.672057 30.3234792, -97.6718968 30.3233565, -97.6717768 30.3234734, -97.6716289 30.3233602, -97.6717523 30.3232401, -97.6715772 30.3231061, -97.6716039 30.32308, -97.6715595 30.3230461, -97.6715897 30.3230167, -97.6716326 30.3230497, -97.6716558 30.3230272, -97.6718792 30.3231983, -97.6719292 30.3231496, -97.6719856 30.3231929, -97.6719384 30.3232389, -97.6721414 30.3233944, -97.6722234 30.3233146, -97.6723192 30.323388, -97.6721266 30.3235754, -97.6720324 30.3235032, -97.672057 30.3234792))",institution,orange
place_of_worship,El Shaddai Pentecostes,"POLYGON ((-97.670607 30.322335, -97.670549 30.322292, -97.670578 30.322262, -97.670648 30.322314, -97.670862 30.322098, -97.670855 30.322093, -97.670865 30.322084, -97.670819 30.322049, -97.670842 30.322026, -97.670887 30.32206, -97.671191 30.32175, -97.671262 30.321802, -97.671282 30.321781, -97.671312 30.321803, -97.67129 30.321824, -97.671378 30.321889, -97.671395 30.321871, -97.671426 30.321894, -97.671407 30.321914, -97.671452 30.321947, -97.670901 30.322505, -97.670919 30.322518, -97.670888 30.32255, -97.670868 30.322535, -97.670833 30.322536, -97.670833 30.322553, -97.670617 30.322565, -97.670603 30.322377, -97.670625 30.322376, -97.670623 30.322348, -97.670607 30.322335))",institution,orange
restaurant,Mr Gatti's Pizza,"POLYGON ((-97.67537 30.323896, -97.675388 30.323972, -97.675185 30.324008, -97.675154 30.323875, -97.675275 30.323854, -97.675288 30.32391, -97.67537 30.323896))",cutlery,green
place_of_worship,Greater Swenson Grove Baptist Church,"POLYGON ((-97.62528 30.267667, -97.625143 30.267552, -97.62524 30.267466, -97.625308 30.267523, -97.625397 30.267443, -97.625439 30.267479, -97.625455 30.267465, -97.625475 30.267482, -97.62546 30.267495, -97.625501 30.267529, -97.625372 30.267643, -97.625376 30.267647, -97.625361 30.26766, -97.625358 30.267658, -97.625315 30.267697, -97.62528 30.267667))",institution,orange
place_of_worship,Navagraha Mandir,"POLYGON ((-97.6187221 30.2820836, -97.6187274 30.2821264, -97.6187345 30.2821606, -97.6186609 30.2821646, -97.6186055 30.2821676, -97.6186021 30.2821351, -97.6185939 30.28209, -97.6187221 30.2820836))",institution,orange
place_of_worship,Yajna Shala,"POLYGON ((-97.6187444 30.2822168, -97.6187508 30.2822736, -97.6187535 30.2823251, -97.6186086 30.2823337, -97.6186006 30.2822873, -97.6185972 30.28226, -97.6185958 30.2822249, -97.6186672 30.282221, -97.6187444 30.2822168))",institution,orange
place_of_worship,Ganesh Temple,"POLYGON ((-97.618767 30.282383, -97.61878 30.282382, -97.618787 30.282462, -97.618576 30.282475, -97.6185716 30.2824251, -97.618569 30.282395, -97.6185741 30.2823947, -97.618597 30.2823933, -97.6186893 30.2823877, -97.618767 30.282383))",institution,orange
restaurant,Pho Craft,"POLYGON ((-97.6971369 30.2734415, -97.6971668 30.2735552, -97.6970767 30.2735729, -97.6970468 30.2734592, -97.6971369 30.2734415))",cutlery,green
place_of_worship,Freedom Home Baptist Church,"POLYGON ((-97.6961702 30.2730785, -97.6961477 30.2731279, -97.6960951 30.27311, -97.696117 30.273062, -97.6959697 30.2730119, -97.6960202 30.2729012, -97.6960927 30.2729258, -97.6960952 30.2729203, -97.6961852 30.2729509, -97.6961827 30.2729563, -97.69621 30.2729656, -97.6962221 30.2729392, -97.6962714 30.272956, -97.6962596 30.272982, -97.6964151 30.2730349, -97.6963651 30.2731447, -97.6961702 30.2730785))",institution,orange
restaurant,Terry’s,"POLYGON ((-97.702716 30.281505, -97.702851 30.28144, -97.702911 30.281533, -97.702776 30.281598, -97.702716 30.281505))",cutlery,green
place_of_worship,New Bethel Baptist Church,"POLYGON ((-97.7005 30.28783, -97.700487 30.287815, -97.700468 30.287827, -97.700435 30.28779, -97.70042 30.2878, -97.700391 30.287768, -97.700407 30.287757, -97.700396 30.287745, -97.700419 30.28773, -97.700403 30.287713, -97.700535 30.287625, -97.70059 30.287688, -97.700578 30.287696, -97.700625 30.287749, -97.700501 30.287831, -97.7005 30.28783))",institution,orange
place_of_worship,Saint James Baptist Church,"POLYGON ((-97.697443 30.283021, -97.697428 30.282947, -97.697355 30.282958, -97.6973 30.282687, -97.697311 30.282685, -97.697305 30.282657, -97.697268 30.282663, -97.697246 30.282555, -97.697285 30.282549, -97.697277 30.282508, -97.697223 30.282516, -97.697216 30.282478, -97.697269 30.28247, -97.697264 30.282445, -97.697471 30.282414, -97.697449 30.282305, -97.697541 30.282291, -97.697561 30.282387, -97.697838 30.282345, -97.697847 30.282389, -97.697796 30.282397, -97.6978 30.282417, -97.697831 30.282412, -97.697863 30.282569, -97.697844 30.282572, -97.697853 30.282617, -97.697867 30.282615, -97.697902 30.282787, -97.697856 30.282794, -97.697865 30.282838, -97.697904 30.282832, -97.697918 30.282901, -97.697674 30.282938, -97.697611 30.282964, -97.697562 30.282988, -97.697525 30.28301, -97.697443 30.283021))",institution,orange
place_of_worship,Bethany Christian Church,"POLYGON ((-97.694949 30.277067, -97.695125 30.277069, -97.695125 30.277061, -97.695224 30.277062, -97.695224 30.277037, -97.695278 30.277038, -97.695278 30.277067, -97.6953 30.277067, -97.695298 30.2772, -97.695209 30.277199, -97.69521 30.277164, -97.695135 30.277163, -97.695133 30.277293, -97.695035 30.277292, -97.695037 30.277166, -97.694984 30.277165, -97.694983 30.277189, -97.694947 30.277189, -97.694949 30.277067))",institution,orange
place_of_worship,Friends Meeting of Austin,"POLYGON ((-97.6947684 30.2837176, -97.6946734 30.2836766, -97.6947154 30.2836026, -97.6946734 30.2835846, -97.6947574 30.2834396, -97.6948094 30.2834616, -97.6948524 30.2833866, -97.6948964 30.2834056, -97.6949044 30.2833926, -97.6949394 30.2834076, -97.6949324 30.2834206, -97.6949564 30.2834306, -97.6949134 30.2835056, -97.6949224 30.2835096, -97.6949024 30.2835446, -97.6949884 30.2835816, -97.6949314 30.2836806, -97.6948904 30.2836626, -97.6948604 30.2836796, -97.6948074 30.2836866, -97.6947854 30.2837246, -97.6947684 30.2837176))",institution,orange
restaurant,Justine's,"POLYGON ((-97.700443 30.253308, -97.700543 30.253147, -97.700632 30.253189, -97.700584 30.253266, -97.70059 30.253269, -97.700552 30.253329, -97.700528 30.253317, -97.700513 30.25334, -97.700443 30.253308))",cutlery,green
restaurant,De Nada Cantina,"POLYGON ((-97.702131 30.251431, -97.70217 30.25135, -97.702254 30.251381, -97.702213 30.251464, -97.702208 30.251462, -97.702162 30.251557, -97.702087 30.251529, -97.702134 30.251432, -97.702131 30.251431))",cutlery,green
restaurant,Sawyer & Co.,"POLYGON ((-97.701703 30.25152, -97.701802 30.251293, -97.701837 30.251304, -97.701841 30.251293, -97.70189 30.251309, -97.701875 30.251344, -97.701902 30.251353, -97.701887 30.251388, -97.701858 30.251378, -97.701791 30.251531, -97.701703 30.25152))",cutlery,green
place_of_worship,Jesus Is Alive Ministries,"POLYGON ((-97.7000251 30.2519234, -97.7000391 30.2518524, -97.6999841 30.2518444, -97.7000071 30.2517204, -97.7001161 30.2517364, -97.7001241 30.2516944, -97.7002001 30.2517054, -97.7001701 30.2518624, -97.7001441 30.2518584, -97.7001291 30.2519384, -97.7000251 30.2519234))",institution,orange
place_of_worship,Springdale Church of God in Christ,"POLYGON ((-97.6998522 30.2582762, -97.6998799 30.258233, -97.6998568 30.258222, -97.6999339 30.2581017, -97.7000581 30.258161, -97.7000098 30.2582364, -97.6999551 30.2582103, -97.699932 30.2582462, -97.7000825 30.2583181, -97.7000491 30.2583703, -97.6998522 30.2582762))",institution,orange
restaurant,Austin's Pizza,"POLYGON ((-97.805227 30.279899, -97.805078 30.279797, -97.805157 30.27971, -97.805441 30.279904, -97.805361 30.279993, -97.805294 30.279948, -97.805305 30.279936, -97.805236 30.279889, -97.805227 30.279899))",cutlery,green
cafe,Trianon Coffee,"POLYGON ((-97.805881 30.280034, -97.80592 30.280004, -97.805912 30.279996, -97.805946 30.279969, -97.805926 30.279949, -97.806005 30.279888, -97.806009 30.279892, -97.806113 30.279812, -97.806142 30.27984, -97.806151 30.279833, -97.806182 30.279863, -97.806172 30.27987, -97.806197 30.279895, -97.806014 30.280036, -97.806003 30.280025, -97.805916 30.280092, -97.805868 30.280045, -97.805881 30.280034))",coffee,green
place_of_worship,Macedonia Baptist Church,"POLYGON ((-97.6796267 30.2717058, -97.67956 30.2718258, -97.6795119 30.2718058, -97.6795914 30.2716628, -97.679642 30.2716838, -97.6796673 30.2716383, -97.6798138 30.2716991, -97.6797757 30.2717676, -97.6796267 30.2717058))",institution,orange
place_of_worship,Vision of Hope AME Church,"POLYGON ((-97.686308 30.276227, -97.686388 30.276104, -97.686375 30.276098, -97.686411 30.276043, -97.686516 30.276094, -97.68648 30.27615, -97.686465 30.276142, -97.686385 30.276265, -97.686308 30.276227))",institution,orange
place_of_worship,Iglesia Pentecostes de Jesucristo,"POLYGON ((-97.687468 30.274865, -97.687627 30.27462, -97.687743 30.274676, -97.687758 30.274653, -97.687897 30.274721, -97.687834 30.274817, -97.687739 30.274771, -97.687724 30.274794, -97.687668 30.274767, -97.68761 30.274855, -97.687663 30.274881, -97.68764 30.274918, -97.687587 30.274892, -97.687571 30.274915, -97.687468 30.274865))",institution,orange
place_of_worship,Rehoboth Baptist Church,"POLYGON ((-97.676787 30.280977, -97.67674 30.280925, -97.67682 30.280871, -97.676731 30.280772, -97.676843 30.280697, -97.677008 30.280883, -97.676817 30.281011, -97.676787 30.280977))",institution,orange
place_of_worship,El Bethel Primitive Baptist Church,"POLYGON ((-97.671467 30.272567, -97.671604 30.272639, -97.671618 30.272618, -97.671634 30.272626, -97.671619 30.272647, -97.671673 30.272675, -97.67162 30.272752, -97.671628 30.272756, -97.671615 30.272774, -97.671607 30.27277, -97.671568 30.272827, -97.671486 30.272784, -97.671524 30.272729, -97.671515 30.272725, -97.671522 30.272716, -97.671406 30.272655, -97.671467 30.272567))",institution,orange
place_of_worship,New Light Ebenezer Baptist Church,"POLYGON ((-97.688747 30.274344, -97.688729 30.274336, -97.688726 30.274341, -97.688601 30.274282, -97.688738 30.274067, -97.68875 30.274073, -97.688771 30.274041, -97.689047 30.274174, -97.688982 30.274275, -97.688819 30.274197, -97.688747 30.274309, -97.688764 30.274318, -97.688747 30.274344))",institution,orange
place_of_worship,Webberville Baptist Church,"POLYGON ((-97.68165 30.278982, -97.681573 30.279075, -97.681612 30.279099, -97.681592 30.279123, -97.681617 30.279138, -97.681578 30.279184, -97.681549 30.279166, -97.681531 30.279188, -97.681489 30.279162, -97.681508 30.279139, -97.681457 30.279106, -97.681524 30.279024, -97.681504 30.279012, -97.681569 30.278932, -97.68165 30.278982))",institution,orange
place_of_worship,St. James' Episcopal Church,"POLYGON ((-97.6730728 30.28235, -97.673095 30.28233, -97.673082 30.2823193, -97.672986 30.2824059, -97.672818 30.282267, -97.672979 30.2821217, -97.6731463 30.28226, -97.6731108 30.282292, -97.673125 30.2823037, -97.6732311 30.282208, -97.6732262 30.282204, -97.673318 30.2821212, -97.6734133 30.2822, -97.6734089 30.282204, -97.6735732 30.28234, -97.673328 30.2825611, -97.6730728 30.28235))",institution,orange
bar,Sahara Lounge,"POLYGON ((-97.681492 30.279441, -97.681581 30.279413, -97.68159 30.279435, -97.681604 30.279431, -97.681611 30.27945, -97.681639 30.279441, -97.68163 30.279419, -97.68166 30.27941, -97.681688 30.279476, -97.681698 30.279473, -97.681702 30.279483, -97.681724 30.279476, -97.681731 30.279492, -97.68171 30.279499, -97.68172 30.279522, -97.681531 30.279581, -97.681511 30.279532, -97.681528 30.279527, -97.681492 30.279441))",beer,green
place_of_worship,Greater Works Baptist Church,"POLYGON ((-97.6749711 30.278988, -97.6749099 30.2789638, -97.6749138 30.2789565, -97.6747493 30.2788917, -97.6748281 30.2787428, -97.6751752 30.2788797, -97.6750968 30.2790281, -97.6749752 30.2789802, -97.6749711 30.278988))",institution,orange
restaurant,Habana Restaurant and Bar,"POLYGON ((-97.757372 30.235042, -97.757227 30.234976, -97.757293 30.234867, -97.757282 30.234862, -97.757291 30.234846, -97.757432 30.23491, -97.757416 30.234937, -97.757431 30.234944, -97.757372 30.235042))",cutlery,green
restaurant,Show Me Pizza,"POLYGON ((-97.762793 30.236824, -97.76271 30.236787, -97.762727 30.236759, -97.762696 30.236745, -97.762716 30.236711, -97.762747 30.236725, -97.762763 30.236697, -97.762865 30.236743, -97.762857 30.2367568, -97.762838 30.2367875, -97.7628096 30.2368313, -97.762793 30.236824))",cutlery,green
place_of_worship,Saint Peter the Apostle Catholic Church,"POLYGON ((-97.729694 30.216429, -97.729444 30.216393, -97.729439 30.216422, -97.729355 30.21641, -97.729361 30.216381, -97.729307 30.216374, -97.729309 30.216364, -97.729286 30.216361, -97.729317 30.216197, -97.729341 30.2162, -97.72935 30.216154, -97.729475 30.216172, -97.729468 30.216209, -97.72974 30.216248, -97.729706 30.216431, -97.729694 30.216429))",institution,orange
place_of_worship,Phap Nhan Temple,"POLYGON ((-97.5817176 30.1095048, -97.5816686 30.1094638, -97.5817396 30.1093998, -97.5817956 30.1094458, -97.5817236 30.1095108, -97.5817176 30.1095048))",institution,orange
place_of_worship,Dolores Catholic Church,"POLYGON ((-97.698204 30.232498, -97.698008 30.232334, -97.697963 30.232375, -97.697912 30.232332, -97.69793 30.232316, -97.697879 30.232274, -97.698023 30.232144, -97.698288 30.232366, -97.698276 30.232376, -97.698306 30.232401, -97.698289 30.232416, -97.698296 30.232423, -97.698209 30.232502, -97.698204 30.232498))",institution,orange
place_of_worship,Riverside Congregation,"POLYGON ((-97.736998 30.200042, -97.73703 30.200057, -97.736993 30.200117, -97.73704 30.200139, -97.736885 30.200388, -97.736737 30.200319, -97.736892 30.200069, -97.736938 30.200091, -97.736975 30.200031, -97.736998 30.200042))",institution,orange
place_of_worship,Southern Hills Church of Christ,"POLYGON ((-97.8845206 30.0976396, -97.884429 30.0977231, -97.884401 30.0977002, -97.8843595 30.097738, -97.8842687 30.0976635, -97.8843088 30.0976269, -97.8842813 30.0976043, -97.8842894 30.097597, -97.884252 30.0975663, -97.8844248 30.0974082, -97.8843973 30.0973857, -97.8843814 30.0974004, -97.8843493 30.0973742, -97.8843668 30.0973582, -97.884335 30.0973322, -97.8844124 30.0972613, -97.8844364 30.0972809, -97.8844505 30.0972681, -97.8845021 30.0973103, -97.8844868 30.0973243, -97.8845035 30.097338, -97.8845175 30.0973252, -97.8845855 30.0973809, -97.8845935 30.0973735, -97.8846759 30.0974412, -97.8846672 30.0974492, -97.8847378 30.0975072, -97.8846906 30.0975502, -97.8846966 30.0975552, -97.8846174 30.0976274, -97.8846094 30.0976208, -97.8845564 30.0976691, -97.8845206 30.0976396))",institution,orange
place_of_worship,Resurrection Church of Buda,"POLYGON ((-97.846647 30.083028, -97.846678 30.082977, -97.846871 30.083066, -97.846858 30.083088, -97.846916 30.083115, -97.846882 30.08317, -97.846821 30.083142, -97.846809 30.083161, -97.846736 30.083127, -97.846674 30.083228, -97.846558 30.083174, -97.846647 30.083028))",institution,orange
restaurant,Logan's Roadhouse,"POLYGON ((-97.8229911 30.0836633, -97.8230198 30.0835688, -97.8229958 30.0835633, -97.823019 30.0834869, -97.823054 30.0834949, -97.8230651 30.0834581, -97.8233209 30.0835163, -97.8232838 30.0836383, -97.8232955 30.083641, -97.8232749 30.0837088, -97.8232093 30.0836938, -97.8232038 30.0837117, -97.8229911 30.0836633))",cutlery,green
place_of_worship,Faith Assembly of God,"POLYGON ((-97.8329572 30.0875799, -97.8330082 30.0876079, -97.833268 30.0875592, -97.8332948 30.0876667, -97.8328647 30.0877472, -97.8328047 30.0875072, -97.832933 30.0874831, -97.8329572 30.0875799))",institution,orange
place_of_worship,Center Union Church,"POLYGON ((-97.830961 30.0779067, -97.8310449 30.0779094, -97.8310546 30.0780704, -97.8311275 30.0780702, -97.8311325 30.0781189, -97.8309376 30.0781398, -97.8309251 30.0780897, -97.8309704 30.0780884, -97.830961 30.0779067))",institution,orange
place_of_worship,North Austin Muslim Community Center,"POLYGON ((-97.6840042 30.3906316, -97.683729 30.3904136, -97.6837575 30.3903868, -97.6836862 30.3903303, -97.6837187 30.3902998, -97.6837315 30.3903099, -97.683849 30.3901997, -97.6838715 30.3902176, -97.6839742 30.3901213, -97.683991 30.3901056, -97.6840138 30.3901238, -97.6840502 30.3901535, -97.6840773 30.3901288, -97.6843297 30.3903349, -97.6840042 30.3906316))",institution,orange
restaurant,Maxine's Gumbo House,"POLYGON ((-97.5587503 30.3483559, -97.5586333 30.3483469, -97.5586323 30.3483629, -97.5586033 30.3483609, -97.5586053 30.3483449, -97.5586033 30.3483439, -97.5586153 30.3482219, -97.5587423 30.3482309, -97.5587393 30.3482529, -97.558759 30.3482793, -97.5587503 30.3483559))",cutlery,green
place_of_worship,Eternal Faith Baptist Church,"POLYGON ((-97.542193 30.345127, -97.542116 30.345089, -97.542213 30.344939, -97.542103 30.344885, -97.542161 30.344794, -97.54232 30.344871, -97.54237 30.344795, -97.542356 30.344788, -97.542436 30.344665, -97.54259 30.344739, -97.542394 30.345044, -97.542326 30.345011, -97.542237 30.345148, -97.542193 30.345127))",institution,orange
place_of_worship,Gildon Creek Missionary Baptist Church,"POLYGON ((-97.5568694 30.3381949, -97.5569308 30.337937, -97.5570876 30.3379648, -97.5570767 30.3380107, -97.5571065 30.338016, -97.5570977 30.3380529, -97.5570685 30.3380477, -97.5570268 30.3382228, -97.5568694 30.3381949))",institution,orange
restaurant,Texas Traditional BBQ,"POLYGON ((-97.5567428 30.3484499, -97.5567187 30.3484459, -97.556724 30.348422, -97.556748 30.348426, -97.55675 30.3484167, -97.5568 30.348425, -97.5567988 30.3484301, -97.5568766 30.348443, -97.5568774 30.3484396, -97.556912 30.3484453, -97.5568956 30.348519, -97.5568613 30.3485133, -97.5568623 30.3485088, -97.5567833 30.3484956, -97.5567824 30.3485, -97.5567334 30.3484918, -97.5567428 30.3484499))",cutlery,green
cafe,Cafe 290,"POLYGON ((-97.5583794 30.3483566, -97.5583789 30.3483505, -97.5583605 30.3483517, -97.5583598 30.3483436, -97.5582946 30.3483477, -97.5582878 30.3482676, -97.5583034 30.3482666, -97.5582989 30.3482134, -97.5582906 30.3482139, -97.5582888 30.3481918, -97.5583409 30.3481885, -97.5583405 30.3481837, -97.5584698 30.3481756, -97.5584765 30.3482544, -97.5585013 30.3482529, -97.5585081 30.3483326, -97.5584278 30.3483376, -97.5584285 30.3483464, -97.5584208 30.3483469, -97.5584216 30.3483568, -97.5583797 30.3483595, -97.5583794 30.3483566))",coffee,green
place_of_worship,St Joseph Catholic Church,"POLYGON ((-97.5433956 30.3446006, -97.5434406 30.3443277, -97.5435364 30.3443394, -97.543543 30.344299, -97.5436072 30.3443069, -97.5436004 30.3443477, -97.5436959 30.3443594, -97.543651 30.344632, -97.5433956 30.3446006))",institution,orange
cafe,Starbucks,"POLYGON ((-97.6034081 30.4560982, -97.6033403 30.4560819, -97.6033567 30.4560312, -97.6033457 30.4560286, -97.6033543 30.4560022, -97.6033646 30.4560047, -97.6034004 30.4558944, -97.603468 30.4559107, -97.60345 30.4559663, -97.603464 30.4559697, -97.603447 30.4560221, -97.6034338 30.4560189, -97.6034081 30.4560982))",coffee,green
restaurant,Morella,"POLYGON ((-97.5961251 30.4701197, -97.5961201 30.4701338, -97.5960074 30.4701043, -97.596011 30.4700941, -97.5958072 30.4700419, -97.5958013 30.470059, -97.5956995 30.4700332, -97.5957047 30.4700179, -97.5956736 30.4700101, -97.5956945 30.4699481, -97.5957265 30.4699561, -97.5957773 30.4698048, -97.5957952 30.4698093, -97.5958079 30.4697715, -97.595778 30.4697641, -97.5957798 30.4697588, -97.5957691 30.4697562, -97.5957875 30.4697009, -97.5958018 30.4697044, -97.5958048 30.4697003, -97.5958267 30.4697059, -97.5958351 30.4696817, -97.5958316 30.4696753, -97.5958383 30.4696725, -97.5958212 30.4696417, -97.5958832 30.4696161, -97.5959022 30.4696504, -97.5959367 30.4696611, -97.595947 30.4696366, -97.5962851 30.4697415, -97.5962757 30.4697641, -97.5962826 30.4697662, -97.5962734 30.469789, -97.5962917 30.4697945, -97.5962703 30.4698482, -97.5962542 30.4698435, -97.5962189 30.4699339, -97.5962126 30.4699321, -97.5961935 30.4699832, -97.5961728 30.4699775, -97.5961424 30.47006, -97.5961632 30.4700657, -97.596142 30.4701242, -97.5961251 30.4701197))",cutlery,green
restaurant,Wings 'N More Restaurant & Bar,"POLYGON ((-97.669562 30.423951, -97.669601 30.423889, -97.669916 30.424042, -97.669821 30.424187, -97.669507 30.424035, -97.669562 30.423951))",cutlery,green
place_of_worship,Tree of Life Church,"POLYGON ((-97.642052 30.448055, -97.642047 30.448053, -97.642072 30.448014, -97.641826 30.447898, -97.641918 30.44775, -97.642028 30.447802, -97.642057 30.447755, -97.642366 30.4479, -97.642245 30.448094, -97.642155 30.448052, -97.64213 30.448092, -97.642052 30.448055))",institution,orange
place_of_worship,The Church of Jesus Christ of Latter-day Saints,"POLYGON ((-97.637152 30.454126, -97.637041 30.454, -97.637007 30.454022, -97.636917 30.45392, -97.636956 30.453894, -97.636877 30.453805, -97.636923 30.453774, -97.636896 30.453744, -97.637013 30.453666, -97.637044 30.453701, -97.637109 30.453658, -97.637185 30.453745, -97.637215 30.453725, -97.637306 30.453829, -97.63727 30.453852, -97.637454 30.454061, -97.637365 30.45412, -97.637374 30.454131, -97.637323 30.454165, -97.637309 30.454149, -97.637222 30.454206, -97.637152 30.454126))",institution,orange
place_of_worship,Lideta LeMariam Ethiopian Orthodox Church,"POLYGON ((-97.6402198 30.4531236, -97.6403068 30.4531635, -97.6402982 30.4531774, -97.6403028 30.4531795, -97.6402863 30.4532064, -97.6403152 30.4532196, -97.6402843 30.4532698, -97.6402559 30.4532567, -97.6402092 30.4533325, -97.6401124 30.4532882, -97.6402078 30.4531333, -97.6402125 30.4531355, -97.6402198 30.4531236))",institution,orange
bar,The Lone Star Bar,"POLYGON ((-97.611133 30.439176, -97.611287 30.439249, -97.611298 30.439232, -97.611614 30.439382, -97.61153 30.439514, -97.611092 30.439306, -97.611113 30.439273, -97.610973 30.439206, -97.611025 30.439124, -97.611133 30.439176))",beer,green
place_of_worship,The Austin Stone Church,"POLYGON ((-97.6935406 30.4934637, -97.6936196 30.4933726, -97.6936014 30.4933609, -97.6936345 30.4933227, -97.6936066 30.4933047, -97.6935537 30.4932707, -97.6936088 30.4932072, -97.6936606 30.4932406, -97.6936882 30.4932584, -97.6937282 30.4932123, -97.6937491 30.4932257, -97.6938263 30.4931367, -97.6941075 30.4933177, -97.6938233 30.4936457, -97.6935406 30.4934637))",institution,orange
place_of_worship,Faith 4 Life Church,"POLYGON ((-97.6916867 30.495149, -97.6916677 30.495146, -97.6916547 30.495129, -97.6915817 30.495116, -97.6915537 30.49508, -97.6915587 30.495057, -97.6915187 30.495005, -97.6915607 30.494982, -97.6915507 30.494969, -97.6916777 30.494897, -97.6916957 30.494921, -97.6917467 30.494892, -97.6917577 30.494906, -97.6917817 30.494892, -97.6917827 30.494866, -97.6918347 30.494877, -97.6918307 30.494895, -97.6918487 30.494919, -97.6918717 30.494906, -97.6918587 30.494888, -97.6919117 30.494858, -97.6918727 30.494808, -97.6919557 30.494761, -97.6919457 30.494747, -97.6920997 30.494659, -97.6922297 30.494831, -97.6920757 30.494919, -97.6920657 30.494905, -97.6919817 30.494953, -97.6919517 30.494914, -97.6919187 30.494933, -97.6920437 30.495098, -97.6919417 30.495157, -97.6919567 30.495176, -97.6919217 30.495196, -97.6919057 30.495174, -97.6918397 30.495163, -97.6918247 30.495172, -97.6916867 30.495149))",institution,orange
place_of_worship,Grace Presbyterian Fellowship Church,"POLYGON ((-97.6590925 30.4956474, -97.6589912 30.4956312, -97.6590108 30.4955331, -97.6589959 30.4955204, -97.6590031 30.4954729, -97.6590279 30.4954619, -97.6590954 30.4953952, -97.6591029 30.4953878, -97.659181 30.495444, -97.6591235 30.4955047, -97.6590925 30.4956474))",institution,orange
place_of_worship,Baitul Muqeet Mosque - Ahmadiyya Muslim Community,"POLYGON ((-97.698618 30.501203, -97.6985779 30.5010098, -97.698465 30.5010272, -97.69844 30.5009067, -97.6986831 30.5008693, -97.6987129 30.5010129, -97.6987252 30.501011, -97.6987318 30.501043, -97.6987186 30.5010451, -97.6987514 30.501203, -97.6986221 30.5012229, -97.698618 30.501203))",institution,orange
restaurant,Buffalo Wings & Rings,"POLYGON ((-97.655755 30.4936, -97.655789 30.493591, -97.655856 30.493768, -97.655746 30.493799, -97.655761 30.49384, -97.655451 30.493928, -97.655378 30.493733, -97.655559 30.493682, -97.65555 30.493658, -97.655755 30.4936))",cutlery,green
restaurant,Romano's Macaroni Grill,"POLYGON ((-97.674356 30.48562, -97.674385 30.485613, -97.674375 30.48558, -97.674611 30.485524, -97.674645 30.485628, -97.674676 30.48562, -97.674705 30.485711, -97.674674 30.485719, -97.67468 30.48574, -97.674415 30.485803, -97.674356 30.48562))",cutlery,green
restaurant,Joe's Crab Shack,"POLYGON ((-97.674498 30.487228, -97.674441 30.487077, -97.674487 30.487064, -97.674471 30.487021, -97.674715 30.486953, -97.67476 30.487072, -97.674766 30.487071, -97.674779 30.487103, -97.674751 30.487111, -97.674762 30.487141, -97.674738 30.487148, -97.674776 30.48725, -97.674633 30.48729, -97.67465 30.487338, -97.67453 30.487371, -97.674478 30.487233, -97.674498 30.487228))",cutlery,green
place_of_worship,New Hope Community Church,"POLYGON ((-97.683292 30.487634, -97.683228 30.487472, -97.683194 30.487482, -97.683186 30.487461, -97.683171 30.487466, -97.683158 30.487435, -97.683012 30.487478, -97.682968 30.487367, -97.683341 30.487257, -97.68339 30.487383, -97.68337 30.487389, -97.683453 30.4876, -97.683296 30.487646, -97.683292 30.487634))",institution,orange
place_of_worship,The Fellowship Round Rock,"POLYGON ((-97.628636 30.496353, -97.628635 30.496289, -97.628654 30.496289, -97.62865 30.496, -97.628629 30.496, -97.628629 30.495997, -97.628513 30.495998, -97.628512 30.495918, -97.628628 30.495917, -97.628628 30.495929, -97.628814 30.495927, -97.628813 30.495883, -97.628777 30.495884, -97.628777 30.495839, -97.628612 30.495841, -97.628611 30.495719, -97.628829 30.495717, -97.628828 30.495674, -97.628772 30.495675, -97.62877 30.495559, -97.628829 30.495559, -97.628827 30.49542, -97.62861 30.495422, -97.628608 30.495274, -97.62868 30.495273, -97.62868 30.495208, -97.628718 30.495207, -97.628717 30.495126, -97.628792 30.495125, -97.628793 30.495209, -97.628832 30.495209, -97.628833 30.495272, -97.628972 30.495274, -97.628971 30.495841, -97.628909 30.495841, -97.62891 30.495883, -97.628877 30.495884, -97.628878 30.495925, -97.629265 30.495922, -97.629266 30.495994, -97.629246 30.495994, -97.629247 30.496083, -97.629285 30.496082, -97.629288 30.496275, -97.629267 30.496275, -97.629268 30.49636, -97.628636 30.496367, -97.628636 30.496353))",institution,orange
restaurant,La Gordibuena Taqueria,"POLYGON ((-97.950235 30.36664, -97.950242 30.366629, -97.95022 30.36662, -97.950248 30.366568, -97.950295 30.366588, -97.950307 30.366568, -97.950337 30.366581, -97.950349 30.366559, -97.950399 30.36658, -97.950333 30.366697, -97.950306 30.366686, -97.950313 30.366672, -97.950294 30.366664, -97.950288 30.366675, -97.950261 30.366663, -97.950267 30.366653, -97.950235 30.36664))",cutlery,green
bar,Bar 620,"POLYGON ((-97.945724 30.374991, -97.945823 30.374845, -97.945777 30.374821, -97.945796 30.374794, -97.945831 30.374812, -97.945858 30.374771, -97.945901 30.374793, -97.945937 30.37474, -97.946106 30.374827, -97.946065 30.374887, -97.945898 30.374802, -97.945878 30.374831, -97.94596 30.374873, -97.945941 30.374901, -97.946053 30.374958, -97.945953 30.375106, -97.945722 30.374994, -97.945724 30.374991))",beer,green
restaurant,The Grove Wine Bar & Kitchen,"POLYGON ((-97.9677016 30.3339806, -97.9676903 30.3339852, -97.9676801 30.3339667, -97.9676581 30.3339757, -97.967633 30.3339299, -97.9676136 30.3339379, -97.9675603 30.3338408, -97.9675899 30.3338287, -97.9675883 30.3338258, -97.9676125 30.3338159, -97.9676031 30.3337987, -97.9677598 30.3337345, -97.9677685 30.3337503, -97.9677986 30.3337379, -97.967852 30.3338349, -97.9679092 30.3338114, -97.9679404 30.3338681, -97.9678848 30.3338909, -97.967892 30.333904, -97.9679033 30.3338994, -97.9679793 30.3340374, -97.9679165 30.3340631, -97.967923 30.334075, -97.9678462 30.3341065, -97.9678402 30.3340955, -97.9677433 30.3341352, -97.9677181 30.3340893, -97.9677666 30.3340695, -97.9677546 30.3340477, -97.9677414 30.334053, -97.9677016 30.3339806))",cutlery,green
restaurant,Steiner Ranch Steakhouse,"POLYGON ((-97.8716204 30.3902936, -97.8716145 30.3903036, -97.8716065 30.3903001, -97.8716099 30.3902943, -97.8715592 30.390272, -97.871614 30.3901792, -97.8715777 30.3901632, -97.8715758 30.3901624, -97.8715434 30.3901481, -97.8715936 30.390063, -97.8716273 30.3900778, -97.8716529 30.3900891, -97.8717854 30.3898645, -97.8719309 30.3899284, -97.8719172 30.3899517, -97.8720292 30.3900009, -97.8719559 30.3901252, -97.8720208 30.3901537, -97.8718887 30.3903778, -97.8716977 30.390294, -97.871682 30.3903206, -97.8716204 30.3902936))",cutlery,green
restaurant,The Garden at Ellera,"POLYGON ((-97.93322 30.305956, -97.933218 30.305932, -97.933238 30.305931, -97.933236 30.30586, -97.933355 30.30586, -97.93341 30.305788, -97.933432 30.3058, -97.933472 30.30575, -97.933578 30.305811, -97.933564 30.305829, -97.933597 30.305848, -97.933557 30.305901, -97.93353 30.305885, -97.933479 30.305952, -97.933479 30.305983, -97.933499 30.305982, -97.933501 30.306025, -97.933353 30.306028, -97.933351 30.305984, -97.93331 30.305984, -97.933312 30.306025, -97.933275 30.306026, -97.933237 30.305982, -97.933236 30.305956, -97.93322 30.305956))",cutlery,green
place_of_worship,ACTS Church Lakeway,"POLYGON ((-97.947525 30.377725, -97.947258 30.377581, -97.947101 30.377524, -97.947182 30.377356, -97.947346 30.377418, -97.947366 30.377392, -97.947655 30.377547, -97.947527 30.377726, -97.947525 30.377725))",institution,orange
place_of_worship,Iglesia Libre Por Cristo Pentecostés,"POLYGON ((-97.7057411 30.367656, -97.7056459 30.36761, -97.7056999 30.3675266, -97.7058889 30.3676178, -97.7057707 30.3678002, -97.705677 30.367755, -97.7057411 30.367656))",institution,orange
place_of_worship,Real Hope Church,"POLYGON ((-97.622427 30.331997, -97.62249 30.332028, -97.622477 30.332048, -97.622499 30.332058, -97.622496 30.332063, -97.622688 30.332157, -97.622608 30.33228, -97.622101 30.332032, -97.622181 30.331909, -97.622373 30.332004, -97.622376 30.331999, -97.622403 30.332013, -97.622417 30.331992, -97.622427 30.331997))",institution,orange
place_of_worship,Point of Grace Lutheran Church,"POLYGON ((-97.587895 30.47622, -97.5878005 30.4761714, -97.5878755 30.4760616, -97.587866 30.476053, -97.5878645 30.4760374, -97.587877 30.475975, -97.587884 30.4759274, -97.5878879 30.4759005, -97.5879238 30.475905, -97.5879637 30.4758362, -97.588087 30.475898, -97.588093 30.475889, -97.5881413 30.4759069, -97.588199 30.4759373, -97.5882095 30.4759354, -97.588254 30.4759535, -97.588243 30.475976, -97.5882836 30.476002, -97.588243 30.4760641, -97.5882668 30.4760592, -97.5882406 30.4760945, -97.5881253 30.4762198, -97.5881151 30.4762254, -97.5880297 30.476356, -97.5879437 30.4763144, -97.5879804 30.4762618, -97.587895 30.47622))",institution,orange
place_of_worship,Casa de Oración Iglesia,"POLYGON ((-97.696232 30.141969, -97.696039 30.141963, -97.696044 30.141816, -97.696246 30.141822, -97.696244 30.141858, -97.696258 30.141858, -97.696258 30.141863, -97.696278 30.141863, -97.696277 30.14189, -97.696241 30.141889, -97.696238 30.141969, -97.696232 30.141969))",institution,orange
events_venue,The Coliseum,"POLYGON ((-97.6877802 30.158692, -97.6882243 30.1588953, -97.6881152 30.1590734, -97.6883788 30.1591941, -97.68831 30.1593035, -97.6880497 30.1591843, -97.6879339 30.1593735, -97.6874878 30.1591692, -97.6877802 30.158692))",institution,orange
place_of_worship,Fountain of Living Water Church,"POLYGON ((-97.693842 30.101838, -97.693808 30.101809, -97.693781 30.101834, -97.693724 30.101788, -97.693712 30.1018, -97.693673 30.101768, -97.693713 30.101732, -97.693694 30.101717, -97.693752 30.101663, -97.69378 30.101686, -97.69385 30.101621, -97.693928 30.101685, -97.693901 30.10171, -97.693955 30.101754, -97.693978 30.101732, -97.694003 30.101752, -97.69391 30.101838, -97.693884 30.101816, -97.693901 30.1018, -97.693895 30.101795, -97.693846 30.10184, -97.693842 30.101838))",institution,orange
place_of_worship,Elroy Baptist Church,"POLYGON ((-97.6378309 30.122336, -97.638019 30.1221645, -97.6381451 30.122268, -97.637957 30.1224395, -97.6378309 30.122336))",institution,orange
place_of_worship,Saint Paul’s United Methodist Church,"POLYGON ((-97.6934948 30.1564721, -97.6935611 30.1563702, -97.6936181 30.156398, -97.6936109 30.156409, -97.693654 30.15643, -97.6935949 30.1565208, -97.6934948 30.1564721))",institution,orange
restaurant,Ronnie's Real Food,"POLYGON ((-97.885104 30.332923, -97.885105 30.333001, -97.885077 30.333002, -97.885077 30.333008, -97.884956 30.333009, -97.884955 30.332924, -97.885104 30.332923))",cutlery,green
place_of_worship,Theravada Dhamma Society of America,"POLYGON ((-97.920847 30.219981, -97.920832 30.220044, -97.920752 30.220029, -97.920757 30.220008, -97.920725 30.220002, -97.92074 30.219942, -97.920823 30.219957, -97.920827 30.219941, -97.920803 30.219937, -97.920814 30.219893, -97.920867 30.219902, -97.920886 30.219821, -97.920737 30.219793, -97.920757 30.21971, -97.920955 30.219746, -97.920943 30.219796, -97.920974 30.219801, -97.920961 30.219858, -97.920929 30.219853, -97.920905 30.219955, -97.920856 30.219947, -97.920847 30.219981))",institution,orange
bar,The Rusty Mule,"POLYGON ((-97.927073 30.231234, -97.927072 30.23123, -97.927168 30.231213, -97.927198 30.231342, -97.927102 30.231359, -97.927073 30.231234))",beer,green
theatre,One World Theatre,"POLYGON ((-97.845387 30.309003, -97.845311 30.30894, -97.845293 30.308956, -97.845256 30.308926, -97.845276 30.308908, -97.84527 30.308903, -97.84531 30.308866, -97.845297 30.308855, -97.845308 30.308845, -97.845273 30.308817, -97.845304 30.308789, -97.845341 30.308819, -97.845353 30.308808, -97.845364 30.308817, -97.845408 30.308777, -97.845416 30.308784, -97.845427 30.308775, -97.845432 30.308779, -97.845442 30.308769, -97.845561 30.308866, -97.845537 30.308888, -97.845549 30.308898, -97.845413 30.309024, -97.845387 30.309003))",film,red
cafe,Civil Goat Coffee,"POLYGON ((-97.868912 30.332079, -97.868979 30.332045, -97.869043 30.33214, -97.868976 30.332174, -97.868912 30.332079))",coffee,green
place_of_worship,Austin Christian Fellowship,"POLYGON ((-97.8472719 30.3870223, -97.8472591 30.3870508, -97.8471487 30.3870141, -97.8471917 30.3869181, -97.8470696 30.3868775, -97.847189 30.3866105, -97.8477032 30.3867815, -97.8475839 30.3870485, -97.8474982 30.38702, -97.8474843 30.3870511, -97.8473853 30.3870182, -97.847369 30.3870547, -97.8472719 30.3870223))",institution,orange
place_of_worship,Unity,"POLYGON ((-97.7964 30.445682, -97.796398 30.445629, -97.796374 30.445632, -97.796369 30.445532, -97.796484 30.445523, -97.796575 30.445477, -97.796608 30.445511, -97.796657 30.445462, -97.796666 30.445464, -97.796676 30.445451, -97.796631 30.445428, -97.796607 30.445347, -97.796616 30.445334, -97.796527 30.445288, -97.796496 30.445184, -97.796485 30.4452, -97.796405 30.445159, -97.796488 30.445037, -97.796546 30.445066, -97.796568 30.445092, -97.796678 30.445071, -97.796773 30.445119, -97.796791 30.445092, -97.796918 30.445157, -97.796967 30.445188, -97.79698 30.445183, -97.796995 30.445183, -97.797009 30.445188, -97.79702 30.445198, -97.797024 30.445207, -97.797025 30.445217, -97.797019 30.445233, -97.797007 30.445242, -97.796993 30.445246, -97.796974 30.445244, -97.796963 30.445238, -97.796925 30.445295, -97.796941 30.445303, -97.796885 30.445386, -97.796864 30.445375, -97.796765 30.445521, -97.796761 30.445518, -97.796663 30.445613, -97.796543 30.445672, -97.796401 30.445693, -97.7964 30.445682))",institution,orange
place_of_worship,Central City Austin,"POLYGON ((-97.798591 30.419763, -97.798746 30.4198943, -97.798768 30.419913, -97.798747 30.419932, -97.798755 30.419939, -97.798716 30.419974, -97.798706 30.419965, -97.798669 30.4199977, -97.798655 30.42001, -97.798578 30.419944, -97.798538 30.419979, -97.798541 30.419982, -97.798509 30.42001, -97.798505 30.420006, -97.798489 30.42002, -97.798474 30.420033, -97.798478 30.420036, -97.798445 30.420065, -97.798443 30.420063, -97.798425 30.420078, -97.798328 30.419994, -97.798591 30.419763))",institution,orange
place_of_worship,Imani Community Church,"POLYGON ((-97.740842 30.417446, -97.740828 30.417439, -97.740867 30.417374, -97.740817 30.417352, -97.740908 30.417203, -97.741038 30.417263, -97.741 30.417326, -97.741035 30.417342, -97.740996 30.417404, -97.740958 30.417387, -97.740905 30.417475, -97.740842 30.417446))",institution,orange
place_of_worship,Northwest Church of Christ,"POLYGON ((-97.735096 30.414594, -97.73507 30.414583, -97.735114 30.414508, -97.73514 30.41452, -97.735176 30.414459, -97.735347 30.414535, -97.735147 30.414873, -97.735042 30.414826, -97.735023 30.414858, -97.734993 30.414845, -97.735012 30.414813, -97.734994 30.414805, -97.735114 30.414602, -97.735096 30.414594))",institution,orange
place_of_worship,United Christian Church,"POLYGON ((-97.709096 30.423875, -97.709286 30.423574, -97.709323 30.423591, -97.709337 30.423568, -97.709366 30.423581, -97.709374 30.423568, -97.709421 30.42359, -97.709413 30.423603, -97.709442 30.423617, -97.709425 30.423644, -97.709462 30.423661, -97.709355 30.423832, -97.709376 30.423842, -97.709361 30.423866, -97.709372 30.423871, -97.709348 30.42391, -97.709338 30.423905, -97.709241 30.42406, -97.709013 30.423952, -97.709063 30.423872, -97.70909 30.423885, -97.709096 30.423875))",institution,orange
place_of_worship,Saint Stephens Baptist Church,"POLYGON ((-97.71738 30.420585, -97.717406 30.420547, -97.717432 30.420547, -97.717449 30.420521, -97.717222 30.420406, -97.717318 30.420258, -97.717348 30.420274, -97.717382 30.420225, -97.717766 30.42042, -97.71754 30.420754, -97.717358 30.420661, -97.717378 30.420632, -97.717362 30.420612, -97.71738 30.420585))",institution,orange
library,Austin Public Library - Milwood Branch,"POLYGON ((-97.7159505 30.4223346, -97.7160196 30.422228, -97.7160459 30.4222189, -97.7160699 30.4221838, -97.7161023 30.4221998, -97.7161305 30.4221972, -97.7161287 30.4221792, -97.7161678 30.4221757, -97.7162028 30.4221728, -97.7162144 30.4221941, -97.7162376 30.4222366, -97.7162263 30.4222535, -97.7163243 30.4223018, -97.7163589 30.4222932, -97.7164356 30.4223307, -97.7163556 30.4224587, -97.7163232 30.4224424, -97.7162856 30.4224995, -97.7159505 30.4223346))",book,orange
restaurant,Abel's North,"POLYGON ((-97.7152843 30.4238869, -97.7152365 30.4239202, -97.715197 30.423878, -97.7152347 30.4238517, -97.7151744 30.4237875, -97.7151602 30.4237974, -97.7151186 30.4237533, -97.71515 30.4237313, -97.715047 30.4236225, -97.7150281 30.4236358, -97.7149678 30.4235723, -97.7150525 30.4235125, -97.7150624 30.4235229, -97.7151724 30.4234447, -97.7151647 30.4234367, -97.7152352 30.4233863, -97.7152442 30.4233955, -97.7153291 30.4233344, -97.715428 30.4234365, -97.7154491 30.4234214, -97.7154672 30.4234401, -97.7154465 30.4234551, -97.7155417 30.4235531, -97.7154381 30.423628, -97.7156921 30.4238891, -97.7155 30.424028, -97.7154027 30.4240132, -97.7152843 30.4238869))",cutlery,green
place_of_worship,All Nations Assemblies of God,"POLYGON ((-97.65979 30.468476, -97.659872 30.468628, -97.659579 30.468747, -97.659496 30.468593, -97.659789 30.468474, -97.65979 30.468476))",institution,orange
place_of_worship,Round Rock Korean Presbyterian Church,"POLYGON ((-97.650778 30.475665, -97.650623 30.475657, -97.650626 30.475618, -97.650576 30.475615, -97.65057 30.475692, -97.65037 30.475682, -97.65038 30.475532, -97.650786 30.475553, -97.650778 30.475665))",institution,orange
place_of_worship,Grace Place Church,"POLYGON ((-97.6524853 30.4602481, -97.6524754 30.4602623, -97.6524085 30.4602273, -97.6524185 30.4602131, -97.6524127 30.4602101, -97.6524304 30.4601849, -97.6524109 30.4601747, -97.6523838 30.4602133, -97.6523464 30.4601937, -97.6524134 30.4600985, -97.6524495 30.4601173, -97.6524221 30.4601562, -97.6524442 30.4601677, -97.6525492 30.4600186, -97.6526691 30.4600813, -97.6526983 30.4600399, -97.6527138 30.460048, -97.6527335 30.4600583, -97.6527025 30.4601023, -97.6528244 30.4601661, -97.6526909 30.4603557, -97.6524853 30.4602481))",institution,orange
restaurant,Texas Roadhouse,"POLYGON ((-97.6660611 30.4492996, -97.6657991 30.4492626, -97.6658441 30.4490216, -97.6659581 30.4490376, -97.6659621 30.4490136, -97.6660271 30.4490236, -97.6660181 30.4490736, -97.6661051 30.4490856, -97.6660961 30.4491336, -97.6661061 30.4491346, -97.6660831 30.4492616, -97.6660701 30.4492596, -97.6660611 30.4492996))",cutlery,green
bar,The Real City Limits Saloon,"POLYGON ((-97.6612948 30.4493681, -97.661319 30.449327, -97.6612252 30.4492859, -97.6612691 30.4492114, -97.6612972 30.4492237, -97.6613149 30.4491937, -97.6613258 30.4491985, -97.6613809 30.4491048, -97.6614677 30.4491428, -97.6614152 30.4492319, -97.6614533 30.4492486, -97.661389 30.4493579, -97.6613839 30.4493557, -97.6613598 30.4493965, -97.6612948 30.4493681))",beer,green
restaurant,Cheddar's,"POLYGON ((-97.6665662 30.4446349, -97.6665681 30.444625, -97.666547 30.444622, -97.6665066 30.4445738, -97.666572 30.444533, -97.666586 30.4445349, -97.6666114 30.4443995, -97.6667138 30.4444138, -97.6667206 30.4443776, -97.6669013 30.4444028, -97.6668944 30.4444398, -97.66691 30.444442, -97.6668657 30.4446776, -97.6668472 30.4446751, -97.6668374 30.4447272, -97.6667116 30.4447096, -97.6667216 30.4446566, -97.6665662 30.4446349))",cutlery,green
restaurant,Bombshells,"POLYGON ((-97.666426 30.445773, -97.666402 30.445762, -97.666408 30.445752, -97.666239 30.445678, -97.666346 30.445494, -97.6665209 30.4455719, -97.666689 30.445642, -97.666684 30.445682, -97.666673 30.445677, -97.666656 30.445706, -97.666659 30.445727, -97.666657 30.445737, -97.66665 30.445751, -97.666637 30.445763, -97.666619 30.445771, -97.666579 30.445839, -97.666426 30.445773))",cutlery,green
restaurant,FD's Grillhouse,"POLYGON ((-97.6667262 30.4438718, -97.6667302 30.4438098, -97.6667078 30.4438085, -97.6666952 30.4438078, -97.6666532 30.4437678, -97.666713 30.4437223, -97.6667162 30.4437198, -97.6667342 30.4437208, -97.6667342 30.4437168, -97.6668332 30.4437218, -97.6668312 30.4437478, -97.6670022 30.4437578, -97.6670002 30.4437848, -97.6670182 30.4437858, -97.6670132 30.4438528, -97.6669962 30.4438518, -97.6669952 30.4438618, -97.6669762 30.4438608, -97.6669752 30.4438708, -97.6670222 30.4438738, -97.6670182 30.4439248, -97.6669712 30.4439228, -97.6669712 30.4439278, -97.6669332 30.4439258, -97.6669322 30.4439308, -97.6668342 30.4439248, -97.6668352 30.4439088, -97.6667912 30.4439058, -97.6667922 30.4438908, -97.6667252 30.4438868, -97.6667262 30.4438718))",cutlery,green
cinema,Cinemark 20 and XD,"POLYGON ((-97.663081 30.448336, -97.663089 30.448325, -97.662975 30.448272, -97.663058 30.448136, -97.663085 30.448149, -97.663102 30.44812, -97.663171 30.448152, -97.66323 30.448056, -97.663204 30.448044, -97.66326 30.447952, -97.663237 30.447942, -97.663298 30.447843, -97.66327 30.44783, -97.663334 30.447727, -97.663312 30.447716, -97.663474 30.447452, -97.663491 30.44746, -97.663555 30.447356, -97.663586 30.44737, -97.663644 30.447275, -97.663662 30.447283, -97.663721 30.447186, -97.663748 30.447199, -97.663804 30.447108, -97.663729 30.447074, -97.663747 30.447045, -97.66372 30.447032, -97.663803 30.446897, -97.663914 30.446949, -97.663925 30.446931, -97.664208 30.447061, -97.664199 30.447075, -97.66432 30.447131, -97.664185 30.447351, -97.664107 30.447314, -97.664052 30.447404, -97.664089 30.447421, -97.66397 30.447614, -97.663974 30.447616, -97.663638 30.448163, -97.663606 30.448148, -97.663546 30.448247, -97.663627 30.448284, -97.663491 30.448504, -97.66337 30.448449, -97.66336 30.448465, -97.663081 30.448336))",film,red
restaurant,Chapala #2,"POLYGON ((-97.664718 30.444544, -97.664845 30.444603, -97.664798 30.444679, -97.664619 30.444595, -97.664661 30.444528, -97.664689 30.444541, -97.664695 30.444533, -97.664718 30.444544))",cutlery,green
place_of_worship,New Life Austin,"POLYGON ((-97.6980168 30.4371847, -97.6970481 30.4367055, -97.6973312 30.4362714, -97.6976506 30.4364255, -97.6976606 30.4364095, -97.6976736 30.4363955, -97.6976989 30.4363759, -97.6977046 30.4363715, -97.6977396 30.4363525, -97.6977786 30.4363415, -97.6978196 30.4363365, -97.6978606 30.4363395, -97.6979006 30.4363495, -97.6979366 30.4363675, -97.6979676 30.4363915, -97.6979926 30.4364195, -97.6980016 30.4364355, -97.6980156 30.4364695, -97.6980206 30.4365045, -97.6980166 30.4365405, -97.6980056 30.4365745, -97.6979926 30.4365955, -97.6982902 30.436742, -97.6983012 30.4367474, -97.6981606 30.4369647, -97.6980168 30.4371847))",institution,orange
restaurant,IHOP,"POLYGON ((-97.670612 30.433908, -97.670636 30.433782, -97.670611 30.433778, -97.670621 30.433725, -97.670643 30.433729, -97.670647 30.433707, -97.67062 30.433703, -97.670628 30.433659, -97.670674 30.433666, -97.670673 30.43367, -97.670882 30.4337, -97.670837 30.433941, -97.670612 30.433908))",cutlery,green
restaurant,Bill Miller Bar-B-Q,"POLYGON ((-97.6701716 30.4386925, -97.6701706 30.4386745, -97.6702036 30.4386735, -97.6702032 30.438659, -97.6702026 30.4386395, -97.6702506 30.4386385, -97.6702505 30.4386579, -97.6702516 30.4386735, -97.6703606 30.4386715, -97.6703616 30.4387285, -97.6703226 30.4387295, -97.6703226 30.4387495, -97.6702846 30.4387495, -97.6702866 30.4388035, -97.6703636 30.4388025, -97.6703656 30.4388875, -97.6701756 30.4388915, -97.6701716 30.4386925))",cutlery,green
restaurant,Buffalo Wild Wings,"POLYGON ((-97.6749403 30.4111528, -97.6749624 30.411158, -97.6749824 30.411094, -97.675265 30.4111596, -97.6752424 30.4112319, -97.6752663 30.4112374, -97.6752357 30.4113354, -97.6749324 30.4112649, -97.6749553 30.4111914, -97.6749301 30.4111856, -97.6749403 30.4111528))",cutlery,green
restaurant,Ho Ho Chinese B.B.Q.,"POLYGON ((-97.6756768 30.4102762, -97.6757016 30.4102513, -97.6756841 30.4102383, -97.6757204 30.4102018, -97.6757333 30.4102114, -97.6758064 30.4101379, -97.6758185 30.4101468, -97.6758245 30.4101408, -97.6758455 30.4101563, -97.6758534 30.4101484, -97.6759195 30.4101972, -97.6759115 30.4102052, -97.6759818 30.4102572, -97.6758753 30.4103642, -97.6759212 30.4103981, -97.6758875 30.4104321, -97.6756768 30.4102762))",cutlery,green
restaurant,Red Robin,"POLYGON ((-97.6752248 30.4107071, -97.6752358 30.4106781, -97.6752468 30.4106631, -97.6752708 30.4106521, -97.6752978 30.4106461, -97.6753178 30.4106511, -97.6753488 30.4106101, -97.6753868 30.4106321, -97.6754068 30.4106051, -97.6754138 30.4106051, -97.6754448 30.4106101, -97.6754818 30.4106261, -97.6755218 30.4106521, -97.6755368 30.4106681, -97.6755398 30.4106811, -97.6755238 30.4107031, -97.6755658 30.4107271, -97.6754348 30.4109071, -97.6753998 30.4108881, -97.6753938 30.4108961, -97.6753898 30.4109201, -97.6753538 30.4109181, -97.6753558 30.4108971, -97.6752558 30.4108401, -97.6752728 30.4108181, -97.6752198 30.4107881, -97.6752453 30.4107529, -97.6752289 30.4107357, -97.6752248 30.4107071))",cutlery,green
place_of_worship,BAPS Shri Swaminarayan Mandir,"POLYGON ((-97.693062 30.408863, -97.693056 30.408872, -97.693 30.408844, -97.69301 30.408829, -97.692873 30.408761, -97.69303 30.408523, -97.693508 30.40876, -97.693353 30.408995, -97.693068 30.408854, -97.693062 30.408863))",institution,orange
place_of_worship,Parmer Lane Baptist Church,"POLYGON ((-97.6879436 30.4102093, -97.6879248 30.4102048, -97.687919 30.4102229, -97.6878664 30.4102103, -97.687871 30.410196, -97.6878189 30.4101835, -97.687836 30.4101305, -97.6878144 30.4101253, -97.6878247 30.4100935, -97.6878453 30.4100985, -97.6878592 30.4100553, -97.6881128 30.4101161, -97.6880995 30.4101572, -97.6881232 30.4101629, -97.6881131 30.4101942, -97.6880949 30.4101898, -97.6880371 30.4103691, -97.6879024 30.4103368, -97.6879436 30.4102093))",institution,orange
place_of_worship,Thien Hau Temple,"POLYGON ((-97.679746 30.401965, -97.679749 30.401926, -97.679469 30.401911, -97.67948 30.401753, -97.679767 30.401768, -97.679769 30.401731, -97.6798522 30.401736, -97.6798322 30.4019708, -97.679746 30.401965))",institution,orange
restaurant,The Hideout Pub,"POLYGON ((-97.709663 30.412569, -97.709661 30.412568, -97.70971 30.412431, -97.709905 30.412484, -97.70986 30.412612, -97.709826 30.412603, -97.709823 30.412611, -97.709663 30.412569))",cutlery,green
cinema,IPIC Theaters,"POLYGON ((-97.7276 30.3965649, -97.727642 30.3964499, -97.727588 30.3964349, -97.727624 30.3963369, -97.727594 30.3963289, -97.727624 30.3962469, -97.727657 30.3962559, -97.727706 30.3961219, -97.727695 30.3961189, -97.727708 30.3960859, -97.727722 30.3960899, -97.727754 30.3960039, -97.727791 30.3960139, -97.727833 30.3958979, -97.727867 30.3959069, -97.727861 30.3959219, -97.728043 30.3959719, -97.728056 30.3959379, -97.728144 30.3959619, -97.728133 30.3959939, -97.728204 30.3960129, -97.728212 30.3959909, -97.728271 30.3960069, -97.728232 30.3961119, -97.728258 30.3961199, -97.728214 30.3962409, -97.728191 30.3962349, -97.728108 30.3964589, -97.728136 30.3964669, -97.728092 30.3965879, -97.728069 30.3965809, -97.728033 30.3966809, -97.728003 30.3966729, -97.728011 30.3966529, -97.727638 30.3965499, -97.72763 30.3965739, -97.7276 30.3965649))",film,red
restaurant,Lupe Tortilla,"POLYGON ((-97.733974 30.387071, -97.733895 30.387046, -97.733914 30.387001, -97.733845 30.386979, -97.73384 30.386989, -97.733784 30.386971, -97.733818 30.386889, -97.73378 30.386877, -97.733796 30.38684, -97.733834 30.386852, -97.73385 30.386814, -97.734104 30.386895, -97.734092 30.386922, -97.734153 30.386941, -97.734102 30.387063, -97.734113 30.387066, -97.734101 30.387096, -97.734035 30.387075, -97.734029 30.387089, -97.733974 30.387071))",cutlery,green
restaurant,BJ's,"POLYGON ((-97.732526 30.39236, -97.732369 30.392309, -97.732358 30.392334, -97.732179 30.392276, -97.732258 30.392093, -97.732269 30.392097, -97.732273 30.392086, -97.732417 30.392132, -97.732429 30.392104, -97.732439 30.392108, -97.732446 30.392099, -97.732454 30.392094, -97.732464 30.392091, -97.732477 30.392092, -97.732494 30.392102, -97.7325 30.392115, -97.7325 30.392127, -97.732489 30.392151, -97.732614 30.392192, -97.73254 30.392364, -97.732526 30.39236))",cutlery,green
place_of_worship,Saint Matthew's Episcopal Church,"POLYGON ((-97.756559 30.374937, -97.756533 30.374924, -97.756523 30.374939, -97.75644 30.374858, -97.756341 30.374808, -97.756258 30.37473, -97.756349 30.374596, -97.756318 30.37458, -97.75634 30.374547, -97.75637 30.374562, -97.756397 30.374523, -97.756446 30.374548, -97.756458 30.374529, -97.75663 30.374616, -97.756618 30.374633, -97.756729 30.37469, -97.756607 30.374871, -97.756663 30.374899, -97.756617 30.374966, -97.756559 30.374937))",institution,orange
place_of_worship,Westover Hills Church of Christ,"POLYGON ((-97.755198 30.376446, -97.75494 30.376319, -97.754982 30.376254, -97.75487 30.376199, -97.754799 30.376308, -97.754629 30.376226, -97.754806 30.375954, -97.754835 30.375969, -97.754848 30.375948, -97.754764 30.375907, -97.754796 30.375857, -97.754882 30.375899, -97.75489 30.375887, -97.754965 30.375924, -97.75499 30.375886, -97.754958 30.375777, -97.755 30.375768, -97.754996 30.375755, -97.755024 30.375751, -97.755016 30.375727, -97.755103 30.375705, -97.755098 30.375687, -97.755144 30.375674, -97.755133 30.375639, -97.755203 30.375623, -97.755216 30.375661, -97.755266 30.375648, -97.755272 30.375668, -97.755389 30.375639, -97.755394 30.375661, -97.755422 30.375655, -97.755426 30.375667, -97.755436 30.375665, -97.755462 30.375746, -97.755533 30.375781, -97.755512 30.375813, -97.755577 30.375845, -97.755554 30.375881, -97.755568 30.375888, -97.755526 30.375954, -97.755521 30.375952, -97.755498 30.375988, -97.75577 30.376121, -97.755676 30.376265, -97.755442 30.37615, -97.755395 30.376222, -97.755379 30.376214, -97.755221 30.376457, -97.755198 30.376446))",institution,orange
place_of_worship,Congregation Beth-El,"POLYGON ((-97.7459018 30.3829922, -97.7458898 30.3829752, -97.7458128 30.3830142, -97.7457568 30.3829302, -97.7457758 30.3829212, -97.7457518 30.3828852, -97.7458188 30.3828512, -97.7458238 30.3828582, -97.7458868 30.3828272, -97.7459378 30.3829022, -97.7459748 30.3828842, -97.7460528 30.3830002, -97.7459438 30.3830552, -97.7459018 30.3829922))",institution,orange
restaurant,1417 French Bistro,"POLYGON ((-97.754688 30.250208, -97.754383 30.250113, -97.754442 30.249971, -97.754666 30.25004, -97.754649 30.250083, -97.754733 30.250109, -97.754692 30.25021, -97.754688 30.250208))",cutlery,green
place_of_worship,Westlake United Methodist Church,"POLYGON ((-97.821286 30.295259, -97.821224 30.295228, -97.82126 30.295173, -97.821236 30.295158, -97.82108 30.295211, -97.821073 30.29525, -97.821006 30.295273, -97.820937 30.295227, -97.820901 30.295267, -97.820778 30.29516, -97.820812 30.295127, -97.820778 30.295106, -97.820795 30.294977, -97.820774 30.294975, -97.820776 30.294953, -97.82081 30.294904, -97.820857 30.294887, -97.820898 30.294915, -97.820988 30.29498, -97.821174 30.294917, -97.821216 30.295008, -97.821513 30.294907, -97.821799 30.295049, -97.821626 30.29531, -97.821588 30.295291, -97.821587 30.295293, -97.821524 30.295262, -97.821494 30.295308, -97.821434 30.295278, -97.821407 30.295319, -97.821286 30.295259))",institution,orange
restaurant,Kerbey Lane Cafe,"POLYGON ((-97.8272525 30.292311, -97.8272594 30.292243, -97.8272467 30.292242, -97.8272503 30.292207, -97.8272631 30.292208, -97.8272679 30.2921602, -97.8272888 30.2921618, -97.8272923 30.2921276, -97.8273967 30.2921354, -97.8273932 30.2921699, -97.8274483 30.2921741, -97.8274446 30.2922108, -97.8275559 30.2922192, -97.8275422 30.2923541, -97.8274477 30.2923469, -97.8274483 30.2923412, -97.827363 30.2923348, -97.827364 30.2923247, -97.8273461 30.2923233, -97.8273449 30.2923358, -97.8272704 30.2923302, -97.8272716 30.292318, -97.827257 30.2923169, -97.827256 30.2923262, -97.827251 30.2923258, -97.8272525 30.292311))",cutlery,green
place_of_worship,St. John Neumann Catholic Church,"POLYGON ((-97.8244644 30.2904856, -97.8244444 30.2904526, -97.8244844 30.2904336, -97.8244804 30.2904266, -97.8244714 30.2904306, -97.8243824 30.2902816, -97.8243974 30.2902746, -97.8243264 30.2902306, -97.8243024 30.2902586, -97.8242284 30.2902136, -97.8242414 30.2901966, -97.8242304 30.2901896, -97.8242334 30.2901866, -97.8242174 30.2901776, -97.8242304 30.2901616, -97.8242384 30.2901666, -97.8242824 30.2901056, -97.8242904 30.2901106, -97.8243364 30.2900546, -97.8243664 30.2900236, -97.8244094 30.2899906, -97.8244604 30.2899636, -97.8245184 30.2899436, -97.8245914 30.2899306, -97.8246714 30.2899266, -97.8247222 30.2899283, -97.8247894 30.2899306, -97.8248019 30.289931, -97.8248044 30.2900086, -97.8247954 30.2900086, -97.8247924 30.2901006, -97.8248064 30.2900946, -97.8248984 30.2902476, -97.8249314 30.2902336, -97.8249784 30.2903126, -97.8249104 30.2903426, -97.8249024 30.2903286, -97.8247974 30.2903756, -97.8247794 30.2903456, -97.8247494 30.2903726, -97.8247124 30.2903936, -97.8246734 30.2904056, -97.8246304 30.2904096, -97.8246434 30.2904316, -97.8245874 30.2904576, -97.8245934 30.2904676, -97.8245234 30.2904996, -97.8245274 30.2905066, -97.8244874 30.2905246, -97.8244644 30.2904856))",institution,orange
bar,Austin Eastciders,"POLYGON ((-97.761117 30.262082, -97.76111 30.262078, -97.761133 30.262028, -97.761151 30.261978, -97.761328 30.262037, -97.761324 30.262048, -97.761391 30.262082, -97.761381 30.262096, -97.761432 30.262122, -97.761402 30.262167, -97.761387 30.262159, -97.761369 30.262185, -97.761347 30.262197, -97.76132 30.262202, -97.761302 30.262201, -97.761283 30.262193, -97.761249 30.262243, -97.761154 30.262196, -97.761167 30.262176, -97.76113 30.262157, -97.76114 30.262142, -97.761118 30.262131, -97.761142 30.262094, -97.761117 30.262082))",beer,green
restaurant,Lou's Barton Springs,"POLYGON ((-97.761811 30.26233, -97.761872 30.262361, -97.76183 30.262422, -97.761845 30.26243, -97.761813 30.262478, -97.76179 30.262466, -97.761728 30.262557, -97.761575 30.262478, -97.761624 30.262407, -97.761589 30.262389, -97.76161 30.262358, -97.761644 30.262376, -97.761677 30.262327, -97.761653 30.262314, -97.761686 30.262266, -97.761811 30.26233))",cutlery,green
restaurant,Baby Acapulco,"POLYGON ((-97.762189 30.263199, -97.76222 30.263152, -97.762226 30.263154, -97.762337 30.262982, -97.762314 30.262971, -97.762352 30.262913, -97.762515 30.262992, -97.762342 30.263259, -97.762319 30.263248, -97.762316 30.263253, -97.762234 30.263213, -97.76223 30.263219, -97.762189 30.263199))",cutlery,green
restaurant,Casa de Luz,"POLYGON ((-97.761882 30.264251, -97.761788 30.2644, -97.761706 30.264361, -97.761691 30.264386, -97.76167 30.264376, -97.761659 30.264394, -97.761635 30.264383, -97.761577 30.264474, -97.7617 30.264533, -97.761617 30.264664, -97.761478 30.264597, -97.761492 30.264575, -97.761418 30.264539, -97.761628 30.264207, -97.76172 30.264251, -97.761738 30.264223, -97.761834 30.264268, -97.761854 30.264237, -97.761882 30.264251))",cutlery,green
restaurant,Chuy's,"POLYGON ((-97.763465 30.263901, -97.763347 30.264005, -97.763265 30.263936, -97.763308 30.263897, -97.763296 30.263887, -97.763265 30.263915, -97.763149 30.263816, -97.763112 30.263849, -97.763074 30.263816, -97.763209 30.263696, -97.763254 30.263735, -97.763259 30.26373, -97.763378 30.263831, -97.763406 30.263806, -97.763432 30.263828, -97.763406 30.263851, -97.763465 30.263901))",cutlery,green
theatre,Topfer Theatre,"POLYGON ((-97.757599 30.264207, -97.757577 30.264198, -97.757568 30.264213, -97.757457 30.264164, -97.757596 30.263924, -97.75762 30.263934, -97.757663 30.26386, -97.757772 30.263907, -97.757763 30.263923, -97.757799 30.263938, -97.757808 30.263922, -97.757853 30.263941, -97.757845 30.263955, -97.7580455 30.2640511, -97.7580175 30.2640891, -97.7580597 30.2641131, -97.757986 30.2642231, -97.757904 30.264345, -97.757837 30.264316, -97.757809 30.264364, -97.757688 30.264311, -97.757703 30.264285, -97.757666 30.264269, -97.757681 30.264243, -97.757599 30.264207))",film,red
bar,House Wine,"POLYGON ((-97.758854 30.261848, -97.758964 30.261901, -97.758958 30.261911, -97.758964 30.261914, -97.758916 30.26199, -97.758851 30.261959, -97.758865 30.261937, -97.758828 30.26192, -97.758841 30.261901, -97.758816 30.261889, -97.758845 30.261844, -97.758854 30.261848))",beer,green
bar,Barton Springs Saloon,"POLYGON ((-97.758682 30.261415, -97.758671 30.26141, -97.758738 30.261308, -97.758649 30.261264, -97.758679 30.261217, -97.758789 30.261271, -97.758803 30.26125, -97.758858 30.261277, -97.758845 30.261296, -97.758856 30.261301, -97.758814 30.261366, -97.758843 30.26138, -97.758807 30.261436, -97.758822 30.261447, -97.758804 30.261475, -97.758781 30.261465, -97.758754 30.261508, -97.758719 30.261491, -97.758747 30.261447, -97.758682 30.261415))",beer,green
restaurant,Carpenters Hall,"POLYGON ((-97.75893 30.262414, -97.758599 30.262257, -97.758625 30.262216, -97.758613 30.26221, -97.758699 30.262074, -97.758809 30.262127, -97.75877 30.262188, -97.75901 30.262303, -97.758983 30.262345, -97.759011 30.262358, -97.758991 30.262389, -97.758963 30.262376, -97.758936 30.262417, -97.75893 30.262414))",cutlery,green
theatre,Whisenhunt Stage,"POLYGON ((-97.7588432 30.2641954, -97.758865 30.264158, -97.758762 30.264105, -97.758769 30.264096, -97.758725 30.264074, -97.758704 30.26406, -97.758688 30.264038, -97.758684 30.264008, -97.758689 30.26399, -97.758821 30.263795, -97.759014 30.263893, -97.758966 30.263964, -97.758978 30.264002, -97.7590243 30.263993, -97.75904 30.26399, -97.759051 30.264035, -97.7590322 30.2640398, -97.759004 30.264047, -97.759027 30.264113, -97.7589389 30.2642451, -97.7588432 30.2641954))",film,red
restaurant,Juliet Italian Kitchen,"POLYGON ((-97.759997 30.261738, -97.759963 30.261722, -97.76003 30.261615, -97.760251 30.261719, -97.760185 30.261826, -97.759997 30.261738))",cutlery,green
cafe,Merit Coffee,"POLYGON ((-97.7615937 30.2552476, -97.7616428 30.2551623, -97.7617848 30.2552233, -97.7617357 30.2553086, -97.7615937 30.2552476))",coffee,green
pub,Gibson Street Bar,"POLYGON ((-97.7617879 30.2550894, -97.7617987 30.2550726, -97.7617818 30.2550645, -97.7618134 30.2550157, -97.7617877 30.2550033, -97.7618682 30.2548786, -97.762 30.2549421, -97.7619412 30.255033, -97.7619466 30.2550356, -97.7619263 30.2550672, -97.7619229 30.2550656, -97.7618914 30.2551143, -97.7618872 30.2551123, -97.7618748 30.2551314, -97.7617879 30.2550894))",beer,green
restaurant,Uchi,"POLYGON ((-97.759738 30.257642, -97.759657 30.257598, -97.759719 30.257512, -97.759666 30.257482, -97.759674 30.257471, -97.759598 30.257429, -97.759633 30.257381, -97.75979 30.257468, -97.759795 30.25746, -97.759902 30.257519, -97.759882 30.257547, -97.759896 30.257555, -97.759868 30.257594, -97.759852 30.257585, -97.759832 30.257612, -97.759808 30.257598, -97.759803 30.257605, -97.759782 30.257593, -97.759744 30.257645, -97.759738 30.257642))",cutlery,green
restaurant,Maudie's Tex-Mex,"POLYGON ((-97.762528 30.254635, -97.762593 30.254664, -97.762596 30.25466, -97.762785 30.254746, -97.762749 30.254806, -97.76277 30.254816, -97.762757 30.254838, -97.762734 30.254828, -97.762729 30.254836, -97.762719 30.254832, -97.762714 30.254839, -97.762637 30.254804, -97.762642 30.254795, -97.762477 30.254721, -97.762528 30.254635))",cutlery,green
restaurant,Ramen Tatsu-ya,"POLYGON ((-97.7634067 30.2539626, -97.7633581 30.2540386, -97.7633527 30.2540361, -97.7633423 30.2540524, -97.7631639 30.2539674, -97.7631699 30.253958, -97.7631368 30.2539423, -97.7631668 30.2538954, -97.7631734 30.2538985, -97.7631957 30.2538637, -97.7634067 30.2539626))",cutlery,green
library,Westbank Library,"POLYGON ((-97.811489 30.273851, -97.811493 30.273851, -97.811497 30.273888, -97.811537 30.273885, -97.811551 30.274004, -97.811581 30.274002, -97.811578 30.273972, -97.811751 30.273958, -97.811754 30.273987, -97.811822 30.273981, -97.811837 30.274117, -97.811524 30.274144, -97.811528 30.274183, -97.8114394 30.2741905, -97.811374 30.274196, -97.811369 30.274156, -97.811264 30.274165, -97.811249 30.274031, -97.811356 30.274021, -97.811338 30.273864, -97.811489 30.273851))",book,orange
place_of_worship,Shepherd of the Hills Lutheran Church,"POLYGON ((-97.8049828 30.2765203, -97.8050318 30.2764493, -97.8052678 30.2764023, -97.8052438 30.2763003, -97.8052898 30.2762913, -97.8053368 30.2762233, -97.8053198 30.2762143, -97.8053388 30.2761883, -97.8053118 30.2761743, -97.8053418 30.2761293, -97.8053668 30.2761423, -97.8054598 30.2760083, -97.8054558 30.2759963, -97.8055148 30.2759833, -97.8055198 30.2759963, -97.8055368 30.2760053, -97.8055458 30.2759923, -97.8055978 30.2759853, -97.8056488 30.2760113, -97.8056438 30.2760193, -97.8058802 30.2761425, -97.8057788 30.2762837, -97.8056098 30.2761936, -97.8056634 30.2762703, -97.8056473 30.2762816, -97.8056614 30.2763523, -97.8056902 30.2763581, -97.805703 30.2763969, -97.8056888 30.2764098, -97.805707 30.2764839, -97.8056742 30.2765128, -97.8055828 30.2765123, -97.8054598 30.2764483, -97.8054518 30.2764663, -97.8054068 30.2764763, -97.8053758 30.2764603, -97.8050548 30.2765183, -97.8050048 30.2765913, -97.8049528 30.2765643, -97.8049828 30.2765203))",institution,orange
place_of_worship,Solid Rock Missionary Baptist Church of Austin,"POLYGON ((-97.68422 30.256808, -97.684215 30.256805, -97.684208 30.256811, -97.684187 30.256796, -97.684196 30.256787, -97.684165 30.256764, -97.684229 30.256696, -97.684216 30.256687, -97.684235 30.256667, -97.684246 30.256676, -97.684319 30.256599, -97.684339 30.256613, -97.684375 30.256575, -97.684231 30.256473, -97.684262 30.25644, -97.684236 30.256422, -97.684283 30.256372, -97.684304 30.256387, -97.684329 30.256361, -97.684581 30.25654, -97.684478 30.256649, -97.684419 30.256607, -97.684382 30.256646, -97.684402 30.256661, -97.68427 30.256802, -97.6843 30.256824, -97.68428 30.256845, -97.684243 30.256819, -97.68424 30.256822, -97.68422 30.256808))",institution,orange
place_of_worship,Kingdom Hall of Jehovah's Witnesses,"POLYGON ((-97.6837601 30.2558592, -97.6838037 30.2557861, -97.6836742 30.2557285, -97.6836321 30.2557992, -97.6834946 30.2557381, -97.6836103 30.2555439, -97.6837344 30.255599, -97.6837784 30.2555251, -97.6839353 30.2555949, -97.6838907 30.2556698, -97.6840145 30.2557249, -97.6838978 30.2559205, -97.6837601 30.2558592))",institution,orange
place_of_worship,God's Power In Christian Fellowship,"POLYGON ((-97.659331 30.302355, -97.659275 30.302328, -97.659396 30.302142, -97.659568 30.302226, -97.659446 30.302414, -97.659423 30.302403, -97.659411 30.302421, -97.659376 30.302404, -97.659389 30.302384, -97.659331 30.302355))",institution,orange
restaurant,Elizabeth Street Cafe,"POLYGON ((-97.754765 30.249753, -97.754771 30.249755, -97.754764 30.249773, -97.754773 30.249776, -97.754752 30.249831, -97.754707 30.249818, -97.754686 30.249875, -97.754615 30.249855, -97.754628 30.249822, -97.754549 30.249799, -97.75457 30.249746, -97.754577 30.249748, -97.754585 30.249725, -97.754607 30.249731, -97.754615 30.24971, -97.754765 30.249753))",cutlery,green
restaurant,The Salty,"POLYGON ((-97.751993 30.244214, -97.752029 30.244112, -97.752163 30.244149, -97.752196 30.244059, -97.752254 30.244075, -97.752185 30.244266, -97.751993 30.244214))",cutlery,green
restaurant,Southside Flying Pizza,"POLYGON ((-97.7528297 30.2411182, -97.7528067 30.2411152, -97.7528277 30.2409952, -97.7529477 30.2410102, -97.7529427 30.2410402, -97.7529737 30.2410442, -97.7529577 30.2411352, -97.7529157 30.2411292, -97.7529117 30.2411512, -97.7528677 30.2411462, -97.7528707 30.2411232, -97.7528297 30.2411182))",cutlery,green
cafe,Teal House,"POLYGON ((-97.753026 30.239908, -97.753023 30.239907, -97.753067 30.239835, -97.753078 30.239839, -97.753088 30.239822, -97.753295 30.239913, -97.753262 30.239968, -97.753258 30.239966, -97.753242 30.239993, -97.753219 30.239983, -97.753213 30.239993, -97.753026 30.239908))",coffee,green
restaurant,Freddo ATX,"POLYGON ((-97.75363 30.239277, -97.753626 30.239281, -97.753569 30.239247, -97.753583 30.239229, -97.753534 30.239199, -97.753592 30.239126, -97.753642 30.239156, -97.753654 30.23914, -97.753714 30.239176, -97.753688 30.239209, -97.753758 30.239251, -97.753722 30.239296, -97.753668 30.239264, -97.753656 30.239279, -97.753637 30.239267, -97.75363 30.239277))",cutlery,green
cafe,The Meteor Cafe,"POLYGON ((-97.752421 30.242745, -97.752463 30.242676, -97.752476 30.242682, -97.752484 30.242668, -97.752673 30.242754, -97.752622 30.242837, -97.752421 30.242745))",coffee,green
restaurant,Habanero Mexican Cafe,"POLYGON ((-97.758163 30.241261, -97.758154 30.241257, -97.758225 30.241139, -97.758237 30.241145, -97.758249 30.241125, -97.758332 30.241163, -97.758249 30.2413, -97.758163 30.241261))",cutlery,green
place_of_worship,Trinity Abundant Life Church,"POLYGON ((-97.759923 30.237623, -97.759741 30.237535, -97.759736 30.237542, -97.759428 30.237393, -97.759517 30.237255, -97.759742 30.237364, -97.759757 30.237342, -97.759835 30.23738, -97.759823 30.237399, -97.75988 30.237426, -97.759887 30.237416, -97.760018 30.237479, -97.760001 30.237506, -97.760011 30.237511, -97.759935 30.237629, -97.759923 30.237623))",institution,orange
place_of_worship,Christ Lutheran Church,"POLYGON ((-97.747386 30.24773, -97.74745 30.247568, -97.747467 30.247573, -97.747523 30.247433, -97.747562 30.247445, -97.747569 30.247428, -97.747575 30.247429, -97.747578 30.247421, -97.74757 30.247419, -97.747645 30.247228, -97.747731 30.247254, -97.747715 30.247294, -97.747871 30.247341, -97.747797 30.247528, -97.74781 30.247532, -97.747802 30.247554, -97.747789 30.24755, -97.747762 30.247617, -97.747753 30.247614, -97.747744 30.247637, -97.747728 30.247632, -97.747649 30.247831, -97.747612 30.24782, -97.74762 30.2478, -97.747386 30.24773))",institution,orange
social_centre,VFW Post 8925,"POLYGON ((-97.6906308 30.1638925, -97.6906731 30.1639123, -97.6907417 30.1638028, -97.690733 30.1637987, -97.6907693 30.1637409, -97.6907522 30.1637329, -97.690778 30.1636919, -97.6907938 30.1636993, -97.6908018 30.1636864, -97.6910263 30.1637917, -97.690949 30.163915, -97.6909142 30.1638987, -97.6907922 30.1640934, -97.6907811 30.1640883, -97.690758 30.1641251, -97.690547 30.1640262, -97.6906308 30.1638925))",institution,orange
place_of_worship,Austin Buddhist Center - Aloko Udapadi,"POLYGON ((-97.6316579 30.170668, -97.6317379 30.170603, -97.6317292 30.170595, -97.631842 30.1705034, -97.6319339 30.170588, -97.6318711 30.170639, -97.631895 30.170661, -97.6318441 30.1707024, -97.6318409 30.1706995, -97.631762 30.1707637, -97.6316579 30.170668))",institution,orange
place_of_worship,Salem Lutheran Church,"POLYGON ((-97.6830653 30.1600198, -97.6830934 30.1600332, -97.6831795 30.1598975, -97.6831922 30.1599035, -97.6832083 30.159878, -97.6832548 30.1599001, -97.6832389 30.159925, -97.6832555 30.1599329, -97.6831441 30.1601083, -97.6831247 30.1600991, -97.6831087 30.1601242, -97.6830682 30.160105, -97.683084 30.16008, -97.6830682 30.1600725, -97.6830671 30.1600742, -97.6830392 30.160061, -97.6830653 30.1600198))",institution,orange
place_of_worship,Abiding Love Lutheran Church,"POLYGON ((-97.845803 30.217857, -97.845765 30.217863, -97.845758 30.217825, -97.84572 30.217803, -97.845744 30.217779, -97.845743 30.217775, -97.845695 30.217782, -97.845679 30.217701, -97.845996 30.217654, -97.846012 30.217734, -97.845902 30.21775, -97.845903 30.217753, -97.845934 30.21777, -97.845904 30.217803, -97.845912 30.217841, -97.845868 30.217847, -97.845844 30.21788, -97.845806 30.217857, -97.845803 30.217857))",institution,orange
restaurant,Kerbey Lane,"POLYGON ((-97.841353 30.2224821, -97.8414979 30.2225527, -97.8415257 30.2225101, -97.8415721 30.2225327, -97.8414414 30.2227331, -97.8414043 30.2227151, -97.8413874 30.2227411, -97.8413485 30.2227222, -97.8413364 30.2227163, -97.8413314 30.2227241, -97.841233 30.2226762, -97.8412558 30.2226413, -97.8412509 30.222639, -97.841353 30.2224821))",cutlery,green
restaurant,Chuy's,"POLYGON ((-97.841483 30.217844, -97.8414619 30.2178796, -97.8413589 30.2178341, -97.8413837 30.2177921, -97.8413317 30.2177691, -97.8413995 30.2176546, -97.8414296 30.2176679, -97.8414505 30.2176325, -97.8414915 30.2176507, -97.8415318 30.2175825, -97.8416711 30.217644, -97.8416627 30.2176581, -97.8416967 30.2176731, -97.8416844 30.2176939, -97.8417339 30.2177158, -97.8416616 30.2178379, -97.8416276 30.2178229, -97.8415877 30.2178902, -97.841483 30.217844))",cutlery,green
place_of_worship,St. Catherine of Siena Catholic Church,"POLYGON ((-97.849148 30.218338, -97.8491476 30.2183174, -97.849147 30.218289, -97.8493 30.218289, -97.8493 30.218111, -97.849457 30.218111, -97.849457 30.218153, -97.849502 30.218153, -97.849502 30.218074, -97.849604 30.217982, -97.849749 30.217982, -97.849856 30.218072, -97.849856 30.218198, -97.849754 30.21829, -97.849712 30.21829, -97.849712 30.218378, -97.8495274 30.218378, -97.849448 30.218378, -97.849473 30.218398, -97.849472 30.218445, -97.849446 30.21847, -97.849391 30.218469, -97.849366 30.218452, -97.849366 30.218468, -97.849351 30.218468, -97.849351 30.218337, -97.849148 30.218338))",institution,orange
restaurant,Lil' Doddy,"POLYGON ((-97.8434227 30.2229506, -97.8435653 30.2229785, -97.8435024 30.2232189, -97.8433598 30.2231911, -97.8434227 30.2229506))",cutlery,green
place_of_worship,Bethany Lutheran Church,"POLYGON ((-97.854802 30.185067, -97.854733 30.185034, -97.854743 30.185018, -97.854693 30.184994, -97.854682 30.185012, -97.854624 30.184984, -97.854658 30.184931, -97.854531 30.18487, -97.854576 30.184799, -97.854552 30.184787, -97.85457 30.184758, -97.854515 30.184732, -97.854633 30.184542, -97.854692 30.18457, -97.854818 30.18437, -97.855032 30.184471, -97.855097 30.184368, -97.855282 30.184457, -97.855216 30.184562, -97.855402 30.184651, -97.855326 30.184772, -97.855367 30.184791, -97.855344 30.184827, -97.855304 30.184808, -97.855288 30.184833, -97.855417 30.184894, -97.855387 30.184943, -97.855423 30.18496, -97.85539 30.185012, -97.855346 30.184991, -97.855331 30.185016, -97.855207 30.184957, -97.855189 30.184985, -97.855229 30.185004, -97.855207 30.18504, -97.855167 30.185021, -97.855092 30.18514, -97.854957 30.185076, -97.854923 30.18513, -97.854863 30.185101, -97.854875 30.185082, -97.854824 30.185057, -97.854814 30.185073, -97.854802 30.185067))",institution,orange
cafe,Dazzle Coffee,"POLYGON ((-97.621934 30.4407649, -97.6219333 30.4407187, -97.6219232 30.440719, -97.6219223 30.4406758, -97.6219755 30.4406755, -97.621977 30.4407659, -97.6219348 30.4407669, -97.621934 30.4407649))",coffee,green
place_of_worship,Saint Augustine's Orthodox Church,"POLYGON ((-97.618946 30.442567, -97.618989 30.442499, -97.618849 30.442432, -97.618889 30.44237, -97.619027 30.442436, -97.619038 30.44242, -97.619053 30.442427, -97.619055 30.442423, -97.61907 30.44243, -97.619066 30.442435, -97.619084 30.442443, -97.619147 30.442344, -97.619219 30.442379, -97.619124 30.442528, -97.61912 30.442526, -97.619101 30.442556, -97.619037 30.442525, -97.619031 30.442535, -97.619008 30.442524, -97.619013 30.442515, -97.619005 30.442511, -97.618987 30.44254, -97.619084 30.442586, -97.619062 30.442622, -97.618946 30.442567))",institution,orange
cafe,West Pecan Coffee + Beer,"POLYGON ((-97.6209527 30.4402715, -97.6209677 30.4402475, -97.6211367 30.4403285, -97.6210637 30.4404425, -97.6208957 30.4403615, -97.6209527 30.4402715))",coffee,green
place_of_worship,Shoreline Church,"POLYGON ((-97.785573 30.156977, -97.785507 30.156962, -97.785525 30.156899, -97.785544 30.156903, -97.785595 30.156732, -97.785521 30.156716, -97.785479 30.156642, -97.785521 30.156626, -97.785548 30.156676, -97.785608 30.156689, -97.785613 30.156672, -97.785658 30.156682, -97.785678 30.156614, -97.78599 30.156684, -97.785899 30.156991, -97.785904 30.156992, -97.785891 30.157036, -97.785586 30.156968, -97.785583 30.156979, -97.785573 30.156977))",institution,orange
library,Austin Public Library - Ruiz Branch,"POLYGON ((-97.707009 30.230043, -97.706993 30.230035, -97.706988 30.230043, -97.706937 30.230018, -97.706938 30.229969, -97.7068815 30.2299717, -97.70681 30.229975, -97.706805 30.229727, -97.70694 30.229725, -97.706938 30.229611, -97.70697 30.22961, -97.706972 30.229601, -97.706987 30.229588, -97.707008 30.22958, -97.707029 30.229585, -97.707046 30.229598, -97.707049 30.229609, -97.70708 30.229609, -97.707082 30.229726, -97.707305 30.229835, -97.707316 30.229817, -97.707391 30.229854, -97.707341 30.229932, -97.707284 30.229904, -97.707151 30.230111, -97.707077 30.230075, -97.707071 30.230083, -97.707048 30.230071, -97.707053 30.230064, -97.707009 30.230043))",book,orange
restaurant,Vinaigrette,"POLYGON ((-97.7519208 30.2413137, -97.7520249 30.2411851, -97.7521776 30.2412772, -97.7520735 30.2414059, -97.7519208 30.2413137))",cutlery,green
place_of_worship,Faith Presbyterian Church,"POLYGON ((-97.743089 30.234808, -97.743089 30.234792, -97.742964 30.234794, -97.742961 30.234671, -97.742968 30.23467, -97.742968 30.234654, -97.743082 30.234652, -97.743081 30.234621, -97.743193 30.234619, -97.743194 30.234666, -97.743226 30.234665, -97.743229 30.234788, -97.743201 30.234789, -97.743202 30.234837, -97.74309 30.234839, -97.743089 30.234808))",institution,orange
place_of_worship,Dunn's Memorial Baptist Church,"POLYGON ((-97.835754 30.204118, -97.835883 30.203917, -97.835912 30.203931, -97.835921 30.203916, -97.835956 30.203933, -97.835947 30.203948, -97.835977 30.203962, -97.835877 30.20412, -97.835923 30.204142, -97.835884 30.204204, -97.835743 30.204136, -97.835754 30.204118))",institution,orange
bar,The Tailor Shop,"POLYGON ((-97.780406 30.245453, -97.780304 30.24535, -97.780459 30.245235, -97.780598 30.245377, -97.780551 30.245411, -97.780573 30.245433, -97.780465 30.245513, -97.780406 30.245453))",beer,green
place_of_worship,The Church of Jesus Christ of Latter-day Saints,"POLYGON ((-97.735972 30.233194, -97.735967 30.233202, -97.735902 30.233172, -97.735911 30.233157, -97.735697 30.233057, -97.735702 30.233049, -97.73569 30.233043, -97.735726 30.232984, -97.735632 30.23294, -97.735694 30.23284, -97.735675 30.232831, -97.735694 30.232801, -97.735679 30.232794, -97.735752 30.232678, -97.735767 30.232685, -97.735773 30.232674, -97.735886 30.232727, -97.735877 30.232743, -97.735891 30.23275, -97.735849 30.232817, -97.736129 30.232948, -97.736119 30.232964, -97.736175 30.23299, -97.736141 30.233045, -97.736213 30.233078, -97.736138 30.233198, -97.736064 30.233163, -97.736051 30.233184, -97.736059 30.233187, -97.736051 30.233201, -97.736043 30.233197, -97.736038 30.233206, -97.736026 30.2332, -97.736019 30.233211, -97.735975 30.23319, -97.735972 30.233194))",institution,orange
restaurant,Denny's,"POLYGON ((-97.742595 30.233375, -97.742533 30.233348, -97.742523 30.233365, -97.742448 30.233331, -97.742458 30.233315, -97.742404 30.233291, -97.742453 30.233208, -97.742419 30.233193, -97.742451 30.23314, -97.742485 30.233154, -97.742532 30.233073, -97.742728 30.23316, -97.7426 30.233378, -97.742595 30.233375))",cutlery,green
place_of_worship,South Austin Apostolic Church,"POLYGON ((-97.7505365 30.2368793, -97.7504655 30.236833, -97.7504865 30.2368091, -97.7504557 30.236789, -97.7507075 30.2365005, -97.7508267 30.2365781, -97.7508006 30.236608, -97.750819 30.23662, -97.7505934 30.2368786, -97.7505575 30.2368552, -97.7505365 30.2368793))",institution,orange
cafe,Starbucks,"POLYGON ((-97.742452 30.233728, -97.742265 30.233676, -97.742287 30.233614, -97.742318 30.233623, -97.742321 30.233615, -97.742354 30.233624, -97.742351 30.233632, -97.742448 30.233659, -97.742472 30.233692, -97.742458 30.23373, -97.742452 30.233728))",coffee,green
restaurant,Don Juan,"POLYGON ((-97.73549 30.216074, -97.735528 30.215863, -97.735684 30.215884, -97.735647 30.216095, -97.73549 30.216074))",cutlery,green
place_of_worship,Heights Assembly of God,"POLYGON ((-97.734129 30.218361, -97.734128 30.218202, -97.734041 30.218202, -97.73404 30.218077, -97.734283 30.218077, -97.734283 30.218147, -97.734331 30.218147, -97.734331 30.218162, -97.734409 30.218161, -97.734409 30.218264, -97.734503 30.218264, -97.734503 30.218346, -97.734383 30.218346, -97.734383 30.218362, -97.734366 30.218362, -97.734366 30.218429, -97.734266 30.21843, -97.734266 30.218389, -97.734251 30.218389, -97.734251 30.218356, -97.734153 30.218356, -97.734153 30.218365, -97.734129 30.218365, -97.734129 30.218361))",institution,orange
place_of_worship,Korean Baptist Church,"POLYGON ((-97.743334 30.223906, -97.743301 30.223822, -97.743307 30.22382, -97.743262 30.223705, -97.743121 30.223747, -97.743096 30.223684, -97.743032 30.223702, -97.743005 30.223635, -97.742854 30.223679, -97.742793 30.223524, -97.742947 30.223479, -97.742956 30.223502, -97.74302 30.223483, -97.743036 30.223525, -97.743211 30.223473, -97.743227 30.223515, -97.743269 30.223502, -97.743309 30.223604, -97.743358 30.223571, -97.743365 30.22359, -97.743317 30.223625, -97.743318 30.223627, -97.743353 30.223617, -97.743404 30.223747, -97.74332 30.223772, -97.743376 30.223916, -97.743342 30.223926, -97.743334 30.223906))",institution,orange
place_of_worship,Southwest Church of Christ,"POLYGON ((-97.818502 30.184072, -97.818522 30.184067, -97.818505 30.183965, -97.818526 30.183859, -97.818497 30.183845, -97.818513 30.18382, -97.818488 30.183808, -97.818546 30.183715, -97.818571 30.183727, -97.818586 30.183702, -97.818621 30.183717, -97.818699 30.183654, -97.818807 30.183609, -97.818786 30.183548, -97.818912 30.183515, -97.818956 30.183641, -97.819005 30.183628, -97.818983 30.183566, -97.819176 30.183515, -97.819269 30.183784, -97.819079 30.183834, -97.819024 30.183675, -97.81897 30.183689, -97.819092 30.184038, -97.818488 30.184197, -97.818449 30.184086, -97.818502 30.184072))",institution,orange
place_of_worship,Risen Savior Evangelical Lutheran Church,"POLYGON ((-97.8372675 30.1797263, -97.8372638 30.1797264, -97.8372638 30.1797194, -97.8372208 30.1797214, -97.8372198 30.1796994, -97.8372098 30.1796994, -97.8372058 30.1796344, -97.8372228 30.1796334, -97.8372218 30.1796104, -97.8372578 30.1796094, -97.8372568 30.1796034, -97.8373918 30.1795984, -97.8373918 30.1795894, -97.8375258 30.1795844, -97.8375268 30.1796084, -97.8375338 30.1796084, -97.8375388 30.1796984, -97.8375328 30.1796984, -97.8375338 30.1797254, -97.8374237 30.1797296, -97.8374008 30.1797304, -97.8373998 30.1797214, -97.8372675 30.1797263))",institution,orange
restaurant,Broken Spoke;The Broken Spoke,"POLYGON ((-97.785143 30.241064, -97.785121 30.241038, -97.785148 30.241021, -97.785127 30.240996, -97.78513 30.240994, -97.784972 30.240802, -97.785189 30.240667, -97.785298 30.2408, -97.785302 30.240797, -97.785309 30.240806, -97.785306 30.240808, -97.78532 30.240824, -97.785352 30.240804, -97.785358 30.240811, -97.785401 30.240784, -97.785422 30.240811, -97.785425 30.240809, -97.785446 30.240834, -97.785424 30.240876, -97.785427 30.24088, -97.785409 30.240891, -97.785415 30.240898, -97.785405 30.240905, -97.78542 30.240924, -97.785342 30.240972, -97.785354 30.240987, -97.785312 30.241013, -97.7853 30.240999, -97.785288 30.241006, -97.785299 30.24102, -97.785269 30.241038, -97.785259 30.241025, -97.785161 30.241086, -97.785143 30.241064))",cutlery,green
restaurant,Red Lobster,"POLYGON ((-97.789656 30.237458, -97.78975 30.237561, -97.789694 30.2376, -97.789775 30.237687, -97.789771 30.237689, -97.789783 30.237703, -97.789773 30.23771, -97.789777 30.237716, -97.789713 30.237761, -97.789707 30.237755, -97.789696 30.237762, -97.789685 30.23775, -97.789677 30.237756, -97.78964 30.237716, -97.789614 30.237734, -97.789621 30.237742, -97.789575 30.237774, -97.789568 30.237767, -97.789548 30.237781, -97.789363 30.23758, -97.789554 30.237447, -97.7896 30.237497, -97.789656 30.237458))",cutlery,green
restaurant,Pluckers Wing Bar,"POLYGON ((-97.7907 30.236671, -97.790857 30.236563, -97.791009 30.23673, -97.790841 30.236845, -97.790857 30.236863, -97.790799 30.236903, -97.790778 30.236879, -97.790776 30.236881, -97.790672 30.236767, -97.790736 30.236724, -97.790692 30.236676, -97.7907 30.236671))",cutlery,green
place_of_worship,Bannockburn Church,"POLYGON ((-97.831442 30.212788, -97.831456 30.212767, -97.831414 30.212632, -97.83138 30.212616, -97.831456 30.212495, -97.831452 30.212493, -97.831476 30.212454, -97.83163 30.212419, -97.831658 30.212373, -97.831666 30.212377, -97.83175 30.212244, -97.831785 30.212261, -97.831865 30.212133, -97.832112 30.212251, -97.832033 30.212376, -97.831932 30.212328, -97.831849 30.212459, -97.831835 30.212452, -97.831786 30.212529, -97.831793 30.212532, -97.83184 30.212671, -97.831837 30.212676, -97.831863 30.212688, -97.831744 30.212875, -97.831652 30.212899, -97.831436 30.212798, -97.831442 30.212788))",institution,orange
place_of_worship,St. Christopher’s Episcopal Church,"POLYGON ((-97.890266 30.258908, -97.890303 30.258914, -97.890296 30.258944, -97.890302 30.258946, -97.8903 30.258952, -97.890305 30.258955, -97.890298 30.258962, -97.890384 30.259075, -97.890375 30.259081, -97.890382 30.25909, -97.890296 30.259137, -97.890228 30.259046, -97.890125 30.259027, -97.890158 30.258889, -97.890266 30.258908))",institution,orange
place_of_worship,Unity Church of Austin,"POLYGON ((-97.8414962 30.235379, -97.8415064 30.2353794, -97.8415064 30.2353674, -97.8415414 30.2353674, -97.8415414 30.2353784, -97.8416614 30.2353794, -97.8416604 30.2355574, -97.8416834 30.2355574, -97.8416834 30.2355624, -97.8417064 30.2355634, -97.8417094 30.2355684, -97.8417184 30.2355844, -97.8417214 30.2356024, -97.8417204 30.2356214, -97.8417144 30.2356384, -97.8417054 30.2356534, -97.8416824 30.2356524, -97.8416824 30.2356614, -97.8414974 30.2356604, -97.8414974 30.2356584, -97.8414244 30.2356574, -97.8414244 30.2355984, -97.8414344 30.2355984, -97.8414344 30.2354784, -97.8413844 30.2354784, -97.8413804 30.2354784, -97.8413814 30.2353774, -97.8414746 30.2353787, -97.8414962 30.235379))",institution,orange
place_of_worship,Christian Life Church,"POLYGON ((-97.80157 30.229109, -97.801734 30.228857, -97.801667 30.228824, -97.801761 30.228679, -97.801831 30.228714, -97.801855 30.228676, -97.8023812 30.2289362, -97.8022413 30.2291505, -97.8022631 30.2291612, -97.8021154 30.2293603, -97.8019155 30.2292623, -97.801907 30.229274, -97.80157 30.229109))",institution,orange
restaurant,CAVA,"POLYGON ((-97.82053 30.227918, -97.820561 30.22787, -97.82053 30.227855, -97.820576 30.227786, -97.820607 30.227802, -97.82061 30.227798, -97.820686 30.227836, -97.8206897 30.2278312, -97.8208311 30.2279048, -97.8208524 30.2279008, -97.8208655 30.2279465, -97.8208207 30.2279598, -97.820812 30.227972, -97.820732 30.228093, -97.820548 30.228001, -97.82058 30.227953, -97.820525 30.227926, -97.82053 30.227918))",cutlery,green
restaurant,BJ's,"POLYGON ((-97.816833 30.2317877, -97.8167726 30.2317561, -97.816793 30.231726, -97.81667 30.231665, -97.816776 30.231505, -97.816932 30.231583, -97.816955 30.231548, -97.816993 30.231567, -97.817022 30.231523, -97.817083 30.231553, -97.817046 30.231609, -97.81712 30.231646, -97.817002 30.231823, -97.816992 30.231819, -97.816988 30.231825, -97.816855 30.231758, -97.816833 30.2317877))",cutlery,green
place_of_worship,Sunrise Community Church,"POLYGON ((-97.789724 30.228755, -97.789744 30.228765, -97.789757 30.228745, -97.789934 30.228836, -97.789898 30.22889, -97.789637 30.228758, -97.7896 30.228812, -97.789677 30.228851, -97.789602 30.228961, -97.789523 30.228921, -97.789593 30.228818, -97.789581 30.228811, -97.789503 30.228928, -97.789454 30.228929, -97.789434 30.228959, -97.789374 30.228929, -97.789401 30.228889, -97.789365 30.228861, -97.789392 30.228821, -97.789342 30.228795, -97.789448 30.228627, -97.789724 30.228755))",institution,orange
restaurant,Matt's El Rancho,"POLYGON ((-97.779323 30.245321, -97.779266 30.245267, -97.77923 30.245295, -97.779161 30.24523, -97.779113 30.245269, -97.778999 30.245162, -97.779074 30.245102, -97.779038 30.245069, -97.779185 30.244951, -97.779254 30.245016, -97.779356 30.244934, -97.779434 30.245008, -97.779323 30.245097, -97.779392 30.245161, -97.779402 30.245153, -97.779419 30.245169, -97.779451 30.245143, -97.779529 30.245217, -97.779358 30.245354, -97.779323 30.245321))",cutlery,green
restaurant,Applebee's,"POLYGON ((-97.767363 30.192851, -97.767308 30.192816, -97.76731 30.192813, -97.767253 30.192778, -97.767343 30.192668, -97.767636 30.192845, -97.767543 30.192961, -97.767521 30.192947, -97.767505 30.192967, -97.767407 30.192907, -97.767423 30.192887, -97.767363 30.192851))",cutlery,green
library,Austin Public Library - Hampton Branch at Oak Hill,"POLYGON ((-97.855005 30.217771, -97.854977 30.217778, -97.854949 30.217695, -97.854938 30.217698, -97.85491 30.217615, -97.854869 30.217595, -97.854878 30.217581, -97.854841 30.217512, -97.854873 30.217464, -97.854868 30.21745, -97.855062 30.217401, -97.85518 30.217759, -97.855094 30.21778, -97.855095 30.217785, -97.855057 30.217795, -97.855045 30.217761, -97.855005 30.217771))",book,orange
place_of_worship,The Church of Jesus Christ of Latter-day Saints,"POLYGON ((-97.855238 30.219, -97.855305 30.218896, -97.855285 30.218886, -97.855327 30.218821, -97.855349 30.218831, -97.855588 30.218458, -97.855925 30.218618, -97.855842 30.218754, -97.855689 30.218993, -97.855698 30.218998, -97.855654 30.219067, -97.855644 30.219061, -97.855568 30.219179, -97.855228 30.219015, -97.855238 30.219))",institution,orange
cafe,The Hive,"POLYGON ((-97.8294128 30.1654843, -97.8294038 30.1654893, -97.8293398 30.1653993, -97.8294648 30.1653323, -97.8294498 30.1653113, -97.8295088 30.1652803, -97.8295238 30.1653023, -97.8295398 30.1652943, -97.8296248 30.1654153, -97.8296698 30.1653913, -97.8297038 30.1654393, -97.8296578 30.1654633, -97.8296718 30.1654843, -97.8295798 30.1655333, -97.8294968 30.1654163, -97.8294568 30.1654373, -97.8294688 30.1654553, -97.8294128 30.1654843))",coffee,green
pub,South Austin Beer Garden,"POLYGON ((-97.8311685 30.1640683, -97.8314039 30.1641677, -97.8313378 30.1642847, -97.831451 30.1643325, -97.8314319 30.1643665, -97.8310832 30.1642192, -97.8311685 30.1640683))",beer,green
place_of_worship,Kingdom Hall of Jehovah's Witnesses,"POLYGON ((-97.832323 30.162748, -97.832253 30.162708, -97.832275 30.162679, -97.832109 30.162586, -97.832199 30.162465, -97.832503 30.162636, -97.832413 30.162757, -97.832345 30.162718, -97.832323 30.162748))",institution,orange
place_of_worship,Southwest Christian Church,"POLYGON ((-97.831379 30.166805, -97.831121 30.166811, -97.831115 30.166643, -97.831468 30.166634, -97.83146 30.166403, -97.831619 30.166399, -97.831634 30.166809, -97.831548 30.166811, -97.831548 30.166823, -97.83147 30.166825, -97.83147 30.166802, -97.831379 30.166805))",institution,orange
place_of_worship,Living Faith Baptist Church,"POLYGON ((-97.8007947 30.1852327, -97.800669 30.1852203, -97.8006899 30.1850619, -97.8009954 30.1850921, -97.8009746 30.1852499, -97.8008953 30.1852421, -97.8008897 30.185284, -97.8007893 30.185274, -97.8007947 30.1852327))",institution,orange
place_of_worship,Beacon Ridge Baptist Church,"POLYGON ((-97.795716 30.180366, -97.795787 30.18027, -97.795925 30.180346, -97.795937 30.180329, -97.79605 30.180392, -97.796038 30.180408, -97.796065 30.180423, -97.79595 30.180578, -97.795686 30.180432, -97.795729 30.180373, -97.795716 30.180366))",institution,orange
music_venue,The Far Out Lounge and Stage,"POLYGON ((-97.7857558 30.1727704, -97.7856113 30.1727382, -97.7856478 30.1726157, -97.7857122 30.17263, -97.7857111 30.1726336, -97.7857028 30.1726617, -97.7857892 30.172681, -97.7857839 30.1726989, -97.7857924 30.1727008, -97.7857887 30.1727132, -97.7858261 30.1727215, -97.7858094 30.1727774, -97.7858766 30.1727923, -97.7858564 30.1728602, -97.7857641 30.1728396, -97.7857829 30.1727765, -97.7857558 30.1727704))",music,red
restaurant,Nala's,"POLYGON ((-97.8136418 30.2342427, -97.8136378 30.2342087, -97.8136608 30.2342067, -97.8136558 30.2341637, -97.8138018 30.2341507, -97.8138028 30.2341407, -97.8138078 30.2341327, -97.8138168 30.2341257, -97.8138268 30.2341227, -97.8138448 30.2341257, -97.8138568 30.2341377, -97.8138598 30.2341467, -97.8138578 30.2341567, -97.8138518 30.2341647, -97.8138418 30.2341707, -97.8138448 30.2341967, -97.8138538 30.2341957, -97.8138628 30.2342707, -97.8138548 30.2342717, -97.8138598 30.2343157, -97.8136608 30.2343327, -97.8136508 30.2342417, -97.8136418 30.2342427))",cutlery,green
restaurant,Taqueria Chapala,"POLYGON ((-97.855378 30.2357789, -97.855378 30.2357764, -97.855378 30.2357739, -97.855436 30.2357739, -97.855436 30.2357789, -97.855457 30.2357789, -97.855458 30.2358989, -97.855235 30.2359019, -97.855233 30.2357809, -97.855378 30.2357789))",cutlery,green
place_of_worship,Western Hills Church of Christ,"POLYGON ((-97.8554137 30.2367814, -97.8554207 30.2371439, -97.8549657 30.2371504, -97.8549587 30.2367879, -97.8554137 30.2367814))",institution,orange
place_of_worship,Holy Cross Lutheran Church,"POLYGON ((-97.805964 30.232668, -97.80589 30.232825, -97.805764 30.23278, -97.805837 30.232624, -97.805964 30.232668))",institution,orange
place_of_worship,Kingdom Hall,"POLYGON ((-97.775952 30.222184, -97.775989 30.222124, -97.775952 30.222107, -97.776094 30.22188, -97.776246 30.221951, -97.776103 30.222179, -97.776069 30.222163, -97.776025 30.222234, -97.775944 30.222196, -97.775952 30.222184))",institution,orange
library,Austin Public Library - Pleasant Hill Branch,"POLYGON ((-97.776916 30.1923, -97.776927 30.192251, -97.777165 30.192119, -97.777443 30.192163, -97.777431 30.192223, -97.777193 30.192358, -97.776914 30.192314, -97.776916 30.1923))",book,orange
place_of_worship,Pleasant Hill Baptist Church,"POLYGON ((-97.777077 30.191048, -97.777039 30.191042, -97.777088 30.190843, -97.777219 30.190867, -97.777203 30.190929, -97.777268 30.190941, -97.777277 30.190907, -97.777653 30.190977, -97.777657 30.19096, -97.777787 30.190984, -97.777778 30.191025, -97.777807 30.19103, -97.777779 30.191145, -97.777742 30.191148, -97.777724 30.191118, -97.777612 30.191097, -97.777617 30.191077, -97.777321 30.191022, -97.777311 30.191063, -97.77724 30.19105, -97.777259 30.190971, -97.777196 30.190959, -97.777195 30.190967, -97.77721 30.19097, -97.7772 30.191011, -97.777185 30.191009, -97.777171 30.191066, -97.777077 30.191048))",institution,orange
place_of_worship,High Pointe Baptist Church,"POLYGON ((-97.653545 30.383881, -97.653541 30.383859, -97.653475 30.383868, -97.653448 30.383722, -97.653518 30.383712, -97.653481 30.383508, -97.653542 30.383499, -97.653535 30.383458, -97.653592 30.38345, -97.6535734 30.383349, -97.653568 30.38332, -97.653698 30.383303, -97.6537055 30.3833441, -97.653721 30.38343, -97.653777 30.383422, -97.653784 30.383462, -97.653847 30.383454, -97.653886 30.383665, -97.653975 30.383653, -97.654001 30.383796, -97.653911 30.383809, -97.653937 30.383947, -97.653566 30.383998, -97.653545 30.383881))",institution,orange
place_of_worship,Our Savior Lutheran Church,"POLYGON ((-97.651948 30.3870013, -97.651927 30.3867873, -97.651909 30.3867893, -97.651905 30.3867453, -97.651808 30.3867523, -97.6518 30.3866693, -97.65175 30.3866723, -97.651748 30.3866443, -97.651802 30.3866403, -97.651763 30.3862383, -97.652124 30.3862123, -97.652155 30.3865393, -97.65218 30.3865373, -97.652183 30.3865623, -97.652157 30.3865643, -97.652172 30.3867243, -97.652088 30.3867303, -97.652092 30.3867763, -97.652085 30.3867773, -97.652103 30.3869713, -97.652094 30.3869723, -97.652098 30.3870183, -97.652014 30.3870253, -97.652012 30.3870063, -97.651949 30.3870103, -97.651948 30.3870013))",institution,orange
restaurant,Taqueria la Escondida #3,"POLYGON ((-97.781204 30.2270662, -97.781341 30.2271326, -97.7812784 30.2272387, -97.7811407 30.2271705, -97.781204 30.2270662))",cutlery,green
restaurant,La Catedral del Marisco #3,"POLYGON ((-97.7535348 30.2151395, -97.7535298 30.2151475, -97.7535094 30.2151379, -97.7535145 30.2151299, -97.7533403 30.2150479, -97.7533832 30.2149797, -97.7534469 30.2150097, -97.7534519 30.2150017, -97.7536224 30.2150819, -97.7536163 30.2150917, -97.7536909 30.2151268, -97.7536491 30.2151932, -97.7535348 30.2151395))",cutlery,green
restaurant,Buffalo Wild Wings,"POLYGON ((-97.7675 30.196895, -97.767547 30.196836, -97.767522 30.196821, -97.767592 30.196735, -97.767618 30.196751, -97.76765 30.196712, -97.767784 30.196793, -97.767751 30.196833, -97.767863 30.196901, -97.767813 30.196962, -97.767833 30.196974, -97.76781 30.197003, -97.76779 30.19699, -97.767746 30.197045, -97.7675 30.196895))",cutlery,green
restaurant,Dimassi's Mediterranean Buffet,"POLYGON ((-97.765582 30.198264, -97.765576 30.198242, -97.765393 30.198131, -97.765418 30.1981, -97.765377 30.198075, -97.765412 30.198032, -97.765382 30.198014, -97.765444 30.197937, -97.765471 30.197953, -97.765505 30.197909, -97.765578 30.197953, -97.765596 30.197931, -97.765645 30.19796, -97.765636 30.197971, -97.76572 30.198022, -97.765688 30.198063, -97.765691 30.198065, -97.7656756 30.1980845, -97.765604 30.198175, -97.765621 30.198185, -97.765619 30.198187, -97.765659 30.198209, -97.765649 30.198219, -97.765656 30.198243, -97.765639 30.198246, -97.765644 30.198272, -97.765586 30.19828, -97.765582 30.198264))",cutlery,green
cinema,Regal Metropolitan Stadium 14,"POLYGON ((-97.769256 30.198372, -97.769496 30.198175, -97.769486 30.198165, -97.769538 30.198103, -97.769621 30.198012, -97.769697 30.197924, -97.769684 30.197906, -97.769681 30.197894, -97.769683 30.197882, -97.769694 30.197868, -97.769709 30.19786, -97.76973 30.197859, -97.769745 30.197866, -97.769758 30.197877, -97.769762 30.197894, -97.769759 30.197913, -97.769749 30.197926, -97.769732 30.197935, -97.769756 30.197958, -97.770009 30.197748, -97.769992 30.197732, -97.770119 30.197627, -97.770454 30.197933, -97.769412 30.198792, -97.769078 30.198487, -97.769214 30.198375, -97.769233 30.198392, -97.769256 30.198372))",film,red
restaurant,Trudy's South Star,"POLYGON ((-97.76698 30.197409, -97.766969 30.197413, -97.766929 30.197333, -97.766937 30.19733, -97.766933 30.197321, -97.766879 30.197341, -97.766823 30.19723, -97.766841 30.197192, -97.766894 30.197172, -97.766885 30.197154, -97.767021 30.197102, -97.767034 30.197127, -97.767038 30.197112, -97.767047 30.197098, -97.767065 30.19708, -97.767089 30.197068, -97.767116 30.197063, -97.767144 30.197066, -97.767161 30.197072, -97.767183 30.197086, -97.767199 30.197105, -97.767207 30.197128, -97.767207 30.197152, -97.767199 30.197175, -97.767182 30.197194, -97.7672759 30.1971584, -97.767314 30.197144, -97.767357 30.197229, -97.7673156 30.1972447, -97.767249 30.19727, -97.76726 30.197291, -97.767212 30.197309, -97.767231 30.197346, -97.767167 30.19737, -97.767181 30.197399, -97.767086 30.197435, -97.767058 30.197379, -97.76698 30.197409))",cutlery,green
place_of_worship,St. Andrew Kim Taegon Korean Church,"POLYGON ((-97.79279 30.200955, -97.792873 30.200825, -97.7928264 30.2008029, -97.792797 30.200789, -97.792804 30.200778, -97.792722 30.200739, -97.792773 30.200661, -97.792502 30.200529, -97.792583 30.200404, -97.792874 30.200546, -97.792806 30.200651, -97.792813 30.200654, -97.792766 30.20073, -97.792818 30.200754, -97.792828 30.200739, -97.792857 30.2007523, -97.792904 30.200774, -97.793 30.20062, -97.793205 30.200717, -97.792993 30.201054, -97.792789 30.200957, -97.79279 30.200955))",institution,orange
restaurant,Moreno's BBQ,"POLYGON ((-97.798434 30.215177, -97.798487 30.215119, -97.7985492 30.2151608, -97.798649 30.215228, -97.798596 30.215287, -97.798434 30.215177))",cutlery,green
restaurant,El secreto de abuela #2,"POLYGON ((-97.7983639 30.215422, -97.7983609 30.21542, -97.7984159 30.215357, -97.7985079 30.215417, -97.7984529 30.21548, -97.7983639 30.215422))",cutlery,green
restaurant,Slab BBQ & Beer,"POLYGON ((-97.826522 30.22071, -97.826568 30.220634, -97.826632 30.220663, -97.82663 30.220666, -97.826665 30.220682, -97.826621 30.220755, -97.826522 30.22071))",cutlery,green
place_of_worship,Oak Hill Bible Church,"POLYGON ((-97.85457 30.234831, -97.854466 30.234829, -97.854467 30.234738, -97.854779 30.234742, -97.854777 30.234836, -97.854684 30.234834, -97.854684 30.234878, -97.854641 30.234877, -97.854642 30.234832, -97.85457 30.234831))",institution,orange
place_of_worship,Shephard of the Hills Presbyterian Church in Oak Hill,"POLYGON ((-97.851978 30.225562, -97.851972 30.225561, -97.851978 30.225536, -97.851936 30.225527, -97.851952 30.225469, -97.851791 30.225436, -97.851839 30.225257, -97.852001 30.22529, -97.852065 30.225052, -97.852139 30.225067, -97.852147 30.22504, -97.852207 30.225052, -97.852213 30.22503, -97.852362 30.225061, -97.852301 30.225286, -97.85224 30.225274, -97.852231 30.225306, -97.85215 30.225289, -97.85214 30.225324, -97.852165 30.225329, -97.852155 30.225365, -97.852133 30.225361, -97.852128 30.225376, -97.852188 30.225388, -97.852156 30.225508, -97.852096 30.225496, -97.852067 30.225604, -97.851996 30.22559, -97.852002 30.225567, -97.851978 30.225562))",institution,orange
place_of_worship,Beautiful Savior Lutheran Church,"POLYGON ((-97.7510367 30.1769182, -97.7511754 30.1766855, -97.7515398 30.1768478, -97.751401 30.1770805, -97.7510367 30.1769182))",institution,orange
place_of_worship,Oak Meadow Baptist Church,"POLYGON ((-97.77216 30.186356, -97.771916 30.186218, -97.7718549 30.1863027, -97.771845 30.186314, -97.771718 30.186243, -97.7717397 30.1862168, -97.771794 30.186141, -97.771527 30.185991, -97.77155 30.18596, -97.771516 30.185941, -97.771537 30.185914, -97.77157 30.185932, -97.771655 30.185817, -97.771621 30.185798, -97.771643 30.185769, -97.771676 30.185788, -97.77168 30.185783, -97.771653 30.185768, -97.771674 30.18574, -97.771648 30.185726, -97.771684 30.185678, -97.771731 30.185705, -97.771694 30.185754, -97.771706 30.18576, -97.771745 30.185708, -97.771877 30.185782, -97.771834 30.185839, -97.772372 30.186142, -97.772197 30.186376, -97.77216 30.186356))",institution,orange
social_centre,Heroes Night Out,"POLYGON ((-97.8126097 30.4975549, -97.8126381 30.497543, -97.8126032 30.4974811, -97.8127617 30.4974147, -97.8128179 30.4975143, -97.812845 30.4975029, -97.8128773 30.4975601, -97.8128507 30.4975712, -97.8129093 30.4976751, -97.8127501 30.4977418, -97.812748 30.497738, -97.8127196 30.4977499, -97.8126097 30.4975549))",institution,orange
restaurant,Chili's,"POLYGON ((-97.791423 30.157681, -97.79131 30.157657, -97.791308 30.157665, -97.79116 30.157633, -97.791174 30.157582, -97.7911574 30.1575785, -97.7911738 30.157522, -97.791191 30.157525, -97.791219 30.15743, -97.791414 30.157473, -97.791401 30.157514, -97.791436 30.157522, -97.791441 30.157505, -97.791453 30.157507, -97.791486 30.15749, -97.791533 30.157557, -97.791507 30.157573, -97.791496 30.157571, -97.791485 30.15761, -97.7914648 30.1576053, -97.791455 30.157603, -97.791431 30.157683, -97.791423 30.157681))",cutlery,green
place_of_worship,Mosaic Church South Austin,"POLYGON ((-97.817122 30.170786, -97.817118 30.170629, -97.817175 30.170628, -97.817174 30.1706, -97.817133 30.170601, -97.81713 30.170456, -97.81729 30.170453, -97.817285 30.170239, -97.81745 30.170236, -97.817454 30.170425, -97.81754 30.170424, -97.817541 30.170474, -97.817471 30.170475, -97.817474 30.170595, -97.817456 30.170595, -97.817456 30.170627, -97.817488 30.170627, -97.817488 30.170656, -97.817331 30.170659, -97.817333 30.170753, -97.817394 30.170752, -97.817396 30.170833, -97.817123 30.170838, -97.817122 30.170786))",institution,orange
cinema,Cinemark Southpark Meadows,"POLYGON ((-97.7941583 30.1542307, -97.794143 30.154246, -97.7940122 30.1541477, -97.7938746 30.1540442, -97.7938922 30.1540267, -97.7936522 30.1538464, -97.7939194 30.1535806, -97.7942666 30.1538415, -97.794189 30.1539187, -97.794244 30.15396, -97.7943185 30.1538858, -97.794526 30.1540429, -97.7944497 30.154114, -97.7945008 30.1541504, -97.7945779 30.1540788, -97.7947883 30.1542399, -97.7945201 30.1545037, -97.7941583 30.1542307))",film,red
place_of_worship,Oak Hill Baptist Church,"POLYGON ((-97.878514 30.228275, -97.878511 30.228223, -97.878436 30.228226, -97.878432 30.228167, -97.878505 30.228164, -97.878502 30.228123, -97.878765 30.228111, -97.878768 30.228162, -97.878849 30.228158, -97.878848 30.228054, -97.878937 30.228054, -97.878937 30.228238, -97.878849 30.228238, -97.878849 30.228212, -97.878772 30.228216, -97.878783 30.228404, -97.878523 30.228416, -97.878514 30.228275))",institution,orange
restaurant,IHOP,"POLYGON ((-97.784105 30.168021, -97.783997 30.167992, -97.784005 30.167969, -97.783935 30.167949, -97.783983 30.167817, -97.784048 30.167835, -97.784058 30.16781, -97.784188 30.167845, -97.784165 30.167908, -97.784194 30.167916, -97.784178 30.167961, -97.784143 30.167952, -97.784117 30.168025, -97.784105 30.168021))",cutlery,green
place_of_worship,Buenas Nuevas,"POLYGON ((-97.7702023 30.1618403, -97.7702073 30.1616743, -97.7702513 30.1616753, -97.7702523 30.1616513, -97.7702913 30.1616513, -97.7702903 30.1616763, -97.7703673 30.1616783, -97.7703623 30.1618443, -97.7702023 30.1618403))",institution,orange
cinema,Alamo Drafthouse Cinema,"POLYGON ((-97.8688076 30.1989867, -97.8687909 30.1990106, -97.8686823 30.1989539, -97.868702 30.1989258, -97.8686297 30.1988881, -97.8686259 30.1988936, -97.8684612 30.1988076, -97.8684553 30.198816, -97.8683849 30.1987792, -97.8684297 30.1987151, -97.8684418 30.1987214, -97.8685084 30.1986261, -97.8684605 30.1986011, -97.8684719 30.1985847, -97.8684929 30.1985957, -97.86852 30.198557, -97.868547 30.1985711, -97.8686371 30.1984422, -97.8689401 30.1986003, -97.8689633 30.1985671, -97.8690398 30.198607, -97.8690153 30.1986421, -97.8692893 30.1987851, -97.8690574 30.199117, -97.8688076 30.1989867))",film,red
place_of_worship,Mt Sinai Baptist Church,"POLYGON ((-97.680838 30.342102, -97.680809 30.342088, -97.680848 30.342029, -97.680916 30.342063, -97.681016 30.341911, -97.68129 30.342046, -97.681255 30.3421, -97.681378 30.342161, -97.681418 30.3421, -97.681439 30.34211, -97.681685 30.341735, -97.681885 30.341834, -97.68187 30.341855, -97.681887 30.341864, -97.681908 30.341832, -97.682171 30.341962, -97.682157 30.341996, -97.682238 30.342036, -97.682004 30.342391, -97.681994 30.342386, -97.68175 30.342758, -97.681172 30.342472, -97.68124 30.342369, -97.68119 30.342345, -97.6812 30.342329, -97.681123 30.342291, -97.681115 30.342304, -97.68112 30.342306, -97.681053 30.342407, -97.680779 30.342272, -97.680878 30.342122, -97.680838 30.342102))",institution,orange
place_of_worship,Trinity Baptist Church,"POLYGON ((-97.6712518 30.3334337, -97.6711938 30.3334077, -97.6712172 30.3333682, -97.6712798 30.3332627, -97.6712208 30.3332357, -97.6712248 30.3332287, -97.6711318 30.3331877, -97.6711668 30.3331287, -97.6711518 30.3331217, -97.6711598 30.3331097, -97.6711738 30.3331157, -97.6712558 30.3329787, -97.6712418 30.3329727, -97.6712588 30.3329437, -97.6712728 30.3329497, -97.6712878 30.3329247, -97.6713808 30.3329667, -97.6713888 30.3329527, -97.6715938 30.3330447, -97.6715838 30.3330617, -97.6717468 30.3331347, -97.6715908 30.3333977, -97.6714278 30.3333247, -97.6714248 30.3333297, -97.6713718 30.3333067, -97.6713105 30.3334098, -97.6712868 30.3334497, -97.6712518 30.3334337))",institution,orange
place_of_worship,Winners Chapel International (Austin),"POLYGON ((-97.671236 30.33532, -97.671208 30.335011, -97.671623 30.334982, -97.671657 30.335346, -97.671506 30.335357, -97.671503 30.33533, -97.67144 30.335334, -97.671443 30.335363, -97.671241 30.335376, -97.671236 30.33532))",institution,orange
place_of_worship,Travis Christian Assembly,"POLYGON ((-97.662003 30.329682, -97.662002 30.329667, -97.661979 30.329669, -97.661976 30.329636, -97.661998 30.329635, -97.661993 30.329571, -97.662275 30.329554, -97.662271 30.329504, -97.661981 30.329521, -97.661969 30.329363, -97.662206 30.329349, -97.662202 30.329308, -97.662285 30.329303, -97.662288 30.329345, -97.662527 30.329331, -97.662539 30.329488, -97.6623 30.329502, -97.662304 30.329554, -97.662361 30.329551, -97.662376 30.329741, -97.662009 30.329763, -97.662003 30.329682))",institution,orange
place_of_worship,Churchof the Cross Austin,"POLYGON ((-97.674047 30.331365, -97.674029 30.331343, -97.674026 30.331345, -97.673902 30.331195, -97.673908 30.331191, -97.673894 30.331174, -97.673963 30.331132, -97.673958 30.331126, -97.674061 30.331062, -97.674064 30.331066, -97.67417 30.331, -97.674187 30.331021, -97.67419 30.331018, -97.674253 30.331095, -97.674376 30.331019, -97.674528 30.331205, -97.674417 30.331274, -97.674424 30.331283, -97.67433 30.331341, -97.674328 30.331339, -97.674307 30.331352, -97.674289 30.331331, -97.67424 30.331362, -97.674177 30.331286, -97.674047 30.331365))",institution,orange
restaurant,Waffle House,"POLYGON ((-97.657852 30.329212, -97.657848 30.329212, -97.657839 30.329079, -97.657924 30.329075, -97.657934 30.329282, -97.657861 30.329286, -97.657856 30.329212, -97.657852 30.329212))",cutlery,green
restaurant,Costa Del Sol,"POLYGON ((-97.6852925 30.3325787, -97.6852925 30.3325847, -97.6853055 30.3325847, -97.6853115 30.3327527, -97.6851925 30.3327557, -97.6851855 30.3325757, -97.6852925 30.3325727, -97.6852925 30.3325787))",cutlery,green
restaurant,Silver Medal Boozes and Burgers,"POLYGON ((-97.682612 30.322813, -97.682597 30.322765, -97.682731 30.322732, -97.682753 30.322799, -97.682728 30.322805, -97.682734 30.322826, -97.682661 30.322844, -97.682667 30.322861, -97.682623 30.322872, -97.682615 30.322847, -97.682623 30.322845, -97.682612 30.322813))",cutlery,green
restaurant,Ken's Tacos,"POLYGON ((-97.675978 30.351554, -97.675979 30.351551, -97.676033 30.351577, -97.676011 30.351613, -97.676079 30.351645, -97.676003 30.351766, -97.675876 30.351706, -97.675953 30.351582, -97.675959 30.351585, -97.675978 30.351554))",cutlery,green
place_of_worship,Austin Buddhist Vihara,"POLYGON ((-97.662731 30.445295, -97.6627256 30.4452975, -97.6627511 30.4452582, -97.6627234 30.4452449, -97.6627327 30.4452306, -97.662674 30.4452023, -97.6627075 30.4451506, -97.6627533 30.4451741, -97.6627782 30.4451328, -97.662833 30.4451591, -97.6628079 30.4452003, -97.6629025 30.4452494, -97.6628391 30.4453471, -97.662731 30.445295))",institution,orange
library,Pflugerville Public Library,"POLYGON ((-97.6286374 30.4426368, -97.6284466 30.4425509, -97.6284866 30.4424899, -97.6284346 30.4424639, -97.6284606 30.4424239, -97.6283806 30.4423849, -97.6285207 30.4421707, -97.6285999 30.4422077, -97.6286456 30.4421409, -97.6287846 30.4422089, -97.6287646 30.4422399, -97.6288476 30.4422809, -97.6287452 30.4424381, -97.6287614 30.4424495, -97.6289977 30.4422712, -97.6290784 30.4423471, -97.6291268 30.4423119, -97.6292327 30.4424121, -97.6291864 30.4424453, -97.6292565 30.4425146, -97.6290677 30.4426543, -97.6290253 30.4427233, -97.6287595 30.442593, -97.6287558 30.4425766, -97.6286955 30.4425511, -97.6286374 30.4426368))",book,orange
place_of_worship,Calvary,"POLYGON ((-97.638481 30.446225, -97.638041 30.446067, -97.638015 30.446121, -97.637886 30.446075, -97.637912 30.446021, -97.63772 30.445952, -97.637976 30.445419, -97.638204 30.445501, -97.638213 30.44548, -97.638272 30.445501, -97.638291 30.44546, -97.638451 30.445518, -97.638422 30.445578, -97.638744 30.445694, -97.638488 30.446228, -97.638481 30.446225))",institution,orange
restaurant,Pecan Street Grill,"POLYGON ((-97.6287105 30.4430735, -97.6286365 30.4430385, -97.6286585 30.4430035, -97.6286327 30.4429913, -97.6286095 30.4429805, -97.6286325 30.4429445, -97.6286556 30.4429556, -97.6286825 30.4429685, -97.6287285 30.4428945, -97.6287605 30.4429095, -97.6287725 30.4428895, -97.6287985 30.4429025, -97.6287855 30.4429225, -97.6288835 30.4429695, -97.6288675 30.4429955, -97.6288765 30.4429995, -97.6288025 30.4431165, -97.6287105 30.4430735))",cutlery,green
place_of_worship,Praise Jesus Church,"POLYGON ((-97.6829061 30.3783522, -97.682807 30.3783046, -97.6830022 30.3780022, -97.6832793 30.3781353, -97.6830862 30.3784345, -97.6829973 30.3783918, -97.6829501 30.378465, -97.6828609 30.3784222, -97.6829061 30.3783522))",institution,orange
restaurant,Tortilleria La Sabrocita,"POLYGON ((-97.6853859 30.357253, -97.6853819 30.357252, -97.6855339 30.357012, -97.6856699 30.357077, -97.6855179 30.357316, -97.6853859 30.357253))",cutlery,green
place_of_worship,First Baptist Church Worship Center,"POLYGON ((-97.6272008 30.442175, -97.6272008 30.442162, -97.6271488 30.44214, -97.6271578 30.442124, -97.6269878 30.442035, -97.6269758 30.44205, -97.6268858 30.44201, -97.6269438 30.441901, -97.6269618 30.441875, -97.6269838 30.44185, -97.6270078 30.441828, -97.6270348 30.441808, -97.6270638 30.441791, -97.6270418 30.441768, -97.6270408 30.44175, -97.6272068 30.441747, -97.6272048 30.441668, -97.6271928 30.441668, -97.6271918 30.441633, -97.6271698 30.441634, -97.6271694 30.4416144, -97.6271688 30.441585, -97.6271908 30.441584, -97.6271848 30.441385, -97.6271958 30.441385, -97.6271938 30.441318, -97.6273538 30.441314, -97.6273538 30.441301, -97.6273858 30.441301, -97.6273868 30.441314, -97.6275868 30.44131, -97.6275878 30.441357, -97.6276008 30.441356, -97.6276018 30.441387, -97.6275878 30.441387, -97.6275928 30.441585, -97.6276908 30.441583, -97.6276928 30.441655, -97.6275938 30.441657, -97.6275948 30.441726, -97.6275898 30.441755, -97.6275738 30.441778, -97.6276198 30.441805, -97.6276488 30.441828, -97.6276758 30.441853, -97.6276988 30.441881, -97.6277178 30.441911, -97.6277038 30.441924, -97.6277498 30.441992, -97.6276688 30.442033, -97.6276548 30.442017, -97.6275808 30.442063, -97.6274798 30.442117, -97.6274928 30.442135, -97.6274458 30.442159, -97.6274469 30.442197, -97.6274488 30.44226, -97.6273748 30.442297, -97.6273758 30.44231, -97.6272788 30.442312, -97.6272788 30.442298, -97.6272038 30.442267, -97.6272008 30.442175))",institution,orange
restaurant,Chili's,"POLYGON ((-97.6716591 30.4173576, -97.6716766 30.4172719, -97.6716282 30.4172645, -97.6716383 30.4172151, -97.6716228 30.4172127, -97.6716364 30.4171464, -97.6717024 30.4171564, -97.6717053 30.4171423, -97.6719188 30.4171747, -97.6718972 30.4172805, -97.6719086 30.4172822, -97.671902 30.417315, -97.6718967 30.4173406, -97.6718908 30.4173397, -97.6718803 30.4173911, -97.6716591 30.4173576))",cutlery,green
restaurant,Johnny Carino's,"POLYGON ((-97.6718139 30.4169003, -97.6718108 30.4169102, -97.6717059 30.416886, -97.6717184 30.4168457, -97.6716569 30.4168315, -97.6716811 30.4167534, -97.6716681 30.4167504, -97.671676 30.416725, -97.6716691 30.4167234, -97.6716819 30.4166823, -97.6717663 30.4167018, -97.671777 30.4166674, -97.671872 30.4166894, -97.6718817 30.4166916, -97.6718795 30.4166987, -97.6719536 30.4167159, -97.6719565 30.4167067, -97.6720338 30.4167245, -97.6720117 30.4167956, -97.6720186 30.4167972, -97.672011 30.4168216, -97.6720025 30.4168491, -97.6719832 30.4168447, -97.6719557 30.416933, -97.6718139 30.4169003))",cutlery,green
place_of_worship,Cornerstone Baptist Church,"POLYGON ((-97.6415994 30.402598, -97.6416144 30.402534, -97.6417674 30.402561, -97.6417514 30.402627, -97.6415984 30.402601, -97.6415994 30.402598))",institution,orange
restaurant,Fresh Bowl,"POLYGON ((-97.65509 30.398464, -97.655166 30.398335, -97.65528 30.398385, -97.655284 30.398378, -97.655306 30.398388, -97.6553 30.398398, -97.655337 30.398414, -97.655287 30.3985, -97.655302 30.398507, -97.655286 30.398534, -97.655268 30.398527, -97.655255 30.398549, -97.655208 30.398528, -97.655213 30.398519, -97.655203 30.398515, -97.655198 30.398525, -97.655145 30.398502, -97.655152 30.398492, -97.65509 30.398464))",cutlery,green
place_of_worship,Holy Vietnamese Martyrs Catholic Church,"POLYGON ((-97.6581781 30.3912272, -97.6581677 30.3912431, -97.6580575 30.3911899, -97.6580685 30.3911729, -97.6579492 30.3911152, -97.6580272 30.390995, -97.6580115 30.3909874, -97.6580537 30.3909222, -97.658078 30.3909339, -97.6581641 30.3908012, -97.6582602 30.3908476, -97.658289 30.3908031, -97.6584359 30.390874, -97.6584054 30.3909212, -97.6585029 30.3909683, -97.658418 30.3910992, -97.6584443 30.3911119, -97.6584011 30.3911784, -97.6583841 30.3911702, -97.6583068 30.3912893, -97.6581781 30.3912272))",institution,orange
restaurant,Asadas Grill,"POLYGON ((-97.6719106 30.4024891, -97.6719786 30.4024811, -97.6719784 30.4024792, -97.6719756 30.4024581, -97.6720296 30.4024521, -97.672033 30.4024734, -97.6720336 30.4024771, -97.6721186 30.4024681, -97.6721236 30.4024971, -97.6721266 30.4024971, -97.6721366 30.4025651, -97.6721426 30.4025641, -97.6721616 30.4026901, -97.6720736 30.4027001, -97.672068 30.4027324, -97.6720516 30.4028261, -97.6719616 30.4028141, -97.6719636 30.4028031, -97.6719596 30.4028021, -97.6718546 30.4027891, -97.6718516 30.4028001, -97.6717966 30.4027931, -97.6718126 30.4026991, -97.6719396 30.4026851, -97.6719106 30.4024891))",cutlery,green
place_of_worship,Church on the Hill Jonestown,"POLYGON ((-97.943373 30.481217, -97.943528 30.48119, -97.943524 30.481175, -97.943551 30.48117, -97.943547 30.481153, -97.943621 30.481138, -97.943625 30.481155, -97.943642 30.481151, -97.94366 30.481216, -97.943903 30.481167, -97.943931 30.481268, -97.943566 30.481342, -97.943565 30.481335, -97.943264 30.481396, -97.94325 30.481344, -97.943228 30.481348, -97.943216 30.481304, -97.943237 30.4813, -97.943222 30.481244, -97.943373 30.481217))",institution,orange
restaurant,Maudie's Tex-Mex,"POLYGON ((-97.9371973 30.3048274, -97.9372013 30.3048026, -97.9372067 30.3047717, -97.9371285 30.3047599, -97.9371477 30.3046658, -97.937244 30.3046798, -97.9372608 30.3046822, -97.9372908 30.3046729, -97.937319 30.3046588, -97.9373309 30.3046484, -97.9373609 30.3046023, -97.9374822 30.3046449, -97.937355 30.3048859, -97.9372683 30.3048483, -97.9371973 30.3048346, -97.9371973 30.3048274))",cutlery,green
restaurant,PLATE by Dzintra,"POLYGON ((-97.9433417 30.305649, -97.9433367 30.3056602, -97.9432825 30.3056379, -97.943288 30.305625, -97.9432372 30.3056039, -97.9432845 30.3055099, -97.9432141 30.3054813, -97.9432603 30.3053901, -97.9432663 30.305391, -97.9432969 30.3053325, -97.9433746 30.3053639, -97.9433652 30.3053824, -97.9433885 30.3053918, -97.9434118 30.3054011, -97.9434269 30.3053764, -97.9435587 30.3054293, -97.9435313 30.3054813, -97.943519 30.3054765, -97.9435156 30.3054816, -97.9435124 30.3054806, -97.9434481 30.3056002, -97.9434636 30.3056062, -97.9434253 30.3056802, -97.9433417 30.305649))",cutlery,green
place_of_worship,Templo Apostolico,"POLYGON ((-97.747463 30.115056, -97.747361 30.115, -97.747339 30.115033, -97.747294 30.115009, -97.747316 30.114978, -97.747306 30.114973, -97.74737 30.11488, -97.747571 30.114985, -97.747506 30.115078, -97.747463 30.115056))",institution,orange
place_of_worship,Austin First Church,"POLYGON ((-97.6048552 30.1877539, -97.6049438 30.1877427, -97.6049404 30.187723, -97.6050132 30.1877138, -97.60509 30.1881693, -97.6047089 30.1882173, -97.6046763 30.1880239, -97.6045838 30.1880356, -97.6045749 30.1879827, -97.6046648 30.1879714, -97.6046295 30.1877621, -97.6047012 30.187753, -97.6047044 30.187772, -97.6047959 30.1877605, -97.6047862 30.1877031, -97.6048454 30.1876956, -97.6048552 30.1877539))",institution,orange
place_of_worship,Cottonwood Baptist Church,"POLYGON ((-97.63752 30.2037309, -97.6376372 30.2037998, -97.637502 30.2039717, -97.6373848 30.2039028, -97.63752 30.2037309))",institution,orange
restaurant,Donn's Texas BBQ,"POLYGON ((-97.8772545 30.2326629, -97.8771465 30.2327335, -97.8770099 30.2325775, -97.8771179 30.2325069, -97.8772545 30.2326629))",cutlery,green
bar,Moloko,"POLYGON ((-97.7202882 30.273897, -97.7202553 30.2739057, -97.7202332 30.2738078, -97.7202681 30.2738014, -97.7202882 30.273897))",beer,green
restaurant,Sno.Co Flattop Shaved Ice,"POLYGON ((-97.7175035 30.2844536, -97.7174863 30.2844566, -97.7174757 30.2844122, -97.7174929 30.2844091, -97.7175035 30.2844536))",cutlery,green
place_of_worship,Creedmoor Church,"POLYGON ((-97.7334488 30.0917041, -97.7338098 30.0910886, -97.733247 30.0909171, -97.7329851 30.0915142, -97.7334488 30.0917041))",institution,orange
library,Austin Central Library,"POLYGON ((-97.7519595 30.2663181, -97.751592 30.2662186, -97.7514496 30.2661736, -97.7513023 30.2660866, -97.7512934 30.2660814, -97.751416 30.2659286, -97.7514723 30.2659514, -97.7514862 30.2659364, -97.7515185 30.2659015, -97.751556 30.2658612, -97.7515293 30.2658468, -97.7514926 30.2658271, -97.7515506 30.2656183, -97.7517894 30.2656885, -97.7519974 30.2657306, -97.7520455 30.2657403, -97.7521482 30.2657977, -97.7520388 30.2660936, -97.7519595 30.2663181))",book,orange
restaurant,Chili's,"POLYGON ((-97.9394294 30.3073563, -97.9394723 30.3072731, -97.9394783 30.3072751, -97.9395441 30.3071559, -97.9394412 30.3071166, -97.939446 30.3071085, -97.939397 30.3070922, -97.939378 30.3071312, -97.939276 30.3070923, -97.9392024 30.3072324, -97.9392642 30.3072557, -97.9392528 30.3072788, -97.939304 30.3072987, -97.9393006 30.3073062, -97.9394294 30.3073563))",cutlery,green
cafe,Starbucks,"POLYGON ((-97.7230369 30.498537, -97.7228336 30.4984314, -97.7227881 30.4984965, -97.7229914 30.498602, -97.7230369 30.498537))",coffee,green
restaurant,Schmidt Family BBQ,"POLYGON ((-97.9358717 30.3059996, -97.9359104 30.3059272, -97.9359235 30.3059319, -97.935983 30.3058192, -97.9356813 30.3056985, -97.9356238 30.305812, -97.9356343 30.3058165, -97.9356092 30.3058628, -97.9356644 30.3058848, -97.9356497 30.3059112, -97.9358717 30.3059996))",cutlery,green
place_of_worship,Congregation Tiferet Israel,"POLYGON ((-97.7561734 30.3566207, -97.7561251 30.3566978, -97.7562634 30.3567623, -97.7563117 30.3566852, -97.7561734 30.3566207))",institution,orange
cafe,Barley Bean,"POLYGON ((-97.7890419 30.2391904, -97.7889963 30.2391487, -97.788964 30.2391788, -97.788913 30.2391394, -97.7887546 30.23926, -97.7888163 30.239318, -97.7888432 30.2393018, -97.788862 30.2393227, -97.7889103 30.2392786, -97.7890419 30.2391904))",coffee,green
place_of_worship,Saint Luke's On The Lake Episcopal Church,"POLYGON ((-97.8754418 30.3937279, -97.8754781 30.3938296, -97.8754968 30.3938666, -97.8754794 30.393928, -97.8754498 30.3939904, -97.8752889 30.3940448, -97.8751857 30.3940263, -97.8751294 30.3940124, -97.8751622 30.3939025, -97.875114 30.3938759, -97.8750838 30.3938319, -97.8750697 30.393781, -97.8751146 30.3937382, -97.8751656 30.3937081, -97.8752259 30.3937001, -97.8752795 30.3937295, -97.8753063 30.393762, -97.8754418 30.3937279))",institution,orange
restaurant,Patrizi's,"POLYGON ((-97.7173004 30.2839047, -97.7172839 30.2838351, -97.7172367 30.2838434, -97.7172532 30.2839131, -97.7173004 30.2839047))",cutlery,green
bar,The Butterfly Bar @ The VORTEX,"POLYGON ((-97.7173783 30.2837857, -97.7174728 30.2837704, -97.717449 30.2836603, -97.7173544 30.2836756, -97.7173783 30.2837857))",beer,green
theatre,The VORTEX,"POLYGON ((-97.7173757 30.2837917, -97.717478 30.2837743, -97.7175149 30.283936, -97.7174126 30.2839534, -97.7173757 30.2837917))",film,red
place_of_worship,Schultz Lane Church of Christ,"POLYGON ((-97.6367027 30.4798014, -97.6368078 30.4798522, -97.636992 30.4795689, -97.6368818 30.4795157, -97.6368061 30.479632, -97.6368014 30.4796297, -97.6367449 30.4796024, -97.6367062 30.4796619, -97.6367655 30.4796905, -97.6367726 30.4796939, -97.6367027 30.4798014))",institution,orange
place_of_worship,Main Temple Complex,"POLYGON ((-97.619122 30.2819014, -97.6191013 30.2816285, -97.6189238 30.2816398, -97.6185846 30.2816614, -97.6185937 30.2817499, -97.6185612 30.2817525, -97.6185648 30.281798, -97.6185672 30.2818447, -97.6186001 30.2818439, -97.6186067 30.2819358, -97.618852 30.2819218, -97.6191084 30.2819051, -97.619122 30.2819014))",institution,orange
place_of_worship,Austin Korean Presbyterian Church,"POLYGON ((-97.6659244 30.3943143, -97.6661397 30.3944834, -97.6662004 30.3945311, -97.6663144 30.3944202, -97.6663668 30.3943693, -97.6663834 30.3944107, -97.6663986 30.3944486, -97.666526 30.3944914, -97.6667242 30.3944334, -97.6667161 30.3944131, -97.6666924 30.394354, -97.6667684 30.3943322, -97.6668835 30.3942991, -97.6668092 30.394067, -97.6669047 30.3940396, -97.666887 30.3939816, -97.6667809 30.394006, -97.6667348 30.3938747, -97.6666219 30.3939041, -97.6663951 30.3939633, -97.6665048 30.3943082, -97.6664234 30.3943174, -97.6661544 30.3941037, -97.6659244 30.3943143))",institution,orange
place_of_worship,Chua Lien Huu Tinh Do Temple,"POLYGON ((-97.5487642 30.5008973, -97.5482917 30.5007852, -97.5483423 30.500627, -97.5488148 30.500739, -97.5487642 30.5008973))",institution,orange
place_of_worship,Sitagu Buddha Vihara,"POLYGON ((-97.9203292 30.2198509, -97.9200815 30.2197621, -97.9201771 30.2195629, -97.9204248 30.2196517, -97.9203292 30.2198509))",institution,orange
place_of_worship,Masjid Ibrahim,"POLYGON ((-97.8920924 30.2484114, -97.891907 30.2482513, -97.8921384 30.2480514, -97.8923237 30.2482115, -97.8920924 30.2484114))",institution,orange
place_of_worship,Cedar Creek United Methodist Church,"POLYGON ((-97.501219 30.0879854, -97.5009149 30.0877432, -97.5006108 30.0880098, -97.5008505 30.088205, -97.5008243 30.0882189, -97.5008968 30.088273, -97.501219 30.0879854))",institution,orange
restaurant,Via 313,"POLYGON ((-97.7231345 30.2620802, -97.7230474 30.2622701, -97.7230959 30.2622867, -97.7230613 30.2623623, -97.7231273 30.2623848, -97.723249 30.2621194, -97.7231345 30.2620802))",cutlery,green
restaurant,Arlo's,"POLYGON ((-97.7241398 30.2625525, -97.7241629 30.2625041, -97.7241408 30.2624962, -97.7241177 30.2625446, -97.7241398 30.2625525))",cutlery,green
events_venue,Travis County Exposition Center,"POLYGON ((-97.6259259 30.2939757, -97.6234104 30.2927598, -97.6197287 30.2909802, -97.6190956 30.2906742, -97.6158047 30.2959406, -97.6226931 30.2991492, -97.6259259 30.2939757))",institution,orange
restaurant,Black Walnut Cafe,"POLYGON ((-97.8475549 30.3952961, -97.8473262 30.3951914, -97.8474398 30.3950068, -97.8476685 30.3951114, -97.8475549 30.3952961))",cutlery,green
cafe,Summer Moon Coffee,"POLYGON ((-97.8460391 30.4219383, -97.8461337 30.4216927, -97.8459178 30.4216308, -97.8458231 30.4218765, -97.8460391 30.4219383))",coffee,green
restaurant,Halal Hub,"POLYGON ((-97.7598565 30.2416005, -97.7598072 30.2415762, -97.75979 30.2416022, -97.7598382 30.2416256, -97.7598565 30.2416005))",cutlery,green
bar,Growler Bar,"POLYGON ((-97.6067072 30.4494182, -97.6065715 30.4493564, -97.6066471 30.4492396, -97.6067257 30.4491183, -97.606792 30.4491406, -97.6068614 30.4491731, -97.6067072 30.4494182))",beer,green
theatre,Amphitheater,"POLYGON ((-97.836452 30.0902856, -97.8364627 30.0901881, -97.8364225 30.0901821, -97.8363769 30.0901753, -97.8363393 30.0902682, -97.8364002 30.0902776, -97.836452 30.0902856))",film,red
cafe,Starbucks,"POLYGON ((-97.970082 30.3401641, -97.969885 30.3400594, -97.9700097 30.3398845, -97.9702067 30.3399892, -97.970082 30.3401641))",coffee,green
cafe,Starbucks,"POLYGON ((-97.7579964 30.2613445, -97.7580421 30.2611283, -97.757907 30.2611069, -97.7578613 30.2613232, -97.7579964 30.2613445))",coffee,green
cinema,Moviehouse & Eatery Lantana Place,"POLYGON ((-97.8697022 30.2556902, -97.8688549 30.2553043, -97.8691138 30.2549237, -97.8699395 30.2553149, -97.8697022 30.2556902))",film,red
restaurant,Bon Japanese Cuisine,"POLYGON ((-97.9581563 30.3235234, -97.9580819 30.3233009, -97.9580213 30.323316, -97.9580102 30.3232827, -97.9579014 30.3233099, -97.957973 30.3235242, -97.9580084 30.3235153, -97.9580223 30.3235568, -97.9581563 30.3235234))",cutlery,green
place_of_worship,Our Lady of Schoenstatt Shrine,"POLYGON ((-97.8427046 30.311235, -97.8426577 30.3112871, -97.8426449 30.311279, -97.8426322 30.3112929, -97.8426121 30.3112964, -97.8425886 30.3112819, -97.8425893 30.3112674, -97.8426 30.3112547, -97.8425888 30.3112469, -97.8426355 30.3111939, -97.8427046 30.311235))",institution,orange
place_of_worship,Schoenstatt Father's Shrine,"POLYGON ((-97.8418797 30.3097116, -97.8418012 30.3098597, -97.8418329 30.3098722, -97.8418177 30.309901, -97.8419803 30.3099651, -97.8419945 30.3099383, -97.8421234 30.3099892, -97.8422061 30.3098329, -97.8420984 30.3097903, -97.8421091 30.30977, -97.8420357 30.309741, -97.8420216 30.3097676, -97.8418797 30.3097116))",institution,orange
place_of_worship,Saint Elizabeth Catholic Church,"POLYGON ((-97.6178297 30.4587985, -97.6176783 30.4587294, -97.6174828 30.4590478, -97.6178006 30.4591927, -97.6179958 30.4588746, -97.6178952 30.4588287, -97.6178297 30.4587985))",institution,orange
restaurant,Jason's Deli,"POLYGON ((-97.9644695 30.3484754, -97.9644614 30.3482585, -97.964263 30.348264, -97.9642711 30.3484809, -97.9644695 30.3484754))",cutlery,green
cafe,Starbucks,"POLYGON ((-97.7917734 30.4480848, -97.7916322 30.448136, -97.7915887 30.4480469, -97.791636 30.4480297, -97.7916367 30.4480213, -97.791666 30.4480118, -97.7916718 30.4480252, -97.7917918 30.4479865, -97.7918089 30.448026, -97.7918181 30.448023, -97.7918219 30.4480317, -97.7918213 30.4480852, -97.7917734 30.4480848))",coffee,green
restaurant,First Watch,"POLYGON ((-97.6799018 30.4806129, -97.6796837 30.4806187, -97.6796968 30.4807891, -97.6799159 30.4807687, -97.6799018 30.4806129))",cutlery,green
restaurant,Chili's,"POLYGON ((-97.5954205 30.4697888, -97.5954389 30.4697319, -97.595465 30.4697381, -97.5954799 30.4696922, -97.5954944 30.4696957, -97.5955319 30.46958, -97.595428 30.4695549, -97.5954296 30.4695499, -97.5953697 30.4695355, -97.5953715 30.4695299, -97.5952894 30.4695102, -97.5952569 30.4696105, -97.5952471 30.4696082, -97.5952352 30.4696449, -97.5952825 30.4696563, -97.5952524 30.4697494, -97.5952886 30.4697581, -97.5952753 30.4697992, -97.5953781 30.469824, -97.5953917 30.4697819, -97.5954205 30.4697888))",cutlery,green
restaurant,Reale's Italian Cafe,"POLYGON ((-97.7912925 30.446333, -97.791179 30.4462047, -97.7910243 30.4463064, -97.7911378 30.4464347, -97.7912925 30.446333))",cutlery,green
restaurant,IHOP,"POLYGON ((-97.5959182 30.4672841, -97.59582 30.4672544, -97.5958242 30.4672442, -97.5957244 30.467214, -97.5957576 30.4671326, -97.5957478 30.4671296, -97.5957604 30.4670986, -97.5957419 30.467093, -97.5957593 30.4670504, -97.5957791 30.4670564, -97.5957926 30.4670232, -97.595999 30.4670857, -97.5959182 30.4672841))",cutlery,green
place_of_worship,Central Church of Christ at Pflugerville,"POLYGON ((-97.6356647 30.4001619, -97.6354504 30.4001644, -97.6354463 30.3998897, -97.6356605 30.3998873, -97.6356647 30.4001619))",institution,orange
cinema,Alamo Drafthouse Cinema,"POLYGON ((-97.7042515 30.2990874, -97.7039824 30.2989635, -97.7044634 30.2981974, -97.7047437 30.2983184, -97.7042515 30.2990874))",film,red
theatre,AISD Performing Arts Center,"POLYGON ((-97.7035281 30.3042885, -97.7035018 30.3042744, -97.7035084 30.3042613, -97.7034552 30.3042358, -97.7034677 30.3042148, -97.7031456 30.304061, -97.7031325 30.3040792, -97.7031219 30.3040743, -97.7031101 30.3040689, -97.7031167 30.304057, -97.7029234 30.3039595, -97.702912 30.3039786, -97.7028945 30.3039699, -97.7028788 30.3039621, -97.7028896 30.303941, -97.702725 30.3038596, -97.7025771 30.3040946, -97.7027079 30.3041569, -97.7026542 30.3042375, -97.7027746 30.304295, -97.7028077 30.3043121, -97.7027677 30.3043729, -97.7027328 30.304426, -97.7027224 30.3044209, -97.7027006 30.3044104, -97.7026503 30.3043863, -97.70261 30.3044457, -97.7025456 30.3044162, -97.7025081 30.3044661, -97.7027413 30.3045841, -97.702765 30.3045955, -97.7027843 30.3046047, -97.7027519 30.3046551, -97.7029287 30.3047345, -97.7029609 30.3046846, -97.7031211 30.3047627, -97.703159 30.3047806, -97.7031895 30.304795, -97.7035281 30.3042885))",film,red
cafe,Rosen's Bagels,"POLYGON ((-97.7474393 30.268145, -97.747456 30.2680993, -97.7475817 30.2681358, -97.7475974 30.26814, -97.7475812 30.2681836, -97.7475644 30.2681792, -97.7474393 30.268145))",coffee,green
theatre,Southpark Meadows Amphitheatre,"POLYGON ((-97.7920657 30.160988, -97.7920952 30.1609566, -97.7921019 30.1608801, -97.7920791 30.1608337, -97.7920577 30.1608105, -97.7920148 30.1608013, -97.7919879 30.1607897, -97.7919236 30.1608059, -97.7918994 30.1608546, -97.7918927 30.1609045, -97.7918967 30.1609497, -97.7919088 30.1609938, -97.7919276 30.1610193, -97.7919571 30.1610146, -97.7919893 30.1610077, -97.7920657 30.160988))",film,red
cinema,Moviehouse and Eatery,"POLYGON ((-97.8463579 30.4240089, -97.8464549 30.4237701, -97.8464866 30.4237796, -97.8467024 30.4232479, -97.8470962 30.4233668, -97.8470104 30.4235783, -97.8470482 30.4235897, -97.8469813 30.4237545, -97.8469294 30.4237388, -97.8467692 30.4241331, -97.8463579 30.4240089))",film,red
cinema,Alamo Drafthouse Cinema,"POLYGON ((-97.8045985 30.4754459, -97.8043007 30.4751331, -97.8037174 30.4755457, -97.8040152 30.4758584, -97.8043054 30.4756503, -97.8045532 30.4754823, -97.8045985 30.4754459))",film,red
cinema,Doc's Drive-in,"POLYGON ((-97.7948137 30.0611019, -97.7947826 30.0593191, -97.7958378 30.0592887, -97.7958807 30.0598111, -97.7960948 30.0600976, -97.7959001 30.0602661, -97.7959469 30.0610682, -97.7948137 30.0611019))",film,red
cinema,AMC Barton Creek Square 14,"POLYGON ((-97.8080896 30.25819, -97.808232 30.2580298, -97.8083615 30.2581158, -97.8084295 30.2580396, -97.808445 30.2580505, -97.8085228 30.2579614, -97.8085426 30.2579726, -97.8087183 30.2577712, -97.8086461 30.2577205, -97.8086675 30.2576968, -97.8085533 30.2576195, -97.8085657 30.2576059, -97.8083216 30.2574399, -97.8082958 30.2574399, -97.8081785 30.257572, -97.8080776 30.2575051, -97.8080404 30.257547, -97.8079394 30.2575553, -97.8078385 30.2575637, -97.8075815 30.2578527, -97.8080896 30.25819))",film,red
cinema,EVO Cinemas Belterra,"POLYGON ((-97.9778795 30.2039177, -97.977842 30.2038581, -97.9772195 30.2041501, -97.9774137 30.2044595, -97.9780363 30.2041676, -97.9778795 30.2039177))",film,red
cinema,Lake Creek 7,"POLYGON ((-97.791149 30.4589612, -97.7912544 30.4589284, -97.7912633 30.4589473, -97.7916606 30.4588275, -97.7917931 30.4587876, -97.7917846 30.4587673, -97.7916502 30.4584446, -97.7915429 30.4584746, -97.7915197 30.4584263, -97.7912373 30.4585088, -97.7912503 30.4585347, -97.7911149 30.4585772, -97.7911259 30.4586007, -97.7910151 30.4586355, -97.7910344 30.4586824, -97.7911406 30.4589411, -97.791149 30.4589612))",film,red
cinema,Jumbo Chap,"POLYGON ((-97.8138193 30.2769347, -97.8137137 30.2768864, -97.8137244 30.2768678, -97.81383 30.2769162, -97.8138193 30.2769347))",film,red
restaurant,Fire Bowl Cafe,"POLYGON ((-97.6817666 30.4835115, -97.6818095 30.4834486, -97.681653 30.4833692, -97.68161 30.4834321, -97.6817666 30.4835115))",cutlery,green
restaurant,yaghi's Pizzeria,"POLYGON ((-97.6044156 30.4530048, -97.6044586 30.4530224, -97.6043722 30.4531797, -97.6043292 30.4531621, -97.6044156 30.4530048))",cutlery,green
restaurant,Iron Fish,"POLYGON ((-97.6106846 30.4372177, -97.6106704 30.4372404, -97.6105753 30.4373926, -97.6104966 30.437356, -97.6105081 30.4373377, -97.610596 30.437197, -97.6106055 30.4371807, -97.6106846 30.4372177))",cutlery,green
restaurant,Las Cazuelas,"POLYGON ((-97.6576883 30.449981, -97.6576726 30.4499238, -97.6575127 30.449847, -97.6574496 30.4498571, -97.6573583 30.4499963, -97.6575972 30.4501152, -97.6576883 30.449981))",cutlery,green
restaurant,Tony's Jamacan Food,"POLYGON ((-97.6572357 30.4501783, -97.6571824 30.4502554, -97.657427 30.4503769, -97.657478 30.4502998, -97.6572357 30.4501783))",cutlery,green
restaurant,China Dragon Chinese,"POLYGON ((-97.657427 30.4503769, -97.6573422 30.4505046, -97.6570965 30.4503837, -97.6571824 30.4502554, -97.657427 30.4503769))",cutlery,green
restaurant,Madam Mam's Thai Cuisine,"POLYGON ((-97.9359816 30.3072949, -97.935799 30.3072263, -97.9359026 30.3070241, -97.9360868 30.3070951, -97.9359816 30.3072949))",cutlery,green
cafe,Starbucks,"POLYGON ((-97.6571263 30.493823, -97.6569398 30.4938806, -97.6569002 30.4937778, -97.6570883 30.49373, -97.6571263 30.493823))",coffee,green
restaurant,All Star Burger,"POLYGON ((-97.9425474 30.3096841, -97.9426804 30.3094326, -97.9424996 30.3093613, -97.9423666 30.3096128, -97.9425474 30.3096841))",cutlery,green
restaurant,Tony C's,"POLYGON ((-97.9407704 30.3092281, -97.9406789 30.309411, -97.9408058 30.3094605, -97.9408111 30.3094421, -97.940853 30.3092599, -97.9407704 30.3092281))",cutlery,green
restaurant,Tadashi,"POLYGON ((-97.9411757 30.3093887, -97.941081 30.309568, -97.940972 30.3095254, -97.9409826 30.3095082, -97.9411086 30.3093628, -97.9411757 30.3093887))",cutlery,green
restaurant,café blue,"POLYGON ((-97.939967 30.3093049, -97.940267 30.3094185, -97.9401761 30.3095974, -97.9398791 30.3094842, -97.939967 30.3093049))",cutlery,green
restaurant,Buenos Aires Café,"POLYGON ((-97.93898 30.309298, -97.9387094 30.309195, -97.9387507 30.309116, -97.9390173 30.3092192, -97.93898 30.309298))",cutlery,green
pub,Woody's Tavern & Grill,"POLYGON ((-97.9420999 30.3045676, -97.9423016 30.3046471, -97.9423163 30.3046194, -97.9423967 30.3046512, -97.942453 30.3045454, -97.9423873 30.3045194, -97.9423951 30.3045047, -97.9423111 30.3044714, -97.9423051 30.3044827, -97.9422498 30.3044608, -97.9422599 30.3044418, -97.9421776 30.3044092, -97.9421592 30.3044019, -97.9421359 30.3044457, -97.9421126 30.3044894, -97.9421365 30.3044989, -97.9420999 30.3045676))",beer,green
cafe,Starbucks,"POLYGON ((-97.9342443 30.304875, -97.9341881 30.3049333, -97.9340427 30.3048277, -97.9340988 30.3047689, -97.9342443 30.304875))",coffee,green
place_of_worship,Saint Paul Lutheran Church,"POLYGON ((-97.7239795 30.294129, -97.7238251 30.2940533, -97.723799 30.2940931, -97.7237145 30.2940522, -97.7237543 30.2939964, -97.7236659 30.2939555, -97.723703 30.2938864, -97.7237992 30.2937371, -97.7238933 30.2937815, -97.7238371 30.2938692, -97.7238972 30.2938986, -97.7238702 30.2939471, -97.724038 30.2940207, -97.7240455 30.294013, -97.7240849 30.2940348, -97.7239995 30.2941616, -97.7239827 30.2941639, -97.7239725 30.2941578, -97.7239672 30.2941463, -97.7239795 30.294129))",institution,orange
restaurant,Shore Raw Bar & Grill,"POLYGON ((-97.8952308 30.2498133, -97.8950293 30.2497116, -97.8950417 30.2496999, -97.8951337 30.2495565, -97.8951488 30.2495348, -97.8953503 30.2496365, -97.8952308 30.2498133))",cutlery,green
place_of_worship,Chùa Linh-Sơn;Linh-Son Buddhist Temple,"POLYGON ((-97.7344427 30.4146424, -97.7344774 30.4145916, -97.7345252 30.4146159, -97.7346311 30.414461, -97.7343445 30.4143153, -97.7342316 30.4144805, -97.7343232 30.4145271, -97.7342935 30.414567, -97.7344427 30.4146424))",institution,orange
restaurant,Cedar Door,"POLYGON ((-97.7424844 30.2641304, -97.7424631 30.2641868, -97.742346 30.2641533, -97.7424182 30.2639603, -97.7427143 30.2640428, -97.7426623 30.2641805, -97.7424844 30.2641304))",cutlery,green
bar,Ellis,"POLYGON ((-97.7440463 30.2639302, -97.7441067 30.2640253, -97.7440568 30.2641635, -97.7440344 30.2641523, -97.743993 30.2639234, -97.7440463 30.2639302))",beer,green
theatre,Community Cinema,"POLYGON ((-97.6230736 30.282102, -97.6230515 30.2821131, -97.623034 30.2820916, -97.6229013 30.2821744, -97.6226753 30.2821119, -97.6225814 30.2819683, -97.6226518 30.2819503, -97.6227008 30.2819434, -97.6227457 30.2819411, -97.6227926 30.281944, -97.622859 30.281955, -97.6228832 30.2819613, -97.6229241 30.281977, -97.6229656 30.2819967, -97.6230039 30.2820216, -97.623036 30.2820499, -97.6230736 30.282102))",film,red
place_of_worship,St. Francis Anglican Church,"POLYGON ((-97.7052042 30.4265419, -97.7049346 30.4266124, -97.7049306 30.4266009, -97.7048662 30.4266171, -97.7048823 30.4266495, -97.7048662 30.4266772, -97.7048756 30.426705, -97.7049065 30.4267211, -97.7049145 30.426742, -97.7051613 30.4266807, -97.7051854 30.4266911, -97.7052243 30.4266263, -97.7051988 30.4266124, -97.705231 30.4265997, -97.7052042 30.4265419))",institution,orange
restaurant,Veracruz All Natural,"POLYGON ((-97.7136541 30.2629403, -97.7135359 30.2631257, -97.7135381 30.2631715, -97.7135567 30.2631799, -97.7136004 30.263185, -97.7136957 30.2631628, -97.7139557 30.2630496, -97.7138981 30.2630273, -97.7136541 30.2629403))",cutlery,green
place_of_worship,Our Lady Queen of Peace Chapel,"POLYGON ((-97.7560126 30.2311649, -97.7559411 30.2311341, -97.7559308 30.2311519, -97.7559045 30.2311406, -97.7557237 30.2314545, -97.7558509 30.2315092, -97.755875 30.2314674, -97.7559179 30.2313929, -97.7560318 30.231195, -97.7560025 30.2311824, -97.7560126 30.2311649))",institution,orange
cafe,Starbucks,"POLYGON ((-97.5564754 30.3497759, -97.5563963 30.349777, -97.5563953 30.3497213, -97.556366 30.3497217, -97.5563649 30.3496611, -97.5563642 30.3496203, -97.5563157 30.3496209, -97.5563147 30.3495705, -97.5564716 30.3495684, -97.5564754 30.3497759))",coffee,green
place_of_worship,St Mary Magdalene Episcopal Church,"POLYGON ((-97.5586217 30.3530083, -97.5585255 30.3531033, -97.5584778 30.3530673, -97.5584992 30.3530462, -97.5582939 30.3528914, -97.5583496 30.3528365, -97.5585516 30.3529889, -97.5585709 30.3529699, -97.5586217 30.3530083))",institution,orange
restaurant,Casa Garcia's Mexican Restaurant,"POLYGON ((-97.5571566 30.3508387, -97.5570747 30.3508804, -97.5570902 30.350903, -97.5569503 30.3509742, -97.5569416 30.3509614, -97.5568851 30.3509902, -97.556854 30.3509447, -97.5568335 30.3509551, -97.5568055 30.3509141, -97.5568359 30.3508988, -97.5567448 30.350765, -97.5568668 30.3507024, -97.5569013 30.3507538, -97.5570523 30.3506782, -97.5570671 30.3507078, -97.5571566 30.3508387))",cutlery,green
restaurant,Bitelo Brazilian Steakhouse,"POLYGON ((-97.8295809 30.4814573, -97.8295906 30.4815949, -97.829559 30.4815966, -97.8295601 30.4816128, -97.8294903 30.4816165, -97.8294941 30.4816702, -97.8293412 30.4816782, -97.8293454 30.4817372, -97.8292409 30.4817427, -97.829222 30.4814761, -97.8295809 30.4814573))",cutlery,green
place_of_worship,Ismaili Jamatkhana,"POLYGON ((-97.8183997 30.476782, -97.8184187 30.4768229, -97.8183545 30.4768495, -97.8183997 30.4769437, -97.8185873 30.4768802, -97.8184519 30.476655, -97.8184614 30.4766305, -97.8184496 30.4765854, -97.8184234 30.4765506, -97.8183878 30.4765383, -97.8183498 30.4765343, -97.8182025 30.4764094, -97.8179388 30.4763193, -97.8178937 30.4764462, -97.8180457 30.4764995, -97.8181289 30.4765527, -97.8181408 30.4765772, -97.8179175 30.4767349, -97.8181241 30.4769621, -97.8183997 30.476782))",institution,orange
cinema,Blue Starlight Mini Urban Drive-in,"POLYGON ((-97.6957893 30.2865878, -97.6957076 30.2864151, -97.6959215 30.2863396, -97.6965914 30.2861034, -97.6966731 30.2862763, -97.6957893 30.2865878))",film,red
theatre,Germania Insurance Amphiteater,"POLYGON ((-97.6384003 30.1346173, -97.6383467 30.1346741, -97.6382949 30.1347166, -97.6382311 30.1347567, -97.6381668 30.1347896, -97.6381119 30.1348083, -97.6380521 30.1348219, -97.6380188 30.1346849, -97.6380523 30.1346516, -97.638095 30.1346209, -97.6381397 30.1345917, -97.6381987 30.1345647, -97.6382305 30.1345484, -97.63826 30.1345389, -97.6384003 30.1346173))",film,red
theatre,Moody Ampitheater at Waterloo Park,"POLYGON ((-97.736401 30.2743229, -97.7363627 30.2743226, -97.7362939 30.2743105, -97.7362461 30.2742958, -97.736208 30.2742779, -97.7361983 30.274286, -97.7361632 30.2743155, -97.7361228 30.2744176, -97.7360994 30.2744971, -97.7360942 30.2745732, -97.7360964 30.2745998, -97.7360991 30.2746313, -97.7361402 30.2746316, -97.7361821 30.2746316, -97.7362303 30.2746469, -97.7362341 30.2746487, -97.736274 30.2746675, -97.736401 30.2743229))",film,red
place_of_worship,Chinmaya Mission Austin,"POLYGON ((-97.6986976 30.4246512, -97.6984259 30.4245175, -97.6986352 30.4242012, -97.6989069 30.4243349, -97.6989029 30.4243409, -97.6986976 30.4246512))",institution,orange
restaurant,Provision,"POLYGON ((-97.7394376 30.4002324, -97.7394773 30.4001705, -97.739431 30.4001484, -97.7394546 30.4001116, -97.738995 30.3998923, -97.7389612 30.3999448, -97.7390414 30.3999831, -97.7390232 30.4000115, -97.7390697 30.4000337, -97.7390252 30.400103, -97.7392507 30.4002107, -97.7392786 30.4001672, -97.7393821 30.4002166, -97.7393874 30.4002084, -97.7394376 30.4002324))",cutlery,green
restaurant,Carrabba's Italian Grill,"POLYGON ((-97.747033 30.4149331, -97.7469256 30.4149486, -97.7468997 30.4148151, -97.7469399 30.4148093, -97.746924 30.4147272, -97.7472098 30.4146859, -97.7472451 30.4148675, -97.7470264 30.4148991, -97.747033 30.4149331))",cutlery,green
place_of_worship,Saint Elias Antiochan Orthodox Church - North Campus,"POLYGON ((-97.6935918 30.4650091, -97.6934708 30.4649971, -97.6934792 30.4649343, -97.6932938 30.4649159, -97.6933156 30.464753, -97.6935072 30.4647721, -97.6935237 30.4646485, -97.693649 30.464661, -97.6936294 30.4648068, -97.6936803 30.4648118, -97.6936601 30.4649626, -97.6935989 30.4649565, -97.6935918 30.4650091))",institution,orange
cafe,Chap Court,"POLYGON ((-97.8147556 30.276657, -97.8147679 30.2765311, -97.8145933 30.2764997, -97.8145772 30.2766399, -97.8147556 30.276657))",coffee,green
place_of_worship,St. Alphonsa Syro-Malabar Catholic Church,"POLYGON ((-97.5198451 30.2768103, -97.5199237 30.2767839, -97.5199343 30.2768075, -97.5199959 30.2767869, -97.5200216 30.276844, -97.5201312 30.2768072, -97.5201055 30.2767502, -97.520168 30.2767293, -97.5201553 30.2767012, -97.520232 30.2766755, -97.5201927 30.276588, -97.5200786 30.2766263, -97.5200403 30.2765412, -97.5198779 30.2765956, -97.5199171 30.2766828, -97.5198048 30.2767205, -97.5198451 30.2768103))",institution,orange
place_of_worship,Grant AME Worship Center,"POLYGON ((-97.7039364 30.3848905, -97.7039583 30.3849052, -97.7039912 30.384921, -97.7038626 30.38512, -97.7039232 30.3851508, -97.7039092 30.3851728, -97.7039752 30.3852038, -97.7040768 30.3850478, -97.7040963 30.3850572, -97.7044162 30.3852148, -97.7045062 30.3850748, -97.7045892 30.3851148, -97.7045602 30.3851598, -97.7047142 30.3852338, -97.7046392 30.3853518, -97.7046332 30.3853488, -97.7045062 30.3855458, -97.7040942 30.3853468, -97.7040832 30.3853638, -97.7040542 30.3853498, -97.7040472 30.3853608, -97.7039332 30.3853058, -97.7039472 30.3852838, -97.7036812 30.3851558, -97.7037282 30.3850838, -97.7037752 30.3851068, -97.7037898 30.3850849, -97.7037411 30.3850615, -97.7038717 30.3848594, -97.7039364 30.3848905))",institution,orange
place_of_worship,St Mark United Methodist Church,"POLYGON ((-97.6853761 30.3801783, -97.6852752 30.380133, -97.6853 30.3800918, -97.6852855 30.3800853, -97.6853746 30.3799374, -97.6854055 30.3799512, -97.6855159 30.379768, -97.6856113 30.3798108, -97.6855047 30.3799876, -97.6855299 30.3799989, -97.6854329 30.3801597, -97.685397 30.3801436, -97.6853761 30.3801783))",institution,orange
restaurant,CAVA,"POLYGON ((-97.7268015 30.3934571, -97.726584 30.3934516, -97.7265883 30.3933262, -97.7268058 30.3933317, -97.7268015 30.3934571))",cutlery,green
restaurant,Sway,"POLYGON ((-97.8041246 30.2765554, -97.8038749 30.2764631, -97.8039948 30.276221, -97.8041667 30.2762845, -97.8041001 30.276419, -97.804178 30.2764477, -97.8041246 30.2765554))",cutlery,green
place_of_worship,Austin Oaks Church,"POLYGON ((-97.8327547 30.2307313, -97.8322665 30.2304971, -97.8325532 30.230051, -97.8326987 30.2301208, -97.8327275 30.2300761, -97.8328731 30.2301459, -97.8328413 30.2301955, -97.8330383 30.23029, -97.8327547 30.2307313))",institution,orange
place_of_worship,Austin Ridge Bible Church Southwest,"POLYGON ((-97.8780065 30.239919, -97.8777995 30.2400409, -97.8777796 30.2400158, -97.8776908 30.2400681, -97.8775351 30.2398709, -97.8778624 30.2396779, -97.8779776 30.2398237, -97.877946 30.2398423, -97.8780065 30.239919))",institution,orange
place_of_worship,Southwest Family Fellowship,"POLYGON ((-97.8872983 30.2461237, -97.8874025 30.2459531, -97.8871394 30.2458332, -97.8870352 30.2460037, -97.8872983 30.2461237))",institution,orange
restaurant,The Switch BBQ,"POLYGON ((-97.9796335 30.204992, -97.9796167 30.2049661, -97.979688 30.2049318, -97.9796359 30.2048511, -97.9796821 30.2048288, -97.9796515 30.2047813, -97.9796011 30.2048056, -97.979579 30.2047714, -97.9796069 30.204758, -97.979527 30.2046342, -97.9794012 30.2046949, -97.9794358 30.2047484, -97.9793256 30.2048015, -97.9793637 30.2048605, -97.9793445 30.2048697, -97.9794733 30.2050692, -97.9796335 30.204992))",cutlery,green
restaurant,Pieous,"POLYGON ((-97.9794055 30.2051142, -97.979351 30.2050307, -97.979253 30.2050785, -97.979131 30.2048914, -97.9789923 30.2049589, -97.9790076 30.2049825, -97.9789435 30.2050137, -97.9790574 30.2051884, -97.9790398 30.205197, -97.9790702 30.2052436, -97.979187 30.2051868, -97.9791928 30.2051957, -97.979223 30.2051809, -97.979234 30.2051977, -97.9794055 30.2051142))",cutlery,green
cafe,Starbucks,"POLYGON ((-97.7222811 30.3909728, -97.7223211 30.3908603, -97.7223369 30.3908645, -97.7223472 30.3908356, -97.7223332 30.3908319, -97.7223492 30.390787, -97.7222573 30.3907627, -97.7221955 30.3909366, -97.7221889 30.3909551, -97.722247 30.3909705, -97.7222491 30.3909644, -97.7222811 30.3909728))",coffee,green
place_of_worship,Austin Chinese Church,"POLYGON ((-97.6679662 30.3706766, -97.6678288 30.3706107, -97.6678237 30.370627, -97.6677694 30.3706413, -97.6677768 30.3706624, -97.6676557 30.3706941, -97.6676471 30.3706697, -97.6675971 30.3706828, -97.6674447 30.3706118, -97.6674958 30.3705303, -97.667457 30.3705122, -97.6674911 30.3704578, -97.6675452 30.3703714, -97.6677009 30.3703343, -97.6677794 30.3703719, -97.6678927 30.3704263, -97.6678801 30.3704459, -97.6680594 30.370532, -97.6679662 30.3706766))",institution,orange
library,Austin Public Library - Southeast Branch,"POLYGON ((-97.7417269 30.1875148, -97.7418784 30.1875363, -97.7418717 30.1875721, -97.7418866 30.1875742, -97.7419025 30.1875765, -97.7419204 30.187482, -97.7419442 30.1874854, -97.7419464 30.1874736, -97.7420412 30.187487, -97.7420393 30.187497, -97.7420593 30.1874998, -97.7420485 30.1875568, -97.7421705 30.1875741, -97.7421591 30.1876347, -97.7421732 30.1876367, -97.7421637 30.187687, -97.7421489 30.1876849, -97.7421373 30.1877465, -97.7420636 30.1877361, -97.7420573 30.187769, -97.7420345 30.1877658, -97.7420328 30.187775, -97.7419738 30.1877667, -97.7419752 30.1877593, -97.7419509 30.1877558, -97.7419575 30.1877207, -97.741875 30.187709, -97.7418824 30.1876697, -97.7418687 30.1876678, -97.741854 30.1876657, -97.7418476 30.1876995, -97.7416966 30.1876782, -97.7417048 30.1876348, -97.74169 30.1876328, -97.7417051 30.1875529, -97.7417194 30.1875549, -97.7417269 30.1875148))",book,orange
place_of_worship,Greater Ulit Missionary Baptist Church,"POLYGON ((-97.6731248 30.2864838, -97.6730677 30.2864892, -97.6730723 30.2865261, -97.6729704 30.2865357, -97.6729654 30.2864964, -97.6729047 30.2865021, -97.6728822 30.2863238, -97.6728635 30.2863255, -97.672859 30.2862898, -97.6728772 30.2862881, -97.6728725 30.2862504, -97.6730876 30.2862302, -97.6730924 30.2862682, -97.6731125 30.2862663, -97.6731169 30.286301, -97.673102 30.2863024, -97.6731248 30.2864838))",institution,orange
place_of_worship,Greater Mt. Zion Baptist Church,"POLYGON ((-97.6717726 30.2811304, -97.6717158 30.2809665, -97.6716152 30.2809925, -97.6716064 30.280967, -97.6716315 30.2809605, -97.6716184 30.2809224, -97.6715969 30.2809279, -97.6715889 30.2809046, -97.6716098 30.2808993, -97.671586 30.2808293, -97.6715698 30.2808334, -97.6715596 30.2808031, -97.6715783 30.2807984, -97.67151 30.2805943, -97.671926 30.2804905, -97.6719363 30.2805209, -97.6720585 30.2804904, -97.6720535 30.2804755, -97.6721225 30.2804583, -97.6721415 30.2805151, -97.6721184 30.2805209, -97.6722119 30.2808004, -97.6722473 30.2807915, -97.6722618 30.2808349, -97.6722155 30.2808464, -97.6722784 30.2808742, -97.6723189 30.2809248, -97.6723314 30.2809972, -97.6722937 30.2810611, -97.6722686 30.2810792, -97.6721597 30.2810997, -97.6721387 30.2810937, -97.6721626 30.2811624, -97.672078 30.2811843, -97.6720357 30.2810623, -97.6717726 30.2811304))",institution,orange
restaurant,IHOP,"POLYGON ((-97.9758683 30.2067494, -97.9758183 30.2066769, -97.9758997 30.2066351, -97.9758401 30.2065487, -97.9756375 30.2066529, -97.9757469 30.2068118, -97.9758683 30.2067494))",cutlery,green
place_of_worship,Victory City Church,"POLYGON ((-97.6101495 30.4806521, -97.6102617 30.480455, -97.6103615 30.4804972, -97.6104254 30.4803848, -97.6109498 30.4806065, -97.6108202 30.4808343, -97.6107817 30.480818, -97.6107229 30.4809213, -97.610391 30.4807809, -97.6104032 30.4807594, -97.6101495 30.4806521))",institution,orange
cafe,Dazzle Coffee & Smoothies,"POLYGON ((-97.6470658 30.4958484, -97.6470355 30.4958485, -97.6470254 30.4958485, -97.6470256 30.4958843, -97.6469001 30.4958846, -97.6469 30.4958622, -97.6468741 30.4958622, -97.646823 30.4958624, -97.6468228 30.4958253, -97.6468727 30.4958251, -97.646896 30.4958251, -97.6468958 30.4957717, -97.6470155 30.4957713, -97.6470158 30.4958243, -97.6470356 30.4958242, -97.6470657 30.4958241, -97.6470658 30.4958484))",coffee,green
restaurant,Dos Salsas Tex-Mex,"POLYGON ((-97.7194217 30.3971419, -97.7191992 30.3970857, -97.7193034 30.3967789, -97.7194531 30.3968168, -97.7194615 30.3967919, -97.7195618 30.3968172, -97.7195319 30.3969053, -97.7195045 30.3968983, -97.7194217 30.3971419))",cutlery,green
theatre,Amphitheater,"POLYGON ((-97.8069884 30.4940308, -97.806989 30.4940531, -97.8069913 30.4941396, -97.8069265 30.4941662, -97.8068588 30.4941648, -97.8067979 30.4941371, -97.8067876 30.4940441, -97.8068008 30.4940244, -97.8068387 30.4940179, -97.8069178 30.4940164, -97.8069884 30.4940308))",film,red
cafe,Soup Peddler,"POLYGON ((-97.7520755 30.2769375, -97.7521084 30.2768654, -97.7519222 30.2768019, -97.7518892 30.276874, -97.7520755 30.2769375))",coffee,green
cafe,Summer Moon Coffee,"POLYGON ((-97.672214 30.4149046, -97.672232 30.4147876, -97.6722446 30.4147886, -97.6722646 30.4146693, -97.6720382 30.4146392, -97.672002 30.4148808, -97.672214 30.4149046))",coffee,green
restaurant,Lost Creek Food Park,"POLYGON ((-97.8279115 30.2847854, -97.8281423 30.2848294, -97.8281086 30.2849615, -97.8278778 30.2849177, -97.8279115 30.2847854))",cutlery,green
restaurant,Taquito Aviles,"POLYGON ((-97.6874733 30.3814702, -97.6874089 30.3814416, -97.6874595 30.3813566, -97.6875239 30.3813852, -97.6874733 30.3814702))",cutlery,green
bar,The Continental Club,"POLYGON ((-97.7491274 30.250567, -97.7491417 30.2505278, -97.749156 30.2504886, -97.7489415 30.250434, -97.7489129 30.2505123, -97.7491274 30.250567))",beer,green
restaurant,CAVA,"POLYGON ((-97.8269788 30.290077, -97.8270783 30.2900214, -97.8269951 30.2899059, -97.8268874 30.2899665, -97.8269129 30.2899982, -97.8269464 30.2900368, -97.826953 30.2900435, -97.8269788 30.290077))",cutlery,green
events_venue,Branch Park Pavillion,"POLYGON ((-97.7031749 30.3008708, -97.7031955 30.3008383, -97.703211 30.3008456, -97.7032741 30.3007458, -97.7032606 30.3007394, -97.7033524 30.3005942, -97.7033665 30.3006009, -97.7034597 30.3004536, -97.7034466 30.3004474, -97.7034902 30.3003785, -97.7034061 30.3003388, -97.7033217 30.300299, -97.7029578 30.300874, -97.7029993 30.3008936, -97.7029762 30.3009301, -97.7030609 30.30097, -97.7031354 30.3008522, -97.7031749 30.3008708))",institution,orange
theatre,Bass Concert Hall,"POLYGON ((-97.7315289 30.2859554, -97.7310153 30.2859181, -97.7310289 30.2857781, -97.7310791 30.2857817, -97.7310814 30.2857584, -97.7314939 30.2857884, -97.7314921 30.285807, -97.731543 30.2858106, -97.7315421 30.2858194, -97.73153 30.2859425, -97.7315289 30.2859554))",film,red
place_of_worship,Potter's House Christian Church of Austin,"POLYGON ((-97.7858451 30.4522733, -97.7855705 30.4520644, -97.7857395 30.4518993, -97.7860141 30.4521083, -97.7858451 30.4522733))",institution,orange
restaurant,Hudson's Fine Hill Country Dining,"POLYGON ((-97.9319158 30.3964074, -97.931793 30.3963372, -97.9318107 30.396314, -97.9317695 30.3962905, -97.9317766 30.3962813, -97.9317367 30.3962585, -97.9317942 30.3961838, -97.9317166 30.3961394, -97.9317495 30.3960966, -97.9319701 30.3962227, -97.9319429 30.3962582, -97.932025 30.3963051, -97.9319892 30.3963307, -97.9320023 30.3963444, -97.9319693 30.3963873, -97.9319429 30.3963722, -97.9319158 30.3964074))",cutlery,green
bar,Carousel Lounge,"POLYGON ((-97.7083264 30.3100073, -97.7083689 30.3099397, -97.7080937 30.3098131, -97.7080541 30.3098774, -97.7083264 30.3100073))",beer,green
theatre,Kleberg Stage,"POLYGON ((-97.7588432 30.2641954, -97.7589389 30.2642451, -97.7588482 30.2643794, -97.7588262 30.2643674, -97.7588312 30.2643604, -97.7588212 30.2643554, -97.7587382 30.2644784, -97.7586922 30.2644544, -97.7586562 30.2645084, -97.7585292 30.2644434, -97.7584232 30.2643894, -97.7585772 30.2641614, -97.7587922 30.2642704, -97.7588432 30.2641954))",film,red
restaurant,Manna Korean Restaurant,"POLYGON ((-97.7208586 30.3364768, -97.7210229 30.336554, -97.7210931 30.3364417, -97.7209291 30.336365, -97.7208586 30.3364768))",cutlery,green
cafe,Starbucks,"POLYGON ((-97.8756096 30.0956549, -97.8756104 30.0957532, -97.8754026 30.0957545, -97.8754031 30.095809, -97.8753428 30.0958094, -97.8753415 30.0956565, -97.8756096 30.0956549))",coffee,green
bar,Better Days,"POLYGON ((-97.7367093 30.2681568, -97.7367335 30.2680905, -97.7368999 30.2681357, -97.736876 30.2682014, -97.7367093 30.2681568))",beer,green
restaurant,Hoboken Pie,"POLYGON ((-97.7368692 30.2682696, -97.7368921 30.2682058, -97.736876 30.2682014, -97.7367093 30.2681568, -97.7366863 30.2682206, -97.7368692 30.2682696))",cutlery,green
place_of_worship,Covenant Presbyterian Church,"POLYGON ((-97.7519821 30.3345578, -97.75257 30.3336624, -97.7542331 30.3344417, -97.7538657 30.3350135, -97.7534016 30.3351339, -97.7533318 30.335178, -97.7526172 30.3348027, -97.7519821 30.3345578))",institution,orange
cafe,Simona's Coffee + Cocktails,"POLYGON ((-97.756032 30.2381857, -97.756108 30.2382315, -97.7561795 30.2381427, -97.7561066 30.2380962, -97.756032 30.2381857))",coffee,green
restaurant,Parkside,"POLYGON ((-97.663044 30.202236, -97.6630755 30.2022622, -97.6630957 30.2022957, -97.6631025 30.202333, -97.6630952 30.2023702, -97.6630746 30.2024035, -97.6630428 30.2024294, -97.6630031 30.2024452, -97.6629597 30.2024492, -97.6629152 30.2024405, -97.6628766 30.2024195, -97.6628483 30.2023887, -97.6628334 30.2023514, -97.6628336 30.202312, -97.662849 30.2022749, -97.6628777 30.2022443, -97.6629166 30.2022237, -97.6629612 30.2022154, -97.6630045 30.2022199, -97.663044 30.202236))",cutlery,green
cafe,Caffè Medici,"POLYGON ((-97.6634448 30.2024049, -97.6634443 30.2023656, -97.6632671 30.2023674, -97.6632676 30.2024082, -97.6633121 30.2024077, -97.6633124 30.2024309, -97.6634021 30.20243, -97.6634017 30.2024053, -97.6634448 30.2024049))",coffee,green
restaurant,Salvation Pizza,"POLYGON ((-97.663983 30.2024223, -97.6639812 30.2023595, -97.6640721 30.2023576, -97.6640735 30.2024059, -97.6640294 30.2024069, -97.6640298 30.2024213, -97.663983 30.2024223))",cutlery,green
restaurant,24 Diner,"POLYGON ((-97.6644599 30.2024559, -97.6644593 30.2024315, -97.6643555 30.2024334, -97.6643542 30.2023793, -97.6642701 30.2023809, -97.6642687 30.2023254, -97.6641982 30.2023267, -97.6642015 30.2024606, -97.6644599 30.2024559))",cutlery,green
bar,I Vini,"POLYGON ((-97.6707047 30.2021968, -97.6706994 30.2021979, -97.6704456 30.2021997, -97.6704402 30.2021993, -97.6704359 30.2021959, -97.6704187 30.2021767, -97.6704177 30.2021732, -97.6704211 30.202172, -97.6706761 30.202171, -97.6706816 30.2021718, -97.6706858 30.2021746, -97.6707032 30.2021926, -97.6707047 30.2021968))",beer,green
bar,Rock House Bar and Trailer Park,"POLYGON ((-97.8553346 30.4025482, -97.8552044 30.4027134, -97.85508 30.4026406, -97.855114 30.4025975, -97.8550922 30.4025847, -97.8551435 30.4025196, -97.8551736 30.4025372, -97.8552185 30.4024801, -97.8553346 30.4025482))",beer,green
restaurant,DeSano Pizzeria Napoletana,"POLYGON ((-97.7460117 30.2662426, -97.7459733 30.2663406, -97.7457053 30.2662623, -97.7457086 30.266254, -97.7457438 30.2661642, -97.7460117 30.2662426))",cutlery,green
restaurant,Red Ash,"POLYGON ((-97.7447534 30.2657708, -97.7447967 30.2656547, -97.7446041 30.2656012, -97.7445608 30.2657173, -97.7447534 30.2657708))",cutlery,green
restaurant,Punch Bowl Social,"POLYGON ((-97.7435819 30.2679477, -97.7430989 30.2678105, -97.7431792 30.2675985, -97.743663 30.2677335, -97.7435819 30.2679477))",cutlery,green
cinema,Bob Bullock IMAX,"POLYGON ((-97.7390807 30.2807383, -97.7391241 30.2806142, -97.7391546 30.2805201, -97.7388051 30.2804239, -97.7387509 30.2805807, -97.7387424 30.2805786, -97.7387386 30.2805886, -97.7387195 30.2806394, -97.7390807 30.2807383))",film,red
cafe,Cuatro Gato,"POLYGON ((-97.7452238 30.2662803, -97.7452535 30.2662025, -97.7451177 30.2661637, -97.7450879 30.2662415, -97.7452238 30.2662803))",coffee,green
restaurant,Wax Myrtle's Club & Pool,"POLYGON ((-97.7416325 30.2669266, -97.7411203 30.266785, -97.7409981 30.266751, -97.7409897 30.2667769, -97.7409223 30.2669523, -97.7409105 30.2669829, -97.740732 30.2669333, -97.7408095 30.2667252, -97.7408519 30.2666115, -97.7410301 30.266661, -97.7411539 30.2666955, -97.7416656 30.2668378, -97.7416325 30.2669266))",cutlery,green
restaurant,La Traviata,"POLYGON ((-97.7440764 30.2659132, -97.7440576 30.2659629, -97.7438175 30.2658943, -97.7438362 30.265845, -97.7440764 30.2659132))",cutlery,green
restaurant,La Piscina Ceviches & Fajitas,"POLYGON ((-97.750336 30.2663283, -97.7503486 30.2662933, -97.7502029 30.266254, -97.7501903 30.266289, -97.750336 30.2663283))",cutlery,green
restaurant,Austin's Habibi,"POLYGON ((-97.7529442 30.2695153, -97.7529546 30.2694938, -97.7529073 30.2694768, -97.7528969 30.2694983, -97.7529442 30.2695153))",cutlery,green
restaurant,Super Burrito,"POLYGON ((-97.7527115 30.2695223, -97.752726 30.2694798, -97.7527005 30.2694733, -97.7526861 30.2695158, -97.7527115 30.2695223))",cutlery,green
cinema,Alamo Drafthouse Cinema,"POLYGON ((-97.7637398 30.2560622, -97.7639929 30.2556683, -97.7635622 30.2554618, -97.7632462 30.2559537, -97.7633325 30.255995, -97.763231 30.256153, -97.7632512 30.2561627, -97.7631611 30.2563028, -97.7632264 30.2563341, -97.7632161 30.2563502, -97.7633005 30.2563906, -97.7633143 30.2563692, -97.7633295 30.2563764, -97.7635804 30.2559859, -97.7637398 30.2560622))",film,red
bar,Saxon Pub,"POLYGON ((-97.763676 30.2535029, -97.7636896 30.2535093, -97.7636088 30.2536363, -97.7634518 30.2535617, -97.7635326 30.2534349, -97.763544 30.2534403, -97.763676 30.2535029))",beer,green
restaurant,Odd Duck,"POLYGON ((-97.7621399 30.2546496, -97.762057 30.2547788, -97.7618404 30.2546751, -97.7619233 30.2545459, -97.7621399 30.2546496))",cutlery,green
place_of_worship,Hill Country Bible Church,"POLYGON ((-97.886505 30.3847956, -97.8866076 30.3844091, -97.8860458 30.3843033, -97.8859432 30.3846956, -97.886505 30.3847956))",institution,orange
restaurant,Conscious Cravings,"POLYGON ((-97.7076735 30.2965404, -97.7076429 30.2965443, -97.7076303 30.2964708, -97.707661 30.2964669, -97.7076735 30.2965404))",cutlery,green
restaurant,Veracruz All Natural,"POLYGON ((-97.707725 30.2964374, -97.70772 30.2964144, -97.7076743 30.2964218, -97.7076793 30.2964448, -97.707725 30.2964374))",cutlery,green
restaurant,Comedor,"POLYGON ((-97.7442833 30.267688, -97.7443265 30.2675718, -97.7440007 30.267478, -97.7439561 30.2675977, -97.7442833 30.267688))",cutlery,green
pub,Foxy's Proper Pub,"POLYGON ((-97.742641 30.2642369, -97.7425917 30.2643665, -97.7422967 30.264283, -97.742346 30.2641533, -97.7424631 30.2641868, -97.742641 30.2642369))",beer,green
events_venue,The Eleanor,"POLYGON ((-97.7463396 30.267537, -97.746264 30.2675144, -97.7461392 30.2678462, -97.7462142 30.2678682, -97.7463396 30.267537))",institution,orange
restaurant,LongHorn Steakhouse,"POLYGON ((-97.8167046 30.2322982, -97.8167012 30.2322693, -97.8167094 30.2322686, -97.8167019 30.2322039, -97.8166918 30.2322048, -97.8166888 30.2321788, -97.8166578 30.2321815, -97.8166504 30.232118, -97.8166037 30.2321221, -97.8166029 30.2321153, -97.8165822 30.2321171, -97.8165799 30.2320975, -97.8164086 30.2321125, -97.8164332 30.2323216, -97.8164377 30.2323212, -97.8164385 30.2323285, -97.8165338 30.2323203, -97.8165329 30.232312, -97.8165989 30.2323063, -97.8165997 30.2323135, -97.8166471 30.2323094, -97.8166463 30.2323033, -97.8167046 30.2322982))",cutlery,green
restaurant,Denny's,"POLYGON ((-97.5833654 30.4985528, -97.5831897 30.4984996, -97.5832903 30.4982985, -97.5834525 30.4983494, -97.5833654 30.4985528))",cutlery,green
restaurant,Waffle House,"POLYGON ((-97.6485795 30.3881086, -97.6486146 30.388047, -97.6484057 30.3879583, -97.6483705 30.3880198, -97.6485795 30.3881086))",cutlery,green
place_of_worship,Westminster Presbyterian Church,"POLYGON ((-97.7641322 30.3088157, -97.7643897 30.3083005, -97.7636186 30.3080261, -97.7634617 30.3083862, -97.7631117 30.3082762, -97.7630205 30.3086328, -97.7638412 30.3089651, -97.7641322 30.3088157))",institution,orange
restaurant,Jad Mediterranean Halal Grill,"POLYGON ((-97.7259537 30.2630046, -97.7259717 30.2629628, -97.7259455 30.2629544, -97.7259274 30.2629961, -97.7259537 30.2630046))",cutlery,green
restaurant,Royal Fusion Indochinese,"POLYGON ((-97.7260566 30.2630397, -97.7260797 30.2629905, -97.7260543 30.2629816, -97.7260311 30.2630308, -97.7260566 30.2630397))",cutlery,green
restaurant,Madrasdhaba,"POLYGON ((-97.7260302 30.2630982, -97.7260463 30.2630617, -97.7260217 30.2630536, -97.7260057 30.2630902, -97.7260302 30.2630982))",cutlery,green
restaurant,Ray's Pizzeria,"POLYGON ((-97.5965329 30.4611295, -97.5964775 30.4611196, -97.5964512 30.461214, -97.5965081 30.4612253, -97.5965329 30.4611295))",cutlery,green
restaurant,Hula Hut,"POLYGON ((-97.7845251 30.2946004, -97.784531 30.2945584, -97.7843723 30.2945397, -97.7843282 30.2948176, -97.7844887 30.2948366, -97.7845125 30.2946812, -97.7845251 30.2946004))",cutlery,green
events_venue,Be Our Guest Venue,"POLYGON ((-97.4976942 30.0750399, -97.4977576 30.0749963, -97.4976339 30.0748614, -97.4975704 30.0749049, -97.4976942 30.0750399))",institution,orange
place_of_worship,Liên Hoa Buddhist Temple,"POLYGON ((-97.7481748 30.1446276, -97.746591 30.1439012, -97.7460952 30.1446939, -97.7476704 30.1454322, -97.7481748 30.1446276))",institution,orange
bar,Cedar Street Courtyard,"POLYGON ((-97.7453563 30.2668345, -97.7452674 30.2668097, -97.7451446 30.2671381, -97.7452335 30.2671629, -97.7453563 30.2668345))",beer,green
place_of_worship,Deliverance Temple Worship Center,"POLYGON ((-97.6416488 30.3999577, -97.6415232 30.4001548, -97.6412933 30.4000458, -97.6413566 30.3999466, -97.641419 30.3998486, -97.6416488 30.3999577))",institution,orange
place_of_worship,Beth Shalom,"POLYGON ((-97.7561224 30.3580871, -97.7561224 30.357998, -97.7558273 30.3580026, -97.7558273 30.3578811, -97.7557375 30.3578811, -97.7557173 30.3578036, -97.7556919 30.3578012, -97.755665 30.3577619, -97.7555095 30.3577538, -97.7555175 30.3578093, -97.7555014 30.3578093, -97.7555041 30.3578417, -97.7554813 30.3579123, -97.7554639 30.3579112, -97.7554692 30.3580072, -97.755484 30.3580061, -97.7555028 30.3580581, -97.7555256 30.3580605, -97.7555282 30.3581137, -97.7556999 30.3581096, -97.7557039 30.3581611, -97.7558085 30.3581577, -97.7558065 30.3580975, -97.7561224 30.3580871))",institution,orange
bar,the side bar,"POLYGON ((-97.7364674 30.2674402, -97.7363779 30.2674148, -97.7363084 30.2675971, -97.7363979 30.2676225, -97.7364674 30.2674402))",beer,green
place_of_worship,Santa Cruz Catholic School & Church,"POLYGON ((-97.8306161 30.0886369, -97.8306427 30.0894841, -97.8324663 30.0892249, -97.8328593 30.0888736, -97.832862 30.0885005, -97.8326786 30.0881625, -97.8324493 30.0874398, -97.832351 30.087343, -97.8305788 30.0876799, -97.8306161 30.0886369))",institution,orange
restaurant,Thai Thani,"POLYGON ((-97.719708 30.2838431, -97.7196445 30.2838522, -97.7196388 30.2838298, -97.7197024 30.2838204, -97.719708 30.2838431))",cutlery,green
marketplace,Food Trailer Park,"POLYGON ((-97.6922435 30.1649562, -97.6909936 30.1643208, -97.6914603 30.1636784, -97.6921603 30.1640193, -97.6924285 30.1644251, -97.6922435 30.1649562))",shopping-cart,green
marketplace,812 Outdoor Market,"POLYGON ((-97.6904944 30.1641172, -97.6908669 30.1633747, -97.6907219 30.1633079, -97.6902414 30.163986, -97.6897963 30.1637954, -97.6893828 30.1635933, -97.6889684 30.1633744, -97.6883133 30.1633076, -97.6872152 30.1650747, -97.6880377 30.1652904, -97.6883736 30.1651465, -97.6884739 30.1652453, -97.6885293 30.1652474, -97.6887379 30.1651793, -97.6889877 30.1651351, -97.6891372 30.165147, -97.6897135 30.1653137, -97.6898491 30.1653442, -97.6900967 30.1648433, -97.6902463 30.1644395, -97.6904944 30.1641172))",shopping-cart,green
events_venue,The Concourse Project,"POLYGON ((-97.6868311 30.180309, -97.6862723 30.180701, -97.6861472 30.1805677, -97.6867059 30.1801757, -97.6868311 30.180309))",institution,orange
events_venue,Wild Onion Ranch,"POLYGON ((-97.8121431 30.1262565, -97.8150743 30.126216, -97.8151095 30.1270424, -97.816427 30.1270677, -97.8164424 30.1282466, -97.8184416 30.1282554, -97.8184861 30.1297044, -97.8175865 30.1306492, -97.8147743 30.1306293, -97.8119863 30.1306096, -97.8122435 30.1286715, -97.8125752 30.1275951, -97.8125425 30.1271905, -97.8121431 30.1262565))",institution,orange
pub,Bouldin Acres,"POLYGON ((-97.7050339 30.3914318, -97.7047896 30.3913276, -97.7049147 30.391109, -97.7051592 30.3912131, -97.7050339 30.3914318))",beer,green
place_of_worship,Saint Joseph Catholic Church,"POLYGON ((-97.5664081 30.3556987, -97.5662308 30.3556137, -97.5664396 30.3552891, -97.566617 30.3553742, -97.5664081 30.3556987))",institution,orange
restaurant,Willie's Grill & Icehouse,"POLYGON ((-97.5917313 30.4676002, -97.5915715 30.4675154, -97.5916342 30.4674277, -97.5915306 30.4673727, -97.5916214 30.4672458, -97.5918847 30.4673857, -97.5917313 30.4676002))",cutlery,green
cafe,Dutch Bros. Coffee,"POLYGON ((-97.6467943 30.3854722, -97.6466959 30.3854181, -97.6467768 30.3853086, -97.6467992 30.3853209, -97.6468751 30.3853627, -97.6467943 30.3854722))",coffee,green
place_of_worship,Guru Mandir - Sai Baba Temple,"POLYGON ((-97.6187926 30.2815277, -97.6186281 30.2815377, -97.6186229 30.2815012, -97.6186209 30.2814662, -97.6187879 30.2814547, -97.6187926 30.2815277))",institution,orange
restaurant,Chuck E. Cheese,"POLYGON ((-97.7887924 30.1579079, -97.7886639 30.1581055, -97.7886961 30.1581211, -97.7886816 30.1581435, -97.7891136 30.1583532, -97.7892564 30.1581333, -97.7887924 30.1579079))",cutlery,green
restaurant,Golden Corral,"POLYGON ((-97.775591 30.1842623, -97.7757039 30.1840836, -97.77579 30.1841242, -97.7757763 30.184146, -97.7761519 30.1843233, -97.776091 30.1844197, -97.7761163 30.1844317, -97.7760781 30.1844921, -97.775591 30.1842623))",cutlery,green
restaurant,Irene's,"POLYGON ((-97.7512991 30.269911, -97.7513378 30.269805, -97.7510265 30.2697203, -97.7509878 30.2698263, -97.7512991 30.269911))",cutlery,green
restaurant,Moody's Kitchen and Bar,"POLYGON ((-97.7417106 30.2899727, -97.7417254 30.2898417, -97.7415413 30.2898279, -97.7415257 30.2899572, -97.7417106 30.2899727))",cutlery,green
restaurant,Phở Tháisơn,"POLYGON ((-97.7424722 30.2824609, -97.7424648 30.2825478, -97.7422304 30.2825331, -97.7422378 30.2824466, -97.7424722 30.2824609))",cutlery,green
cafe,CoCo's Cafe,"POLYGON ((-97.7424602 30.282602, -97.7424648 30.2825478, -97.7422304 30.2825331, -97.7422258 30.2825873, -97.7422326 30.2825877, -97.7422691 30.28259, -97.7424066 30.2825986, -97.7424602 30.282602))",coffee,green
restaurant,1914 Poke Bowl,"POLYGON ((-97.7424 30.2826722, -97.742482 30.2826778, -97.7424883 30.2826036, -97.7424602 30.282602, -97.7424066 30.2825986, -97.7424 30.2826722))",cutlery,green
restaurant,China Family,"POLYGON ((-97.742482 30.2826778, -97.7426047 30.2826859, -97.7426107 30.2826103, -97.7424883 30.2826036, -97.742482 30.2826778))",cutlery,green
restaurant,K-Bop,"POLYGON ((-97.742472 30.2828792, -97.7424687 30.2829224, -97.7424218 30.2829199, -97.7424213 30.2829272, -97.7423822 30.2829251, -97.7423827 30.2829183, -97.7422037 30.2829088, -97.7422067 30.282865, -97.742472 30.2828792))",cutlery,green
place_of_worship,CrossLife Church,"POLYGON ((-97.563968 30.4570974, -97.5638693 30.4570524, -97.5637054 30.4569775, -97.5636782 30.4570218, -97.5636046 30.4569882, -97.5635267 30.4569526, -97.563554 30.4569082, -97.5634683 30.4568689, -97.5635891 30.4566729, -97.5636539 30.4567026, -97.5636781 30.4566633, -97.5637695 30.4565152, -97.5638233 30.456428, -97.564032 30.4565236, -97.5639079 30.4567248, -97.563938 30.4567386, -97.56399 30.4567246, -97.5640238 30.4568173, -97.5640058 30.4568222, -97.5639871 30.4568527, -97.5640774 30.4568938, -97.5640132 30.4569987, -97.5639985 30.4570227, -97.5640106 30.4570282, -97.563968 30.4570974))",institution,orange
pub,The Tavern,"POLYGON ((-97.7510345 30.2771323, -97.7510577 30.2771405, -97.751029 30.2772044, -97.7510851 30.2772232, -97.7510922 30.2772074, -97.7511042 30.2772114, -97.7511242 30.2771669, -97.7511158 30.2771641, -97.7511358 30.2771196, -97.751164 30.277129, -97.7512012 30.2770463, -97.7511952 30.2770443, -97.7512181 30.2769933, -97.7511121 30.2769586, -97.7510345 30.2771323))",beer,green
place_of_worship,Primera Iglesia Bautista de Austin,"POLYGON ((-97.7412197 30.2171847, -97.7411414 30.2170672, -97.7411435 30.2169533, -97.7413835 30.2168895, -97.7413706 30.2168533, -97.7417429 30.2167543, -97.7418403 30.2170282, -97.7416259 30.2170852, -97.7416182 30.2170636, -97.7414957 30.217096, -97.7415009 30.2171107, -97.7412197 30.2171847))",institution,orange
cafe,The Hideout Coffee House,"POLYGON ((-97.7423865 30.2686456, -97.7424083 30.2685903, -97.7420367 30.2684879, -97.7419466 30.2684642, -97.7419262 30.2685219, -97.7422994 30.2686227, -97.7423865 30.2686456))",coffee,green
place_of_worship,Church of Christ at East Side,"POLYGON ((-97.6671931 30.2854732, -97.6673086 30.2850585, -97.6672286 30.2850412, -97.6671658 30.2849477, -97.6671867 30.2848668, -97.667178 30.2848648, -97.6668592 30.2847898, -97.6668219 30.2849186, -97.6668392 30.2849226, -97.6667409 30.2851433, -97.6667453 30.2851537, -97.6667192 30.2851675, -97.6667027 30.2852101, -97.6667337 30.2852493, -97.6667791 30.2852618, -97.6668115 30.2852485, -97.6668164 30.2852577, -97.6670764 30.2852873, -97.6670566 30.2854459, -97.6671931 30.2854732))",institution,orange
restaurant,allday,"POLYGON ((-97.7235234 30.2625189, -97.7235667 30.2624217, -97.7235357 30.2624112, -97.7234909 30.2625085, -97.7235234 30.2625189))",cutlery,green
place_of_worship,Pilgrim Rest Primitive Baptist,"POLYGON ((-97.669752 30.2745411, -97.6696263 30.2746691, -97.6694623 30.2745489, -97.6695833 30.2744258, -97.6696287 30.2744591, -97.6696519 30.2744356, -97.6697236 30.2744881, -97.6697052 30.2745068, -97.669752 30.2745411))",institution,orange
place_of_worship,Mision Vida Cristiana,"POLYGON ((-97.673606 30.2721047, -97.6734843 30.2722883, -97.6734284 30.2722606, -97.6733798 30.272334, -97.6732093 30.2722497, -97.6732541 30.2721823, -97.6732352 30.2721729, -97.6732498 30.2721509, -97.673172 30.2721124, -97.6732712 30.2719628, -97.6733469 30.2720002, -97.6733581 30.2719833, -97.6733787 30.2719934, -97.6734264 30.2719214, -97.6736002 30.2720073, -97.6735529 30.2720785, -97.673606 30.2721047))",institution,orange
cafe,Starbucks,"POLYGON ((-97.851699 30.410145, -97.8515676 30.410096, -97.8515607 30.4101035, -97.8514832 30.4100718, -97.8515181 30.4100082, -97.8515318 30.4100138, -97.8515742 30.4099367, -97.8516262 30.4099579, -97.8516323 30.4099469, -97.8516594 30.409958, -97.8516611 30.4099714, -97.8517664 30.4100106, -97.851699 30.410145))",coffee,green
marketplace,Austin Country Flea Market,"POLYGON ((-97.6331097 30.3325051, -97.6319048 30.3344238, -97.6308267 30.3339182, -97.6305604 30.3333463, -97.6303531 30.3330287, -97.6301376 30.3327954, -97.62991 30.3326813, -97.6297006 30.333062, -97.6296884 30.3331971, -97.6297087 30.3338568, -97.6294323 30.3341674, -97.6277808 30.3333325, -97.6293733 30.3309403, -97.6309377 30.3308314, -97.6309611 30.3314078, -97.6331097 30.3325051))",shopping-cart,green
restaurant,Cooper's Old Time Pit Bar-B-Que,"POLYGON ((-97.743727 30.2650345, -97.7437349 30.2650123, -97.7437659 30.2649246, -97.7437741 30.2649013, -97.7435315 30.2648374, -97.7434844 30.2649705, -97.743727 30.2650345))",cutlery,green
bar,Little Woodrow's,"POLYGON ((-97.7479471 30.2698232, -97.7481153 30.2698695, -97.7481303 30.2698291, -97.7481353 30.2698156, -97.7481486 30.2697794, -97.7481347 30.2697757, -97.7480942 30.2697647, -97.748051 30.2697526, -97.7480408 30.2697498, -97.7479808 30.269733, -97.7479471 30.2698232))",beer,green
bar,Devil May Care,"POLYGON ((-97.747554 30.2696501, -97.7475794 30.2696573, -97.74761 30.2695765, -97.7475797 30.2695679, -97.7475494 30.2695594, -97.7475261 30.2696212, -97.7475611 30.269631, -97.747554 30.2696501))",beer,green
bar,Pop,"POLYGON ((-97.7492382 30.2703467, -97.74915 30.2703212, -97.7492764 30.269995, -97.7492877 30.2699982, -97.7493645 30.2700204, -97.7493372 30.2700911, -97.7492382 30.2703467))",beer,green
bar,Play on West 6th,"POLYGON ((-97.7492764 30.269995, -97.7492646 30.2699915, -97.7491872 30.2699685, -97.74918 30.2699867, -97.7491343 30.2701029, -97.7490617 30.2702958, -97.74915 30.2703212, -97.7492764 30.269995))",beer,green
restaurant,P. Thai's Khao Man Gai & Noodles,"POLYGON ((-97.7154518 30.3086983, -97.7154435 30.3088094, -97.7151919 30.3087953, -97.7152004 30.3086826, -97.7152905 30.3086876, -97.7152911 30.3086785, -97.7154148 30.3086854, -97.7154139 30.3086962, -97.7154518 30.3086983))",cutlery,green
cafe,The Human Bean,"POLYGON ((-97.6283398 30.4437445, -97.6283155 30.4437836, -97.628309 30.4437806, -97.6282876 30.443815, -97.6282912 30.4438167, -97.6282701 30.4438508, -97.6282201 30.4438276, -97.628287 30.4437201, -97.6283398 30.4437445))",coffee,green
pub,The Stay Put,"POLYGON ((-97.738756 30.2583422, -97.7385803 30.2582878, -97.7386058 30.2582113, -97.738788 30.2582596, -97.738756 30.2583422))",beer,green
place_of_worship,Northwest Hills United Methodist Church,"POLYGON ((-97.7555002 30.3538677, -97.755809 30.3533907, -97.7558845 30.3532741, -97.7559989 30.3530973, -97.7560349 30.3531147, -97.7565509 30.3533634, -97.7570569 30.3536073, -97.7571697 30.3536617, -97.7571564 30.3536822, -97.7573776 30.3537888, -97.7571983 30.3540658, -97.7570954 30.3542248, -97.7570015 30.3543699, -97.7569062 30.354517, -97.7568922 30.3545387, -97.7555002 30.3538677))",institution,orange
place_of_worship,Saint Theresa Catholic Church,"POLYGON ((-97.7759325 30.344185, -97.7757831 30.3442483, -97.7757414 30.344266, -97.775445 30.344343, -97.7751057 30.3444257, -97.7749414 30.3444593, -97.774891 30.3444704, -97.7745122 30.3445542, -97.7741897 30.3445884, -97.774012 30.3445983, -97.773967 30.3439223, -97.7739091 30.3425733, -97.7738573 30.3413663, -97.7755764 30.341351, -97.7755778 30.3418303, -97.7756488 30.3423951, -97.775674 30.3434512, -97.7756911 30.3436185, -97.7757145 30.343715, -97.7757186 30.3437319, -97.7757816 30.3438766, -97.7758184 30.3439334, -97.775842 30.3439697, -97.7759171 30.3440762, -97.7759513 30.3441306, -97.7759513 30.3441596, -97.7759325 30.344185))",institution,orange
theatre,ZACH Theatre,"POLYGON ((-97.7573589 30.2644431, -97.7573843 30.2644918, -97.7576311 30.264596, -97.7577592 30.2646858, -97.757792 30.2647177, -97.7579134 30.2648578, -97.7581126 30.2650153, -97.7581796 30.2650501, -97.7584012 30.2646841, -97.7584971 30.2645514, -97.7585844 30.2645939, -97.7586208 30.2646096, -97.7586594 30.2646121, -97.7586957 30.2646031, -97.7587214 30.2645913, -97.758749 30.2645708, -97.7587923 30.2645158, -97.7590612 30.2641175, -97.7592458 30.2637991, -97.7590849 30.2637221, -97.7589507 30.263619, -97.7588763 30.2635425, -97.7585701 30.2633905, -97.7582013 30.264001, -97.7576377 30.2637309, -97.7573387 30.2643794, -97.7573589 30.2644431))",film,red
bar,Victory Lap,"POLYGON ((-97.7426358 30.2880759, -97.7426606 30.2878399, -97.7427263 30.2878448, -97.7427381 30.2878481, -97.7427468 30.2878545, -97.7427528 30.2878632, -97.7427545 30.2878721, -97.7427346 30.2880725, -97.7427145 30.288071, -97.7427133 30.2880816, -97.7426358 30.2880759))",beer,green
theatre,Centennial Plaza Amphitheater,"POLYGON ((-97.6814591 30.5058196, -97.6814093 30.5056872, -97.6812196 30.5056111, -97.6810781 30.5055949, -97.6810757 30.505726, -97.6811117 30.505838, -97.6811771 30.5059161, -97.6813962 30.5058563, -97.6813872 30.5058401, -97.6814591 30.5058196))",film,red
restaurant,Thai Kitchen,"POLYGON ((-97.74174 30.2967085, -97.7417499 30.2967131, -97.7416853 30.2968173, -97.7416008 30.2967783, -97.7416193 30.2967484, -97.741523 30.2967039, -97.7415692 30.2966295, -97.74174 30.2967085))",cutlery,green
library,Cedar Park Public Library,"POLYGON ((-97.8233717 30.5052016, -97.8232625 30.5049857, -97.8229418 30.5051683, -97.8228821 30.5050893, -97.8228894 30.505088, -97.8228648 30.5049751, -97.8228983 30.5049697, -97.8228753 30.5048704, -97.8228434 30.5048767, -97.8228408 30.5048673, -97.8228289 30.5048696, -97.822816 30.5048161, -97.8228928 30.5048018, -97.822866 30.5047018, -97.8228402 30.5047087, -97.822838 30.5046995, -97.8227811 30.5046893, -97.8226597 30.5047092, -97.8226608 30.5047148, -97.8225931 30.5047564, -97.822613 30.5048369, -97.8225834 30.5048411, -97.8226146 30.5049762, -97.8225625 30.5049823, -97.8226012 30.5051507, -97.8226527 30.505141, -97.8227215 30.505234, -97.8226404 30.5052812, -97.8226769 30.5053275, -97.8227091 30.5053109, -97.822714 30.505315, -97.8227059 30.5053183, -97.8228187 30.5054747, -97.8229616 30.5054349, -97.8229498 30.5054067, -97.8229659 30.5053979, -97.8229815 30.5054154, -97.8232104 30.5052872, -97.8232146 30.5052938, -97.8233717 30.5052016))",book,orange
restaurant,Via 313,"POLYGON ((-97.7484925 30.2701377, -97.7484894 30.2701462, -97.7484074 30.2701234, -97.7484276 30.2700691, -97.7485096 30.2700919, -97.7484925 30.2701377))",cutlery,green
restaurant,Típicos Hondureños,"POLYGON ((-97.7437246 30.1974138, -97.7437379 30.1973938, -97.7436909 30.1973704, -97.7436776 30.1973904, -97.7437246 30.1974138))",cutlery,green
restaurant,Komé,"POLYGON ((-97.7145757 30.3141313, -97.7146392 30.3139881, -97.7144653 30.3139092, -97.7143769 30.314049, -97.7145757 30.3141313))",cutlery,green
theatre,Skyline Park Amphitheater,"POLYGON ((-97.7158794 30.1519256, -97.7159006 30.1517655, -97.7157205 30.1517477, -97.7156993 30.1519078, -97.7158794 30.1519256))",film,red
restaurant,Flores Mexican Restaurant,"POLYGON ((-97.8428999 30.2232028, -97.8429642 30.2229681, -97.8428227 30.22294, -97.842803 30.2230133, -97.842636 30.2229818, -97.8425988 30.2231072, -97.8427909 30.2231478, -97.8427818 30.2231802, -97.8428999 30.2232028))",cutlery,green
place_of_worship,Oak Hill United Methodist Church,"POLYGON ((-97.8856745 30.2274519, -97.8854038 30.2273285, -97.8854418 30.2272673, -97.8854238 30.2272593, -97.8854558 30.2272033, -97.8854778 30.2272123, -97.8855128 30.2271513, -97.8857158 30.2272383, -97.8857228 30.2272253, -97.8858568 30.2272833, -97.8857421 30.2274752, -97.8856745 30.2274519))",institution,orange
restaurant,J Carver’s Oyster Bar & Chophouse,"POLYGON ((-97.7495125 30.269626, -97.7495706 30.2694733, -97.7493715 30.2694151, -97.7493112 30.269569, -97.7495125 30.269626))",cutlery,green
place_of_worship,Hyde Park Christian Church,"POLYGON ((-97.7219072 30.3068561, -97.721944 30.306796, -97.721954 30.3068, -97.722047 30.30665, -97.722027 30.306641, -97.7220675 30.3065757, -97.722099 30.306525, -97.7225814 30.3067535, -97.722706 30.3068105, -97.722769 30.30684, -97.722719 30.30688, -97.72267 30.306857, -97.72266 30.306872, -97.722653 30.306869, -97.722508 30.307104, -97.722466 30.307084, -97.722417 30.307164, -97.721874 30.30691, -97.721892 30.306881, -97.7219072 30.3068561), (-97.722216 30.306731, -97.722126 30.306878, -97.722359 30.306986, -97.722449 30.306839, -97.722216 30.306731))",institution,orange
place_of_worship,First Presbyterian Church,"POLYGON ((-97.757829 30.369166, -97.757856 30.369122, -97.758112 30.369243, -97.758039 30.369359, -97.758197 30.369434, -97.758088 30.369606, -97.757927 30.369529, -97.757855 30.369643, -97.757744 30.36959, -97.757737 30.369587, -97.757796 30.369492, -97.757568 30.369384, -97.757582 30.369361, -97.757496 30.36932, -97.757634 30.369101, -97.7576467 30.3690794, -97.757829 30.369166), (-97.757923 30.369304, -97.75777 30.36923, -97.757664 30.369393, -97.757818 30.369469, -97.757827 30.369455, -97.757923 30.369304))",institution,orange
place_of_worship,Genesis Presbyterian Church,"POLYGON ((-97.710506 30.295578, -97.710633 30.295639, -97.710597 30.295695, -97.710775 30.29578, -97.710744 30.295828, -97.710997 30.29595, -97.711007 30.295934, -97.710977 30.29592, -97.71105 30.295806, -97.711056 30.295809, -97.711069 30.295788, -97.711115 30.29581, -97.711102 30.29583, -97.711231 30.295892, -97.711239 30.295879, -97.71135 30.295933, -97.711307 30.296, -97.711289 30.295991, -97.711244 30.29606, -97.711182 30.29603, -97.711179 30.296036, -97.711201 30.296047, -97.711153 30.296122, -97.711016 30.296056, -97.711026 30.296041, -97.710597 30.295835, -97.710566 30.295885, -97.710539 30.295872, -97.71057 30.295822, -97.710528 30.295802, -97.710495 30.295854, -97.710369 30.295793, -97.710506 30.295578), (-97.710687 30.2958, -97.710715 30.295814, -97.710731 30.295789, -97.710703 30.295775, -97.710687 30.2958))",institution,orange
place_of_worship,Saint Louis Catholic Church,"POLYGON ((-97.732073 30.3526689, -97.7321351 30.3525721, -97.7321747 30.352591, -97.7321757 30.352575, -97.7322514 30.3525585, -97.7322697 30.352621, -97.7322517 30.35263, -97.7322814 30.3526446, -97.7322285 30.3527243, -97.7324068 30.3528123, -97.732415 30.3527999, -97.7324643 30.3528243, -97.7324399 30.3528611, -97.7324542 30.3528682, -97.7324424 30.352886, -97.7324667 30.352898, -97.7324727 30.352911, -97.7324747 30.352931, -97.7324657 30.352947, -97.7324507 30.352957, -97.7324327 30.352963, -97.7324157 30.352963, -97.7323889 30.3529502, -97.7323653 30.3529871, -97.7321337 30.3528769, -97.732032 30.3530359, -97.7319974 30.3530901, -97.7318751 30.3530319, -97.7319117 30.3529746, -97.7319591 30.3529001, -97.7319339 30.3528882, -97.7319906 30.3527991, -97.7317571 30.3526884, -97.7317426 30.3527112, -97.7317087 30.3526951, -97.7317021 30.3527054, -97.7316034 30.3526585, -97.7316224 30.3526286, -97.7315695 30.3526035, -97.7316352 30.3525006, -97.7316625 30.3524578, -97.7317319 30.3524908, -97.7317805 30.3524147, -97.7318169 30.352432, -97.7318497 30.3524475, -97.7318157 30.3525008, -97.7318477 30.352516, -97.7318253 30.3525511, -97.732073 30.3526689))",institution,orange
place_of_worship,Tarrytown United Methodist Church,"POLYGON ((-97.764998 30.300948, -97.765005 30.300936, -97.764974 30.30092, -97.764966 30.300932, -97.764692 30.300797, -97.764722 30.300751, -97.764702 30.300741, -97.76473 30.300699, -97.764754 30.30071, -97.764781 30.300669, -97.764905 30.300731, -97.764991 30.300599, -97.765091 30.300648, -97.765104 30.300627, -97.764937 30.300544, -97.764927 30.300558, -97.764875 30.300532, -97.764895 30.3005, -97.764884 30.300495, -97.764824 30.300587, -97.764749 30.30055, -97.764933 30.300268, -97.765086 30.300344, -97.76508 30.300352, -97.76519 30.300407, -97.765236 30.300336, -97.765176 30.300306, -97.76526 30.300178, -97.765326 30.300211, -97.765319 30.300223, -97.76557 30.300346, -97.765504 30.300447, -97.765332 30.300362, -97.765205 30.300556, -97.765238 30.300572, -97.765187 30.300649, -97.765152 30.300632, -97.765003 30.300859, -97.765013 30.300864, -97.765004 30.300877, -97.765029 30.30089, -97.765053 30.300854, -97.765043 30.300849, -97.765059 30.300825, -97.76507 30.30083, -97.765101 30.300782, -97.765194 30.300828, -97.765206 30.30081, -97.765272 30.300843, -97.76526 30.300862, -97.765348 30.300905, -97.765241 30.301068, -97.765217 30.301056, -97.764998 30.300948), (-97.764985 30.300329, -97.764922 30.30043, -97.764931 30.300434, -97.76495 30.300402, -97.764994 30.300423, -97.765038 30.300354, -97.764985 30.300329))",institution,orange
place_of_worship,Anderson Mill Baptist Church,"POLYGON ((-97.803576 30.456591, -97.803686 30.456547, -97.803628 30.456414, -97.803495 30.456435, -97.80346 30.456263, -97.803452 30.456264, -97.803455 30.456281, -97.803361 30.456296, -97.803301 30.455997, -97.803806 30.45592, -97.803826 30.456018, -97.80393 30.456002, -97.803944 30.456075, -97.804177 30.456127, -97.804204 30.456202, -97.804303 30.456224, -97.804334 30.45631, -97.804269 30.456375, -97.804275 30.456401, -97.804104 30.456565, -97.804023 30.456592, -97.804024 30.456596, -97.80403 30.456595, -97.80403 30.456598, -97.803857 30.456665, -97.803879 30.456709, -97.803815 30.456733, -97.803791 30.456691, -97.803655 30.456744, -97.803654 30.456742, -97.803576 30.456591), (-97.803899 30.456373, -97.803669 30.456408, -97.803722 30.456533, -97.803724 30.456532, -97.803729 30.45654, -97.803767 30.45653, -97.803765 30.456517, -97.803937 30.456449, -97.803933 30.456441, -97.803899 30.456373))",institution,orange
place_of_worship,Mount Olive Baptist Church,"POLYGON ((-97.720603 30.266251, -97.720679 30.266261, -97.720745 30.266299, -97.720762 30.266306, -97.720761 30.266309, -97.721004 30.266397, -97.721015 30.266374, -97.721058 30.26639, -97.72107 30.266365, -97.721127 30.266386, -97.721117 30.266408, -97.721149 30.26642, -97.721145 30.266428, -97.721168 30.266437, -97.72115 30.266475, -97.721126 30.266467, -97.72108 30.266563, -97.721166 30.266595, -97.721123 30.266685, -97.720913 30.266608, -97.720922 30.26659, -97.720885 30.266577, -97.72089 30.266567, -97.720781 30.266528, -97.720712 30.266672, -97.720824 30.266712, -97.720793 30.266776, -97.720559 30.266691, -97.720557 30.266696, -97.720414 30.266644, -97.720418 30.266636, -97.720603 30.266251), (-97.720905 30.266541, -97.720933 30.266551, -97.720994 30.266425, -97.720774 30.266345, -97.720733 30.26643, -97.720925 30.2665, -97.720905 30.266541))",institution,orange
place_of_worship,Memorial United Methodist Church,"POLYGON ((-97.692233 30.316119, -97.692162 30.316085, -97.692279 30.315907, -97.692271 30.315903, -97.692307 30.315846, -97.692139 30.315764, -97.692111 30.315807, -97.692034 30.315769, -97.69206 30.315729, -97.692049 30.315723, -97.692064 30.315699, -97.692055 30.315694, -97.692088 30.315645, -97.692094 30.315648, -97.692111 30.315622, -97.692122 30.315628, -97.692189 30.315525, -97.692267 30.315563, -97.6922 30.315666, -97.692383 30.315756, -97.692442 30.315666, -97.69276 30.315821, -97.692716 30.315889, -97.69291 30.315984, -97.692931 30.315951, -97.693126 30.316047, -97.693096 30.316094, -97.693103 30.316098, -97.693089 30.31612, -97.693113 30.316133, -97.693033 30.316256, -97.693 30.31624, -97.692951 30.316315, -97.692757 30.316219, -97.692779 30.316186, -97.692645 30.31612, -97.692598 30.316193, -97.692285 30.316039, -97.69227 30.316061, -97.692233 30.316119), (-97.692546 30.315965, -97.692514 30.315949, -97.692536 30.315914, -97.692567 30.315929, -97.692602 30.315875, -97.692539 30.315844, -97.692444 30.315992, -97.692509 30.316023, -97.692546 30.315965))",institution,orange
place_of_worship,Church of Conscious Harmony,"POLYGON ((-97.844121 30.307476, -97.844181 30.307455, -97.84416 30.307352, -97.844082 30.3073, -97.844204 30.307159, -97.844253 30.30719, -97.844277 30.30716, -97.844218 30.307143, -97.844271 30.306997, -97.844325 30.307011, -97.844361 30.306912, -97.844562 30.306968, -97.844469 30.307223, -97.844436 30.307214, -97.844411 30.307257, -97.844441 30.307276, -97.844294 30.307439, -97.844218 30.307394, -97.844229 30.307449, -97.844297 30.307439, -97.8444 30.307557, -97.84437 30.307663, -97.8443 30.30771, -97.844241 30.307719, -97.844164 30.307699, -97.844085 30.30761, -97.844096 30.307568, -97.844121 30.307476), (-97.844307 30.307183, -97.844202 30.307301, -97.844256 30.307339, -97.84436 30.307217, -97.844409 30.307091, -97.844346 30.307074, -97.844307 30.307183))",institution,orange
place_of_worship,Hillcrest Baptist Church,"POLYGON ((-97.749981 30.373971, -97.750012 30.373939, -97.749685 30.373962, -97.749689 30.374005, -97.749635 30.374008, -97.749631 30.373964, -97.74958 30.373968, -97.74955 30.37364, -97.749536 30.373641, -97.749544 30.373523, -97.749578 30.373456, -97.749537 30.373427, -97.749564 30.373399, -97.749526 30.373373, -97.749584 30.373311, -97.749621 30.373337, -97.749645 30.373312, -97.749687 30.373343, -97.749756 30.373304, -97.749892 30.37328, -97.749892 30.373291, -97.750264 30.373266, -97.750268 30.373311, -97.750327 30.373307, -97.750331 30.373352, -97.750292 30.373355, -97.750296 30.373402, -97.75028 30.373403, -97.750303 30.373662, -97.750244 30.373666, -97.750216 30.373701, -97.75046 30.373879, -97.750312 30.374027, -97.750285 30.374008, -97.75018 30.374118, -97.750069 30.374036, -97.749981 30.373971), (-97.749905 30.373429, -97.749915 30.373527, -97.749938 30.373526, -97.749948 30.37363, -97.749827 30.373639, -97.749825 30.37362, -97.749652 30.373632, -97.749664 30.373767, -97.749956 30.373747, -97.750081 30.373625, -97.750057 30.373416, -97.750049 30.373417, -97.749905 30.373429))",institution,orange
place_of_worship,Manchaca United Methodist Church,"POLYGON ((-97.8320801 30.1401496, -97.8321001 30.1400146, -97.8320961 30.1400136, -97.8321111 30.1399116, -97.8321201 30.1399126, -97.8321311 30.1398396, -97.8321601 30.1398426, -97.8321791 30.1397136, -97.8323701 30.1397366, -97.8323701 30.1397326, -97.8321991 30.1397126, -97.8322051 30.1396696, -97.8321761 30.1396666, -97.8321821 30.1396296, -97.8322131 30.1396326, -97.8322191 30.1395906, -97.8322831 30.1395976, -97.8322921 30.1395396, -97.8324071 30.1395516, -97.8323991 30.1396106, -97.8324701 30.1396186, -97.8324521 30.1397376, -97.8324221 30.1397346, -97.8324211 30.1397426, -97.8324891 30.1397506, -97.8325141 30.1395886, -97.8324651 30.1395226, -97.8324751 30.1394576, -97.8324401 30.1394556, -97.8324671 30.1392756, -97.8328111 30.1393146, -97.8327771 30.1395466, -97.8327331 30.1395416, -97.8327301 30.1395636, -97.8327861 30.1395696, -97.8327881 30.1395586, -97.8328921 30.1395706, -97.8328801 30.1396456, -97.8327911 30.1396356, -97.8327931 30.1396226, -97.8327221 30.1396146, -97.8327201 30.1396276, -97.8327821 30.1396346, -97.8327371 30.1399436, -97.8327851 30.1399486, -97.8327751 30.1400146, -97.8327181 30.1400086, -97.8327131 30.1400476, -97.8327321 30.1400496, -97.8327301 30.1400676, -97.8325161 30.1400456, -97.8325201 30.1400206, -97.8324761 30.1400156, -97.8324481 30.1402046, -97.8323861 30.1401976, -97.8323831 30.1402176, -97.8323661 30.1402236, -97.8323631 30.1402406, -97.8323061 30.1402556, -97.8323031 30.1402726, -97.8322131 30.1402626, -97.8322151 30.1402456, -97.8321471 30.1402136, -97.8321491 30.1401976, -97.8321331 30.1401876, -97.8321361 30.1401646, -97.8321181 30.1401626, -97.8321201 30.1401536, -97.8321131 30.1401526, -97.8320801 30.1401496), (-97.8325661 30.1398896, -97.8326021 30.1396406, -97.8326331 30.1396446, -97.8326361 30.1396216, -97.8326551 30.1396236, -97.8326581 30.1396016, -97.8326141 30.1395976, -97.8325761 30.1396206, -97.8325491 30.1398046, -97.8324581 30.1397946, -97.8324461 30.1398766, -97.8325661 30.1398896))",institution,orange
place_of_worship,Christ Science Church,"POLYGON ((-97.7432147 30.2766286, -97.7432063 30.2766527, -97.7431557 30.2766403, -97.7431355 30.2766878, -97.74309 30.2766761, -97.7430825 30.2767016, -97.743045 30.2766914, -97.7430258 30.2767323, -97.7428866 30.2766938, -97.7429592 30.2765021, -97.7429509 30.2765001, -97.7429928 30.2763813, -97.7432127 30.2764459, -97.743236 30.2764525, -97.7432419 30.2764371, -97.7433658 30.2764724, -97.7433599 30.276488, -97.7433797 30.2764937, -97.7433172 30.2766569, -97.7432147 30.2766286), (-97.7431298 30.2764966, -97.7430159 30.2764618, -97.7429966 30.2765089, -97.7431105 30.2765437, -97.7431298 30.2764966))",institution,orange
